region,ym,sensor,estimated_detections,frp_mw_total,mean_frp_mw,high_confidence,night_detections,sampled_points,sampled_days
amazon,2000-11,MODIS-Terra,1500,43253,28.8,315,195,100,2
amazon,2000-12,MODIS-Terra,3302,126906,38.4,1101,1256,213,2
amazon,2001-01,MODIS-Terra,62,1243,20.1,0,0,4,2
amazon,2001-02,MODIS-Terra,364,6355,17.5,14,56,26,2
amazon,2001-03,MODIS-Terra,217,3475,16.0,0,62,14,2
amazon,2001-04,MODIS-Terra,315,4887,15.5,75,45,21,2
amazon,2001-05,MODIS-Terra,853,17535,20.6,62,0,55,2
amazon,2001-06,MODIS-Terra,870,33270,38.2,285,390,58,2
amazon,2001-07,MODIS-Terra,3999,182711,45.7,1101,1178,258,2
amazon,2001-08,MODIS-Terra,25451,927780,36.5,6898,8556,1642,2
amazon,2001-09,MODIS-Terra,16125,522588,32.4,4875,2850,1075,2
amazon,2001-10,MODIS-Terra,14524,485956,33.5,3798,6293,937,2
amazon,2001-11,MODIS-Terra,5055,122070,24.1,990,3060,337,2
amazon,2001-12,MODIS-Terra,2403,71722,29.9,558,1798,155,2
amazon,2002-01,MODIS-Terra,140,1646,11.8,0,0,9,2
amazon,2002-02,MODIS-Terra,364,3315,9.1,56,238,26,2
amazon,2002-03,MODIS-Terra,186,7104,38.2,31,62,12,2
amazon,2002-04,MODIS-Terra,420,11040,26.3,45,120,28,2
amazon,2002-05,MODIS-Terra,868,18558,21.4,326,651,56,2
amazon,2002-06,MODIS-Terra,1710,58728,34.3,450,210,114,2
amazon,2002-07,MODIS-Terra,4976,121591,24.4,1194,1938,321,2
amazon,2002-08,MODIS-Terra,26800,999828,37.3,8696,4077,1729,2
amazon,2002-09,MODIS-Terra,20280,511814,25.2,6165,11895,1352,2
amazon,2002-10,MODIS-Terra,6076,234056,38.5,1318,3286,392,2
amazon,2002-11,MODIS-Terra,11205,264272,23.6,2910,5865,747,2
amazon,2002-12,MODIS-Terra,4759,98217,20.6,1612,3798,307,2
amazon,2003-01,MODIS-Terra,357,8100,22.7,93,341,23,2
amazon,2003-02,MODIS-Terra,252,15194,60.3,112,224,18,2
amazon,2003-03,MODIS-Terra,682,10813,15.9,171,481,44,2
amazon,2003-04,MODIS-Terra,330,6684,20.3,15,75,22,2
amazon,2003-05,MODIS-Terra,1566,42554,27.2,264,574,101,2
amazon,2003-06,MODIS-Terra,3030,100741,33.2,525,405,202,2
amazon,2003-07,MODIS-Terra,7053,236315,33.5,1783,1287,455,2
amazon,2003-08,MODIS-Terra,22909,690412,30.1,6650,11641,1478,2
amazon,2003-09,MODIS-Terra,31860,1062084,33.3,8100,9345,2124,2
amazon,2003-10,MODIS-Terra,9672,160775,16.6,1736,5100,624,2
amazon,2003-11,MODIS-Terra,4515,127752,28.3,675,1365,301,2
amazon,2003-12,MODIS-Terra,3193,87711,27.5,806,760,206,2
amazon,2004-01,MODIS-Terra,1023,15671,15.3,109,450,66,2
amazon,2004-02,MODIS-Terra,160,4193,26.3,44,145,11,2
amazon,2004-03,MODIS-Terra,496,4487,9.0,78,450,32,2
amazon,2004-04,MODIS-Terra,285,3271,11.5,0,45,19,2
amazon,2004-05,MODIS-Terra,3286,90639,27.6,1178,2387,212,2
amazon,2004-06,MODIS-Terra,7485,226859,30.3,1845,915,499,2
amazon,2004-07,MODIS-Terra,10370,440067,42.4,2697,1953,669,2
amazon,2004-08,MODIS-Terra,41928,1829291,43.6,17655,26738,2705,2
amazon,2004-09,MODIS-Terra,56700,1965480,34.7,15450,23655,3780,2
amazon,2004-10,MODIS-Terra,14539,485099,33.4,4294,7967,938,2
amazon,2004-11,MODIS-Terra,12900,424928,32.9,3780,4650,860,2
amazon,2004-12,MODIS-Terra,7859,141118,18.0,1349,2294,507,2
amazon,2005-01,MODIS-Terra,1674,42972,25.7,341,1008,108,2
amazon,2005-02,MODIS-Terra,1008,11390,11.3,0,84,72,2
amazon,2005-03,MODIS-Terra,62,429,6.9,0,62,4,2
amazon,2005-04,MODIS-Terra,570,7125,12.5,0,0,38,2
amazon,2005-05,MODIS-Terra,1132,22802,20.2,171,31,73,2
amazon,2005-06,MODIS-Terra,3210,182719,56.9,1200,1785,214,2
amazon,2005-07,MODIS-Terra,6774,185270,27.4,1488,1752,437,2
amazon,2005-08,MODIS-Terra,56436,2495204,44.2,19856,29931,3641,2
amazon,2005-09,MODIS-Terra,43005,1486594,34.6,13860,17190,2867,2
amazon,2005-10,MODIS-Terra,19809,658597,33.2,6836,7487,1278,2
amazon,2005-11,MODIS-Terra,3015,104458,34.6,765,1950,201,2
amazon,2005-12,MODIS-Terra,202,3536,17.5,0,0,13,2
amazon,2006-01,MODIS-Terra,527,14737,28.0,16,93,34,2
amazon,2006-02,MODIS-Terra,280,4320,15.4,14,0,20,2
amazon,2006-03,MODIS-Terra,233,2224,9.6,0,0,15,2
amazon,2006-04,MODIS-Terra,90,1127,12.5,15,15,6,2
amazon,2006-05,MODIS-Terra,93,1319,14.2,31,47,6,2
amazon,2006-06,MODIS-Terra,1365,28212,20.7,150,480,91,2
amazon,2006-07,MODIS-Terra,3038,332253,109.4,760,946,196,2
amazon,2006-08,MODIS-Terra,25591,1037395,40.5,8277,9145,1651,2
amazon,2006-09,MODIS-Terra,37455,1603115,42.8,12780,12570,2497,2
amazon,2006-10,MODIS-Terra,5906,215786,36.5,1349,1783,381,2
amazon,2006-11,MODIS-Terra,11160,190549,17.1,3030,7815,744,2
amazon,2006-12,MODIS-Terra,3658,62398,17.1,1163,3317,236,2
amazon,2007-01,MODIS-Terra,1085,21508,19.8,140,202,70,2
amazon,2007-02,MODIS-Terra,840,16464,19.6,98,406,60,2
amazon,2007-03,MODIS-Terra,248,7299,29.4,31,47,16,2
amazon,2007-04,MODIS-Terra,90,1062,11.8,30,90,6,2
amazon,2007-05,MODIS-Terra,589,14234,24.2,62,186,38,2
amazon,2007-06,MODIS-Terra,3090,72435,23.4,690,525,206,2
amazon,2007-07,MODIS-Terra,4604,197844,43.0,1225,1581,297,2
amazon,2007-08,MODIS-Terra,24025,1021239,42.5,7642,9223,1550,2
amazon,2007-09,MODIS-Terra,66780,2451190,36.7,23400,38220,4452,2
amazon,2007-10,MODIS-Terra,11966,316109,26.4,2372,5177,772,2
amazon,2007-11,MODIS-Terra,9120,293480,32.2,2805,4680,608,2
amazon,2007-12,MODIS-Terra,2108,26959,12.8,589,1535,136,2
amazon,2008-01,MODIS-Terra,78,873,11.3,16,62,5,2
amazon,2008-02,MODIS-Terra,261,2929,11.2,15,174,18,2
amazon,2008-03,MODIS-Terra,341,4033,11.8,16,0,22,2
amazon,2008-04,MODIS-Terra,540,10518,19.5,60,45,36,2
amazon,2008-05,MODIS-Terra,124,2433,19.6,47,78,8,2
amazon,2008-06,MODIS-Terra,1410,44344,31.4,180,210,94,2
amazon,2008-07,MODIS-Terra,3317,95585,28.8,822,1225,214,2
amazon,2008-08,MODIS-Terra,14338,493230,34.4,4883,4867,925,2
amazon,2008-09,MODIS-Terra,14490,561351,38.7,3855,6090,966,2
amazon,2008-10,MODIS-Terra,8262,381813,46.2,2263,3317,533,2
amazon,2008-11,MODIS-Terra,11220,223557,19.9,2760,5970,748,2
amazon,2008-12,MODIS-Terra,1085,20006,18.4,202,636,70,2
amazon,2009-01,MODIS-Terra,62,527,8.5,16,47,4,2
amazon,2009-02,MODIS-Terra,0,0,0.0,0,0,0,2
amazon,2009-03,MODIS-Terra,140,1660,11.9,0,62,9,2
amazon,2009-04,MODIS-Terra,165,2227,13.5,0,15,11,2
amazon,2009-05,MODIS-Terra,512,6840,13.4,47,109,33,2
amazon,2009-06,MODIS-Terra,975,15870,16.3,120,15,65,2
amazon,2009-07,MODIS-Terra,2728,64221,23.5,465,450,176,2
amazon,2009-08,MODIS-Terra,5859,175590,30.0,1581,2635,378,2
amazon,2009-09,MODIS-Terra,10725,445708,41.6,3360,3510,715,2
amazon,2009-10,MODIS-Terra,13206,296822,22.5,3426,6107,852,2
amazon,2009-11,MODIS-Terra,7920,286751,36.2,2535,1950,528,2
amazon,2009-12,MODIS-Terra,837,17224,20.6,202,93,54,2
amazon,2010-01,MODIS-Terra,217,3613,16.7,47,171,14,2
amazon,2010-02,MODIS-Terra,0,0,0.0,0,0,0,2
amazon,2010-03,MODIS-Terra,155,1807,11.7,0,16,10,2
amazon,2010-04,MODIS-Terra,585,7898,13.5,15,0,39,2
amazon,2010-05,MODIS-Terra,1550,26170,16.9,233,186,100,2
amazon,2010-06,MODIS-Terra,1695,45283,26.7,120,330,113,2
amazon,2010-07,MODIS-Terra,5952,185661,31.2,1380,1318,384,2
amazon,2010-08,MODIS-Terra,45183,2087432,46.2,17252,23033,2915,2
amazon,2010-09,MODIS-Terra,46425,1886302,40.6,17280,11865,3095,2
amazon,2010-10,MODIS-Terra,13780,456757,33.1,3457,3829,889,2
amazon,2010-11,MODIS-Terra,2400,35529,14.8,495,2010,160,2
amazon,2010-12,MODIS-Terra,636,11272,17.7,109,140,41,2
amazon,2011-01,MODIS-Terra,78,969,12.5,16,0,5,2
amazon,2011-02,MODIS-Terra,56,1225,21.9,42,0,4,2
amazon,2011-03,MODIS-Terra,47,857,18.4,0,0,3,2
amazon,2011-04,MODIS-Terra,465,7814,16.8,150,450,31,2
amazon,2011-05,MODIS-Terra,279,6161,22.1,109,93,18,2
amazon,2011-06,MODIS-Terra,1200,27357,22.8,165,405,80,2
amazon,2011-07,MODIS-Terra,1085,31994,29.5,155,341,70,2
amazon,2011-08,MODIS-Terra,6154,225068,36.6,1690,1271,397,2
amazon,2011-09,MODIS-Terra,16815,665360,39.6,5250,7860,1121,2
amazon,2011-10,MODIS-Terra,6944,205361,29.6,1271,2961,448,2
amazon,2011-11,MODIS-Terra,3570,51119,14.3,765,1785,238,2
amazon,2011-12,MODIS-Terra,3689,75428,20.4,961,2031,238,2
amazon,2012-01,MODIS-Terra,326,4869,15.0,78,31,21,2
amazon,2012-02,MODIS-Terra,595,10296,17.3,58,160,41,2
amazon,2012-03,MODIS-Terra,78,1451,18.7,0,0,5,2
amazon,2012-04,MODIS-Terra,255,2633,10.3,45,180,17,2
amazon,2012-05,MODIS-Terra,1411,36061,25.6,310,124,91,2
amazon,2012-06,MODIS-Terra,1800,31131,17.3,225,990,120,2
amazon,2012-07,MODIS-Terra,1783,41879,23.5,326,822,115,2
amazon,2012-08,MODIS-Terra,19251,752508,39.1,5611,5797,1242,2
amazon,2012-09,MODIS-Terra,19305,673600,34.9,4950,7875,1287,2
amazon,2012-10,MODIS-Terra,9579,361668,37.8,2232,2031,618,2
amazon,2012-11,MODIS-Terra,9375,183567,19.6,2025,5880,625,2
amazon,2012-12,MODIS-Terra,2170,52498,24.2,434,1147,140,2
amazon,2013-01,MODIS-Terra,481,7654,15.9,62,16,31,2
amazon,2013-02,MODIS-Terra,168,2159,12.8,0,42,12,2
amazon,2013-03,MODIS-Terra,16,127,8.2,0,16,1,2
amazon,2013-04,MODIS-Terra,105,2957,28.2,0,0,7,2
amazon,2013-05,MODIS-Terra,775,18994,24.5,47,341,50,2
amazon,2013-06,MODIS-Terra,2085,58449,28.0,570,135,139,2
amazon,2013-07,MODIS-Terra,2558,71633,28.0,326,496,165,2
amazon,2013-08,MODIS-Terra,5782,192515,33.3,1721,1643,373,2
amazon,2013-09,MODIS-Terra,8610,361337,42.0,2400,3795,574,2
amazon,2013-10,MODIS-Terra,3240,65364,20.2,481,1085,209,2
amazon,2013-11,MODIS-Terra,2205,39270,17.8,420,495,147,2
amazon,2013-12,MODIS-Terra,2434,41721,17.1,543,729,157,2
amazon,2014-01,MODIS-Terra,186,3064,16.5,31,124,12,2
amazon,2014-02,MODIS-Terra,28,161,5.8,0,14,2,2
amazon,2014-03,MODIS-Terra,233,2877,12.4,31,47,15,2
amazon,2014-04,MODIS-Terra,810,11231,13.9,0,0,54,2
amazon,2014-05,MODIS-Terra,1070,24377,22.8,155,264,69,2
amazon,2014-06,MODIS-Terra,2220,45951,20.7,450,510,148,2
amazon,2014-07,MODIS-Terra,4712,153560,32.6,1287,651,304,2
amazon,2014-08,MODIS-Terra,14198,386944,27.3,4030,7735,916,2
amazon,2014-09,MODIS-Terra,12240,382556,31.3,4065,2970,816,2
amazon,2014-10,MODIS-Terra,15330,554964,36.2,4991,5425,989,2
amazon,2014-11,MODIS-Terra,2565,47284,18.4,285,1080,171,2
amazon,2014-12,MODIS-Terra,2403,53850,22.4,527,558,155,2
amazon,2015-01,MODIS-Terra,1364,18980,13.9,295,713,88,2
amazon,2015-02,MODIS-Terra,224,3769,16.8,14,84,16,2
amazon,2015-03,MODIS-Terra,248,3777,15.2,0,0,16,2
amazon,2015-04,MODIS-Terra,780,10145,13.0,135,600,52,2
amazon,2015-05,MODIS-Terra,682,11678,17.1,140,155,44,2
amazon,2015-06,MODIS-Terra,930,24753,26.6,195,390,62,2
amazon,2015-07,MODIS-Terra,1597,67890,42.5,279,574,103,2
amazon,2015-08,MODIS-Terra,14059,548869,39.0,3705,4340,907,2
amazon,2015-09,MODIS-Terra,17415,648864,37.3,4140,6390,1161,2
amazon,2015-10,MODIS-Terra,15144,466440,30.8,3364,4945,977,2
amazon,2015-11,MODIS-Terra,18135,359426,19.8,5310,11955,1209,2
amazon,2015-12,MODIS-Terra,7812,141185,18.1,1736,6061,504,2
amazon,2016-01,MODIS-Terra,2062,82043,39.8,574,791,133,2
amazon,2016-02,MODIS-Terra,841,21941,26.1,218,189,58,2
amazon,2016-03,MODIS-Terra,682,31589,46.3,202,93,44,2
amazon,2016-04,MODIS-Terra,615,11224,18.3,75,75,41,2
amazon,2016-05,MODIS-Terra,1535,35187,22.9,419,186,99,2
amazon,2016-06,MODIS-Terra,1575,46236,29.4,345,630,105,2
amazon,2016-07,MODIS-Terra,3472,86245,24.8,760,822,224,2
amazon,2016-08,MODIS-Terra,18693,751958,40.2,6076,6991,1206,2
amazon,2016-09,MODIS-Terra,25230,879212,34.8,7830,10320,1682,2
amazon,2016-10,MODIS-Terra,5177,108339,20.9,1101,1814,334,2
amazon,2016-11,MODIS-Terra,1980,40557,20.5,435,1485,132,2
amazon,2016-12,MODIS-Terra,961,20708,21.5,248,496,62,2
amazon,2017-01,MODIS-Terra,140,2451,17.6,47,93,9,2
amazon,2017-02,MODIS-Terra,0,0,0.0,0,0,0,2
amazon,2017-03,MODIS-Terra,1039,10869,10.5,31,62,67,2
amazon,2017-04,MODIS-Terra,285,7453,26.2,15,60,19,2
amazon,2017-05,MODIS-Terra,574,20178,35.2,140,202,37,2
amazon,2017-06,MODIS-Terra,2820,69402,24.6,555,945,188,2
amazon,2017-07,MODIS-Terra,4743,117741,24.8,1318,2217,306,2
amazon,2017-08,MODIS-Terra,11827,427431,36.1,3674,4774,763,2
amazon,2017-09,MODIS-Terra,21975,700524,31.9,6840,12945,1465,2
amazon,2017-10,MODIS-Terra,11098,459527,41.4,2992,3441,716,2
amazon,2017-11,MODIS-Terra,10980,201292,18.3,2730,5775,732,2
amazon,2017-12,MODIS-Terra,5146,138382,26.9,1147,2651,332,2
amazon,2018-01,MODIS-Terra,202,2778,13.8,62,109,13,2
amazon,2018-02,MODIS-Terra,1008,43851,43.5,308,210,72,2
amazon,2018-03,MODIS-Terra,496,7082,14.3,186,450,32,2
amazon,2018-04,MODIS-Terra,735,13430,18.3,0,75,49,2
amazon,2018-05,MODIS-Terra,1442,41314,28.7,295,527,93,2
amazon,2018-06,MODIS-Terra,2565,62444,24.3,690,420,171,2
amazon,2018-07,MODIS-Terra,3829,111636,29.2,1209,1287,247,2
amazon,2018-08,MODIS-Terra,8463,269968,31.9,2465,2604,546,2
amazon,2018-09,MODIS-Terra,14580,494277,33.9,4200,6960,972,2
amazon,2018-10,MODIS-Terra,2852,52839,18.5,961,2062,184,2
amazon,2018-11,MODIS-Terra,1950,43585,22.4,510,825,130,2
amazon,2018-12,MODIS-Terra,1550,27574,17.8,217,217,100,2
amazon,2019-01,MODIS-Terra,62,355,5.7,0,62,4,2
amazon,2019-02,MODIS-Terra,448,4952,11.1,0,14,32,2
amazon,2019-03,MODIS-Terra,2527,83692,33.1,791,744,163,2
amazon,2019-04,MODIS-Terra,1155,14588,12.6,135,555,77,2
amazon,2019-05,MODIS-Terra,2108,34997,16.6,264,186,136,2
amazon,2019-06,MODIS-Terra,2520,69365,27.5,630,1200,168,2
amazon,2019-07,MODIS-Terra,3550,99313,28.0,837,1008,229,2
amazon,2019-08,MODIS-Terra,20956,792507,37.8,5658,6758,1352,2
amazon,2019-09,MODIS-Terra,19965,1429473,71.6,8370,3465,1331,2
amazon,2019-10,MODIS-Terra,3596,80016,22.3,837,1395,232,2
amazon,2019-11,MODIS-Terra,2655,55578,20.9,630,2010,177,2
amazon,2019-12,MODIS-Terra,620,12876,20.8,62,124,40,2
amazon,2020-01,MODIS-Terra,186,5952,32.0,16,31,12,2
amazon,2020-02,MODIS-Terra,189,2336,12.4,29,29,13,2
amazon,2020-03,MODIS-Terra,1209,21818,18.0,310,202,78,2
amazon,2020-04,MODIS-Terra,555,6935,12.5,30,15,37,2
amazon,2020-05,MODIS-Terra,1426,28610,20.1,124,264,92,2
amazon,2020-06,MODIS-Terra,1650,38627,23.4,255,195,110,2
amazon,2020-07,MODIS-Terra,3395,95288,28.1,884,496,219,2
amazon,2020-08,MODIS-Terra,28923,904492,31.3,8711,12245,1866,2
amazon,2020-09,MODIS-Terra,25950,954168,36.8,9225,9765,1730,2
amazon,2020-10,MODIS-Terra,24397,747145,30.6,8262,12912,1574,2
amazon,2020-11,MODIS-Terra,2160,43972,20.4,315,735,144,2
amazon,2020-12,MODIS-Terra,295,6152,20.9,62,47,19,2
amazon,2021-01,MODIS-Terra,434,10284,23.7,47,202,28,2
amazon,2021-02,MODIS-Terra,224,6380,28.5,84,0,16,2
amazon,2021-03,MODIS-Terra,775,17963,23.2,78,78,50,2
amazon,2021-04,MODIS-Terra,330,8552,25.9,75,45,22,2
amazon,2021-05,MODIS-Terra,1380,25907,18.8,202,93,89,2
amazon,2021-06,MODIS-Terra,3015,82743,27.4,945,1785,201,2
amazon,2021-07,MODIS-Terra,3364,88071,26.2,791,1054,217,2
amazon,2021-08,MODIS-Terra,25451,995451,39.1,9083,10788,1642,2
amazon,2021-09,MODIS-Terra,15240,442535,29.0,5010,7320,1016,2
amazon,2021-10,MODIS-Terra,3317,98633,29.7,620,636,214,2
amazon,2021-11,MODIS-Terra,1065,19209,18.0,195,540,71,2
amazon,2021-12,MODIS-Terra,31,424,13.7,16,31,2,2
amazon,2022-01,MODIS-Terra,3131,58703,18.7,434,233,202,2
amazon,2022-02,MODIS-Terra,294,9546,32.5,28,56,21,2
amazon,2022-03,MODIS-Terra,403,4084,10.1,0,0,26,2
amazon,2022-04,MODIS-Terra,375,6831,18.2,15,75,25,2
amazon,2022-05,MODIS-Terra,1457,42370,29.1,465,884,94,2
amazon,2022-06,MODIS-Terra,5535,189136,34.2,1545,1605,369,2
amazon,2022-07,MODIS-Terra,4712,189262,40.2,1194,1659,304,2
amazon,2022-08,MODIS-Terra,29280,1835373,62.7,11858,15221,1889,2
amazon,2022-09,MODIS-Terra,30165,1025559,34.0,9195,15165,2011,2
amazon,2022-10,MODIS-Terra,11687,277074,23.7,2852,6774,754,2
amazon,2022-11,MODIS-Terra,8055,216334,26.9,1935,3570,537,2
amazon,2022-12,MODIS-Terra,2139,43815,20.5,465,946,138,2
amazon,2023-01,MODIS-Terra,388,6209,16.0,47,217,25,2
amazon,2023-02,MODIS-Terra,476,5434,11.4,28,224,34,2
amazon,2023-03,MODIS-Terra,124,1556,12.5,0,47,8,2
amazon,2023-04,MODIS-Terra,195,4927,25.3,45,30,13,2
amazon,2023-05,MODIS-Terra,2170,91354,42.1,574,357,140,2
amazon,2023-06,MODIS-Terra,5160,155568,30.1,1530,2325,344,2
amazon,2023-07,MODIS-Terra,2341,53767,23.0,527,1271,151,2
amazon,2023-08,MODIS-Terra,18631,511915,27.5,5611,9719,1202,2
amazon,2023-09,MODIS-Terra,20430,521137,25.5,5205,8490,1362,2
amazon,2023-10,MODIS-Terra,13129,353677,26.9,4371,8076,847,2
amazon,2023-11,MODIS-Terra,3015,92374,30.6,750,1020,201,2
amazon,2023-12,MODIS-Terra,1891,42593,22.5,264,682,122,2
amazon,2024-01,MODIS-Terra,915,12364,13.5,78,155,59,2
amazon,2024-02,MODIS-Terra,2059,60516,29.4,783,1436,142,2
amazon,2024-03,MODIS-Terra,2558,59478,23.3,527,1395,165,2
amazon,2024-04,MODIS-Terra,120,1444,12.0,0,0,8,2
amazon,2024-05,MODIS-Terra,3643,93070,25.6,853,1054,235,2
amazon,2024-06,MODIS-Terra,4020,117308,29.2,1230,1005,268,2
amazon,2024-07,MODIS-Terra,5363,131903,24.6,1473,3038,346,2
amazon,2024-08,MODIS-Terra,28675,1277524,44.6,11858,17887,1850,2
amazon,2024-09,MODIS-Terra,47460,1476657,31.1,18195,33585,3164,2
amazon,2024-10,MODIS-Terra,6123,183403,30.0,1488,3674,395,2
amazon,2024-11,MODIS-Terra,10845,213524,19.7,4275,9075,723,2
amazon,2024-12,MODIS-Terra,1752,34693,19.8,465,930,113,2
amazon,2025-01,MODIS-Terra,403,4043,10.0,47,171,26,2
amazon,2025-02,MODIS-Terra,266,3800,14.3,28,84,19,2
amazon,2025-03,MODIS-Terra,124,1456,11.7,16,16,8,2
amazon,2025-04,MODIS-Terra,90,667,7.4,0,30,6,2
amazon,2025-05,MODIS-Terra,1411,34564,24.5,403,899,91,2
amazon,2025-06,MODIS-Terra,1935,46546,24.1,615,1365,129,2
amazon,2025-07,MODIS-Terra,1922,49948,26.0,667,1411,124,2
amazon,2025-08,MODIS-Terra,4015,86875,21.6,1457,2682,259,2
amazon,2025-09,MODIS-Terra,7830,188512,24.1,2820,5805,522,2
amazon,2025-10,MODIS-Terra,7130,273532,38.4,2790,5844,460,2
amazon,2025-11,MODIS-Terra,2235,39513,17.7,525,960,149,2
amazon,2025-12,MODIS-Terra,403,5852,14.5,78,47,26,2
amazon,2026-01,MODIS-Terra,341,5430,15.9,109,326,22,2
amazon,2026-02,MODIS-Terra,56,601,10.7,0,0,4,2
amazon,2026-03,MODIS-Terra,868,14753,17.0,264,543,56,2
amazon,2026-04,MODIS-Terra,195,4979,25.5,45,90,13,2
amazon,2026-05,MODIS-Terra,1318,31062,23.6,651,667,85,2
amazon,2026-06,MODIS-Terra,1980,72654,36.7,795,1515,132,2
amazon,2026-07,MODIS-Terra,1302,44738,34.4,388,930,84,2
amazon,2026-08,MODIS-Terra,10230,407088,39.8,4836,7859,660,2
amazon,2026-09,MODIS-Terra,2685,69091,25.7,1065,1875,179,2
amazon,2012-01,VIIRS-SNPP,1566,12315,7.9,1566,0,101,2
amazon,2012-02,VIIRS-SNPP,2393,16730,7.0,2393,0,165,2
amazon,2012-03,VIIRS-SNPP,667,3839,5.8,667,0,43,2
amazon,2012-04,VIIRS-SNPP,2070,13100,6.3,2070,0,138,2
amazon,2012-05,VIIRS-SNPP,8169,52210,6.4,8169,0,527,2
amazon,2012-06,VIIRS-SNPP,13800,118002,8.6,13800,0,920,2
amazon,2012-07,VIIRS-SNPP,22181,173347,7.8,22181,0,1431,2
amazon,2012-08,VIIRS-SNPP,201159,2958394,14.7,201159,0,12978,2
amazon,2012-09,VIIRS-SNPP,245775,3226443,13.1,245775,0,16385,2
amazon,2012-10,VIIRS-SNPP,191177,1747548,9.1,191177,0,12334,2
amazon,2012-11,VIIRS-SNPP,47610,356748,7.5,47610,0,3174,2
amazon,2012-12,VIIRS-SNPP,34875,423356,12.1,34875,0,2250,2
amazon,2013-01,VIIRS-SNPP,12214,131603,10.8,12214,0,788,2
amazon,2013-02,VIIRS-SNPP,1106,8067,7.3,1106,0,79,2
amazon,2013-03,VIIRS-SNPP,1178,10320,8.8,1178,0,76,2
amazon,2013-04,VIIRS-SNPP,1380,13158,9.5,1380,0,92,2
amazon,2013-05,VIIRS-SNPP,7022,43341,6.2,7022,0,453,2
amazon,2013-06,VIIRS-SNPP,15150,125813,8.3,15150,0,1010,2
amazon,2013-07,VIIRS-SNPP,22041,197354,9.0,22041,0,1422,2
amazon,2013-08,VIIRS-SNPP,58559,617517,10.5,58559,0,3778,2
amazon,2013-09,VIIRS-SNPP,154215,2259460,14.7,154215,0,10281,2
amazon,2013-10,VIIRS-SNPP,52948,520197,9.8,52948,0,3416,2
amazon,2013-11,VIIRS-SNPP,43725,488528,11.2,43725,0,2915,2
amazon,2013-12,VIIRS-SNPP,36131,418330,11.6,36131,0,2331,2
amazon,2014-01,VIIRS-SNPP,6231,55166,8.9,6231,0,402,2
amazon,2014-02,VIIRS-SNPP,1974,13710,6.9,1974,0,141,2
amazon,2014-03,VIIRS-SNPP,3906,83878,21.5,3906,0,252,2
amazon,2014-04,VIIRS-SNPP,1590,11721,7.4,1590,0,106,2
amazon,2014-05,VIIRS-SNPP,7626,55763,7.3,7626,0,492,2
amazon,2014-06,VIIRS-SNPP,18480,131848,7.1,18480,0,1232,2
amazon,2014-07,VIIRS-SNPP,35867,393953,11.0,35867,0,2314,2
amazon,2014-08,VIIRS-SNPP,135098,1429081,10.6,135098,0,8716,2
amazon,2014-09,VIIRS-SNPP,148095,1828172,12.3,148095,0,9873,2
amazon,2014-10,VIIRS-SNPP,158860,1887844,11.9,158860,0,10249,2
amazon,2014-11,VIIRS-SNPP,55035,566541,10.3,55035,0,3669,2
amazon,2014-12,VIIRS-SNPP,28396,299141,10.5,28396,0,1832,2
amazon,2015-01,VIIRS-SNPP,13284,134325,10.1,13284,0,857,2
amazon,2015-02,VIIRS-SNPP,11018,203857,18.5,11018,0,787,2
amazon,2015-03,VIIRS-SNPP,2015,32638,16.2,2015,0,130,2
amazon,2015-04,VIIRS-SNPP,3345,20353,6.1,3345,0,223,2
amazon,2015-05,VIIRS-SNPP,4356,26795,6.2,4356,0,281,2
amazon,2015-06,VIIRS-SNPP,10290,77354,7.5,10290,0,686,2
amazon,2015-07,VIIRS-SNPP,20522,181052,8.8,20522,0,1324,2
amazon,2015-08,VIIRS-SNPP,169849,2379495,14.0,169849,0,10958,2
amazon,2015-09,VIIRS-SNPP,229815,3083748,13.4,229815,0,15321,2
amazon,2015-10,VIIRS-SNPP,247024,2303688,9.3,247024,0,15937,2
amazon,2015-11,VIIRS-SNPP,156780,1619309,10.3,156780,0,10452,2
amazon,2015-12,VIIRS-SNPP,87792,551492,6.3,87792,0,5664,2
amazon,2016-01,VIIRS-SNPP,32876,265258,8.1,32876,0,2121,2
amazon,2016-02,VIIRS-SNPP,14065,134754,9.6,14065,0,970,2
amazon,2016-03,VIIRS-SNPP,12261,89300,7.3,12261,0,791,2
amazon,2016-04,VIIRS-SNPP,7950,81915,10.3,7950,0,530,2
amazon,2016-05,VIIRS-SNPP,7440,54438,7.3,7440,0,480,2
amazon,2016-06,VIIRS-SNPP,15255,123581,8.1,15255,0,1017,2
amazon,2016-07,VIIRS-SNPP,46144,454196,9.8,46144,0,2977,2
amazon,2016-08,VIIRS-SNPP,169369,2367603,14.0,169369,0,10927,2
amazon,2016-09,VIIRS-SNPP,244065,3327558,13.6,244065,0,16271,2
amazon,2016-10,VIIRS-SNPP,75733,906142,12.0,75733,0,4886,2
amazon,2016-11,VIIRS-SNPP,44385,622180,14.0,44385,0,2959,2
amazon,2016-12,VIIRS-SNPP,33279,418901,12.6,33279,0,2147,2
amazon,2017-01,VIIRS-SNPP,3023,28737,9.5,3023,0,195,2
amazon,2017-02,VIIRS-SNPP,1512,27544,18.2,1512,0,108,2
amazon,2017-03,VIIRS-SNPP,2263,26116,11.5,2263,0,146,2
amazon,2017-04,VIIRS-SNPP,1470,12201,8.3,1470,0,98,2
amazon,2017-05,VIIRS-SNPP,4061,33306,8.2,4061,0,262,2
amazon,2017-06,VIIRS-SNPP,21450,179637,8.4,21450,0,1430,2
amazon,2017-07,VIIRS-SNPP,43524,512876,11.8,43524,0,2808,2
amazon,2017-08,VIIRS-SNPP,124791,1828732,14.7,124791,0,8051,2
amazon,2017-09,VIIRS-SNPP,241455,2616510,10.8,241455,0,16097,2
amazon,2017-10,VIIRS-SNPP,255223,3025527,11.9,255223,0,16466,2
amazon,2017-11,VIIRS-SNPP,90285,983070,10.9,90285,0,6019,2
amazon,2017-12,VIIRS-SNPP,48221,377647,7.8,48221,0,3111,2
amazon,2018-01,VIIRS-SNPP,3488,31843,9.1,3488,0,225,2
amazon,2018-02,VIIRS-SNPP,14420,253445,17.6,14420,0,1030,2
amazon,2018-03,VIIRS-SNPP,2062,14928,7.2,2062,0,133,2
amazon,2018-04,VIIRS-SNPP,2295,18624,8.1,2295,0,153,2
amazon,2018-05,VIIRS-SNPP,8293,61155,7.4,8293,0,535,2
amazon,2018-06,VIIRS-SNPP,18525,132905,7.2,18525,0,1235,2
amazon,2018-07,VIIRS-SNPP,35278,345270,9.8,35278,0,2276,2
amazon,2018-08,VIIRS-SNPP,77531,925142,11.9,77531,0,5002,2
amazon,2018-09,VIIRS-SNPP,223500,3044389,13.6,223500,0,14900,2
amazon,2018-10,VIIRS-SNPP,53289,817264,15.3,53289,0,3438,2
amazon,2018-11,VIIRS-SNPP,34935,518718,14.8,34935,0,2329,2
amazon,2018-12,VIIRS-SNPP,5472,38496,7.0,5472,0,353,2
amazon,2019-01,VIIRS-SNPP,1473,10741,7.3,1473,0,95,2
amazon,2019-02,VIIRS-SNPP,2016,20583,10.2,2016,0,144,2
amazon,2019-03,VIIRS-SNPP,15593,242799,15.6,15593,0,1006,2
amazon,2019-04,VIIRS-SNPP,4680,33662,7.2,4680,0,312,2
amazon,2019-05,VIIRS-SNPP,10060,85411,8.5,10060,0,649,2
amazon,2019-06,VIIRS-SNPP,22440,186697,8.3,22440,0,1496,2
amazon,2019-07,VIIRS-SNPP,33511,383506,11.4,33511,0,2162,2
amazon,2019-08,VIIRS-SNPP,190015,2353188,12.4,190015,0,12259,2
amazon,2019-09,VIIRS-SNPP,217155,3763915,17.3,217155,0,14477,2
amazon,2019-10,VIIRS-SNPP,58544,564956,9.7,58544,0,3777,2
amazon,2019-11,VIIRS-SNPP,56310,497708,8.8,56310,0,3754,2
amazon,2019-12,VIIRS-SNPP,13842,137678,9.9,13842,0,893,2
amazon,2020-01,VIIRS-SNPP,3534,41972,11.9,3534,0,228,2
amazon,2020-02,VIIRS-SNPP,3321,50827,15.3,3321,0,229,2
amazon,2020-03,VIIRS-SNPP,10416,104117,10.0,10416,0,672,2
amazon,2020-04,VIIRS-SNPP,1230,5518,4.5,1230,0,82,2
amazon,2020-05,VIIRS-SNPP,6898,52750,7.6,6898,0,445,2
amazon,2020-06,VIIRS-SNPP,20520,171188,8.3,20520,3780,1368,2
amazon,2020-07,VIIRS-SNPP,38936,397522,10.2,38936,8122,2512,2
amazon,2020-08,VIIRS-SNPP,231322,2851067,12.3,231322,92876,14924,2
amazon,2020-09,VIIRS-SNPP,311460,4167453,13.4,311460,93765,20764,2
amazon,2020-10,VIIRS-SNPP,188232,1927921,10.2,188232,69301,12144,2
amazon,2020-11,VIIRS-SNPP,31710,320176,10.1,31710,5025,2114,2
amazon,2020-12,VIIRS-SNPP,12927,127438,9.9,12927,1783,834,2
amazon,2021-01,VIIRS-SNPP,4976,47481,9.5,4976,1318,321,2
amazon,2021-02,VIIRS-SNPP,3654,46367,12.7,3654,686,261,2
amazon,2021-03,VIIRS-SNPP,3224,46354,14.4,3224,31,208,2
amazon,2021-04,VIIRS-SNPP,4455,43120,9.7,4455,600,297,2
amazon,2021-05,VIIRS-SNPP,8370,72351,8.6,8370,2899,540,2
amazon,2021-06,VIIRS-SNPP,21090,199272,9.4,21090,7605,1406,2
amazon,2021-07,VIIRS-SNPP,38099,364129,9.6,38099,12044,2458,2
amazon,2021-08,VIIRS-SNPP,333018,5293153,15.9,333018,138353,21485,2
amazon,2021-09,VIIRS-SNPP,202830,2598951,12.8,202830,61485,13522,2
amazon,2021-10,VIIRS-SNPP,72060,800865,11.1,72060,19158,4649,2
amazon,2021-11,VIIRS-SNPP,29865,455982,15.3,29865,1590,1991,2
amazon,2021-12,VIIRS-SNPP,10680,105503,9.9,10680,357,689,2
amazon,2022-01,VIIRS-SNPP,12075,160167,13.3,12075,1349,779,2
amazon,2022-02,VIIRS-SNPP,6468,71263,11.0,6468,2884,462,2
amazon,2022-03,VIIRS-SNPP,1163,9027,7.8,1163,31,75,2
amazon,2022-04,VIIRS-SNPP,2205,11369,5.2,2205,705,147,2
amazon,2022-05,VIIRS-SNPP,15826,142187,9.0,15826,6014,1021,2
amazon,2022-06,VIIRS-SNPP,28185,307430,10.9,28185,11295,1879,2
amazon,2022-07,VIIRS-SNPP,43602,684995,15.7,43602,11858,2813,2
amazon,2022-08,VIIRS-SNPP,0,0,0.0,0,0,0,2
amazon,2022-09,VIIRS-SNPP,348270,4800940,13.8,348270,143295,23218,2
amazon,2022-10,VIIRS-SNPP,143716,1623734,11.3,143716,47260,9272,2
amazon,2022-11,VIIRS-SNPP,88455,804739,9.1,88455,27750,5897,2
amazon,2022-12,VIIRS-SNPP,28985,289327,10.0,28985,3627,1870,2
amazon,2023-01,VIIRS-SNPP,5208,37325,7.2,5208,977,336,2
amazon,2023-02,VIIRS-SNPP,2702,23480,8.7,2702,252,193,2
amazon,2023-03,VIIRS-SNPP,4821,50734,10.5,4821,713,311,2
amazon,2023-04,VIIRS-SNPP,2985,27002,9.0,2985,300,199,2
amazon,2023-05,VIIRS-SNPP,11222,104702,9.3,11222,1302,724,2
amazon,2023-06,VIIRS-SNPP,28995,219551,7.6,28995,11790,1933,2
amazon,2023-07,VIIRS-SNPP,37557,391513,10.4,37557,13656,2423,2
amazon,2023-08,VIIRS-SNPP,162781,2021269,12.4,162781,55537,10502,2
amazon,2023-09,VIIRS-SNPP,212460,2382686,11.2,212460,66495,14164,2
amazon,2023-10,VIIRS-SNPP,178312,1829095,10.3,178312,65395,11504,2
amazon,2023-11,VIIRS-SNPP,41010,344569,8.4,41010,16275,2734,2
amazon,2023-12,VIIRS-SNPP,17980,168944,9.4,17980,5193,1160,2
amazon,2024-01,VIIRS-SNPP,15485,128851,8.3,15485,3581,999,2
amazon,2024-02,VIIRS-SNPP,31799,335268,10.5,31799,7497,2193,2
amazon,2024-03,VIIRS-SNPP,18306,137182,7.5,18306,10633,1181,2
amazon,2024-04,VIIRS-SNPP,1980,25534,12.9,1980,285,132,2
amazon,2024-05,VIIRS-SNPP,19840,193355,9.7,19840,6603,1280,2
amazon,2024-06,VIIRS-SNPP,35130,679453,19.3,35130,12615,2342,2
amazon,2024-07,VIIRS-SNPP,75935,1005190,13.2,75935,25730,4899,2
amazon,2024-08,VIIRS-SNPP,342969,4953036,14.4,342969,138400,22127,2
amazon,2024-09,VIIRS-SNPP,490905,5108547,10.4,490905,246600,32727,2
amazon,2024-10,VIIRS-SNPP,91993,1155843,12.6,91993,17996,5935,2
amazon,2024-11,VIIRS-SNPP,55605,540991,9.7,55605,16710,3707,2
amazon,2024-12,VIIRS-SNPP,25885,234974,9.1,25885,8851,1670,2
amazon,2025-01,VIIRS-SNPP,2961,53471,18.1,2961,341,191,2
amazon,2025-02,VIIRS-SNPP,1064,4094,3.8,1064,644,76,2
amazon,2025-03,VIIRS-SNPP,1674,11829,7.1,1674,295,108,2
amazon,2025-04,VIIRS-SNPP,990,4485,4.5,990,330,66,2
amazon,2025-05,VIIRS-SNPP,9610,71993,7.5,9610,4154,620,2
amazon,2025-06,VIIRS-SNPP,14340,110652,7.7,14340,6030,956,2
amazon,2025-07,VIIRS-SNPP,21793,163723,7.5,21793,7378,1406,2
amazon,2025-08,VIIRS-SNPP,57490,811265,14.1,57490,17143,3709,2
amazon,2025-09,VIIRS-SNPP,106140,1368922,12.9,106140,23190,7076,2
amazon,2025-10,VIIRS-SNPP,54266,473831,8.7,54266,19003,3501,2
amazon,2025-11,VIIRS-SNPP,47160,445338,9.4,47160,13155,3144,2
amazon,2025-12,VIIRS-SNPP,4418,33195,7.5,4418,791,285,2
amazon,2026-01,VIIRS-SNPP,3860,35241,9.1,3860,233,249,2
amazon,2026-02,VIIRS-SNPP,1498,15031,10.0,1498,392,107,2
amazon,2026-03,VIIRS-SNPP,5704,45641,8.0,5704,1364,368,2
amazon,2026-04,VIIRS-SNPP,1620,11588,7.2,1620,270,108,2
amazon,2026-05,VIIRS-SNPP,9393,67922,7.2,9393,3891,606,2
amazon,2026-06,VIIRS-SNPP,11865,104219,8.8,11865,3600,791,2
amazon,2026-07,VIIRS-SNPP,19019,185413,9.7,19019,4325,1227,2
amazon,2020-01,VIIRS-NOAA20,4743,55482,11.7,4743,760,306,2
amazon,2020-02,VIIRS-NOAA20,4887,65759,13.5,4887,232,337,2
amazon,2020-03,VIIRS-NOAA20,7378,72365,9.8,7378,1566,476,2
amazon,2020-04,VIIRS-NOAA20,1440,10263,7.1,1440,210,96,2
amazon,2020-05,VIIRS-NOAA20,6448,38952,6.0,6448,1674,416,2
amazon,2020-06,VIIRS-NOAA20,20130,198681,9.9,20130,4080,1342,2
amazon,2020-07,VIIRS-NOAA20,36518,331385,9.1,36518,9641,2356,2
amazon,2020-08,VIIRS-NOAA20,242792,3478668,14.3,242792,95682,15664,2
amazon,2020-09,VIIRS-NOAA20,335205,4276216,12.8,335205,127020,22347,2
amazon,2020-10,VIIRS-NOAA20,202678,2106555,10.4,202678,72106,13076,2
amazon,2020-11,VIIRS-NOAA20,33450,335352,10.0,33450,4530,2230,2
amazon,2020-12,VIIRS-NOAA20,14214,124866,8.8,14214,2232,917,2
amazon,2021-01,VIIRS-NOAA20,4139,33815,8.2,4139,1225,267,2
amazon,2021-02,VIIRS-NOAA20,2324,38098,16.4,2324,98,166,2
amazon,2021-03,VIIRS-NOAA20,1674,30992,18.5,1674,0,108,2
amazon,2021-04,VIIRS-NOAA20,3675,36454,9.9,3675,375,245,2
amazon,2021-05,VIIRS-NOAA20,7518,48250,6.4,7518,3023,485,2
amazon,2021-06,VIIRS-NOAA20,20565,160288,7.8,20565,7530,1371,2
amazon,2021-07,VIIRS-NOAA20,38828,374584,9.6,38828,10680,2505,2
amazon,2021-08,VIIRS-NOAA20,312217,5211600,16.7,312217,122977,20143,2
amazon,2021-09,VIIRS-NOAA20,207615,2971705,14.3,207615,67905,13841,2
amazon,2021-10,VIIRS-NOAA20,69409,670062,9.7,69409,22336,4478,2
amazon,2021-11,VIIRS-NOAA20,26175,341986,13.1,26175,1080,1745,2
amazon,2021-12,VIIRS-NOAA20,7812,65705,8.4,7812,1240,504,2
amazon,2022-01,VIIRS-NOAA20,7146,75689,10.6,7146,1008,461,2
amazon,2022-02,VIIRS-NOAA20,4760,48989,10.3,4760,1218,340,2
amazon,2022-03,VIIRS-NOAA20,1845,14609,7.9,1845,140,119,2
amazon,2022-04,VIIRS-NOAA20,2535,16308,6.4,2535,720,169,2
amazon,2022-05,VIIRS-NOAA20,14245,122437,8.6,14245,5704,919,2
amazon,2022-06,VIIRS-NOAA20,28770,296972,10.3,28770,11760,1918,2
amazon,2022-07,VIIRS-NOAA20,37324,379794,10.2,37324,11346,2408,2
amazon,2022-08,VIIRS-NOAA20,328166,5043656,15.4,328166,110562,21172,2
amazon,2022-09,VIIRS-NOAA20,359640,4703932,13.1,359640,147210,23976,2
amazon,2022-10,VIIRS-NOAA20,169446,2235552,13.2,169446,57691,10932,2
amazon,2022-11,VIIRS-NOAA20,55575,518378,9.3,55575,19485,3705,2
amazon,2022-12,VIIRS-NOAA20,16058,155254,9.7,16058,3379,1036,2
amazon,2023-01,VIIRS-NOAA20,3767,23578,6.3,3767,775,243,2
amazon,2023-02,VIIRS-NOAA20,3066,44720,14.6,3066,350,219,2
amazon,2023-03,VIIRS-NOAA20,4232,71388,16.9,4232,481,273,2
amazon,2023-04,VIIRS-NOAA20,1680,10267,6.1,1680,525,112,2
amazon,2023-05,VIIRS-NOAA20,7781,64720,8.3,7781,1132,502,2
amazon,2023-06,VIIRS-NOAA20,27435,244494,8.9,27435,10860,1829,2
amazon,2023-07,VIIRS-NOAA20,35588,371700,10.4,35588,12912,2296,2
amazon,2023-08,VIIRS-NOAA20,177770,2339215,13.2,177770,61613,11469,2
amazon,2023-09,VIIRS-NOAA20,219660,2744251,12.5,219660,59205,14644,2
amazon,2023-10,VIIRS-NOAA20,201702,2009729,10.0,201702,67193,13013,2
amazon,2023-11,VIIRS-NOAA20,42585,386598,9.1,42585,12150,2839,2
amazon,2023-12,VIIRS-NOAA20,22367,180577,8.1,22367,6526,1443,2
amazon,2024-01,VIIRS-NOAA20,11656,139390,12.0,11656,2031,752,2
amazon,2024-02,VIIRS-NOAA20,23635,228432,9.7,23635,10455,1630,2
amazon,2024-03,VIIRS-NOAA20,2496,53569,21.5,2496,775,161,2
amazon,2024-04,VIIRS-NOAA20,1305,11609,8.9,1305,120,87,2
amazon,2024-05,VIIRS-NOAA20,18476,158033,8.6,18476,6665,1192,2
amazon,2024-06,VIIRS-NOAA20,33450,413649,12.4,33450,10365,2230,2
amazon,2024-07,VIIRS-NOAA20,77206,1058318,13.7,77206,26118,4981,2
amazon,2024-08,VIIRS-NOAA20,358267,4703301,13.1,358267,157155,23114,2
amazon,2024-09,VIIRS-NOAA20,521850,5017576,9.6,521850,283215,34790,2
amazon,2024-10,VIIRS-NOAA20,109105,1330459,12.2,109105,22940,7039,2
amazon,2024-11,VIIRS-NOAA20,115365,1113325,9.7,115365,41535,7691,2
amazon,2024-12,VIIRS-NOAA20,18740,174058,9.3,18740,5890,1209,2
amazon,2025-01,VIIRS-NOAA20,3658,44901,12.3,3658,543,236,2
amazon,2025-02,VIIRS-NOAA20,630,5349,8.5,630,224,45,2
amazon,2025-03,VIIRS-NOAA20,1442,10606,7.4,1442,233,93,2
amazon,2025-04,VIIRS-NOAA20,1050,7332,7.0,1050,210,70,2
amazon,2025-05,VIIRS-NOAA20,12245,85295,7.0,12245,4619,790,2
amazon,2025-06,VIIRS-NOAA20,15030,136548,9.1,15030,7095,1002,2
amazon,2025-07,VIIRS-NOAA20,20693,155212,7.5,20693,6138,1335,2
amazon,2025-08,VIIRS-NOAA20,56157,794273,14.1,56157,18678,3623,2
amazon,2025-09,VIIRS-NOAA20,91815,1159318,12.6,91815,21660,6121,2
amazon,2025-10,VIIRS-NOAA20,51476,438438,8.5,51476,21964,3321,2
amazon,2025-11,VIIRS-NOAA20,41175,414165,10.1,41175,11565,2745,2
amazon,2025-12,VIIRS-NOAA20,9703,90030,9.3,9703,450,626,2
australia,2000-11,MODIS-Terra,21645,1004547,46.4,10740,7815,1443,2
australia,2000-12,MODIS-Terra,10587,560899,53.0,5038,3488,683,2
australia,2001-01,MODIS-Terra,30070,1849472,61.5,17608,8463,1940,2
australia,2001-02,MODIS-Terra,2968,107706,36.3,1036,1148,212,2
australia,2001-03,MODIS-Terra,3643,122785,33.7,1271,1690,235,2
australia,2001-04,MODIS-Terra,8415,329248,39.1,2190,1650,561,2
australia,2001-05,MODIS-Terra,18058,738039,40.9,4371,3069,1165,2
australia,2001-06,MODIS-Terra,4380,103406,23.6,1080,585,292,2
australia,2001-07,MODIS-Terra,13780,646026,46.9,4402,4743,889,2
australia,2001-08,MODIS-Terra,29977,1764154,58.9,10230,6557,1934,2
australia,2001-09,MODIS-Terra,34815,3133986,90.0,15525,9900,2321,2
australia,2001-10,MODIS-Terra,39727,2276493,57.3,15407,15810,2563,2
australia,2001-11,MODIS-Terra,49095,4141456,84.4,25155,20925,3273,2
australia,2001-12,MODIS-Terra,24025,1766876,73.5,11734,8928,1550,2
australia,2002-01,MODIS-Terra,10881,601485,55.3,4263,4929,702,2
australia,2002-02,MODIS-Terra,2254,109203,48.4,826,1036,161,2
australia,2002-03,MODIS-Terra,2558,159538,62.4,930,775,165,2
australia,2002-04,MODIS-Terra,13335,569975,42.7,4920,3255,889,2
australia,2002-05,MODIS-Terra,17112,575493,33.6,6123,3317,1104,2
australia,2002-06,MODIS-Terra,4335,189555,43.7,825,750,289,2
australia,2002-07,MODIS-Terra,8928,458092,51.3,2558,1411,576,2
australia,2002-08,MODIS-Terra,14880,1229964,82.7,5348,3023,960,2
australia,2002-09,MODIS-Terra,18645,939976,50.4,8475,6510,1243,2
australia,2002-10,MODIS-Terra,45958,3202488,69.7,24444,14834,2965,2
australia,2002-11,MODIS-Terra,42465,3664606,86.3,21405,17175,2831,2
australia,2002-12,MODIS-Terra,22646,1432198,63.2,12028,10215,1461,2
australia,2003-01,MODIS-Terra,23157,1462225,63.1,10029,9858,1494,2
australia,2003-02,MODIS-Terra,2884,67138,23.3,1148,2492,206,2
australia,2003-03,MODIS-Terra,2201,83444,37.9,512,868,142,2
australia,2003-04,MODIS-Terra,2655,83370,31.4,615,1335,177,2
australia,2003-05,MODIS-Terra,3069,133698,43.6,744,1023,198,2
australia,2003-06,MODIS-Terra,6555,201827,30.8,1290,765,437,2
australia,2003-07,MODIS-Terra,4247,154828,36.5,1194,1132,274,2
australia,2003-08,MODIS-Terra,3333,126843,38.1,1132,1225,215,2
australia,2003-09,MODIS-Terra,7635,282063,36.9,2040,2610,509,2
australia,2003-10,MODIS-Terra,13470,947154,70.3,5828,4433,869,2
australia,2003-11,MODIS-Terra,20565,1510162,73.4,10605,4020,1371,2
australia,2003-12,MODIS-Terra,8029,301880,37.6,3984,4387,518,2
australia,2004-01,MODIS-Terra,4061,163677,40.3,1628,1147,262,2
australia,2004-02,MODIS-Terra,1233,31582,25.6,319,464,85,2
australia,2004-03,MODIS-Terra,2015,103737,51.5,744,264,130,2
australia,2004-04,MODIS-Terra,2610,101177,38.8,735,1125,174,2
australia,2004-05,MODIS-Terra,1721,36555,21.2,295,202,111,2
australia,2004-06,MODIS-Terra,4590,166809,36.3,990,1080,306,2
australia,2004-07,MODIS-Terra,7502,408388,54.4,1876,1566,484,2
australia,2004-08,MODIS-Terra,11315,369009,32.6,3550,3100,730,2
australia,2004-09,MODIS-Terra,14010,1175914,83.9,5115,2820,934,2
australia,2004-10,MODIS-Terra,54266,3379251,62.3,25281,17267,3501,2
australia,2004-11,MODIS-Terra,18810,1336497,71.1,9285,5340,1254,2
australia,2004-12,MODIS-Terra,10354,707237,68.3,4371,4015,668,2
australia,2005-01,MODIS-Terra,2279,113099,49.6,915,744,147,2
australia,2005-02,MODIS-Terra,3206,226807,70.7,1484,1442,229,2
australia,2005-03,MODIS-Terra,1070,61707,57.7,264,465,69,2
australia,2005-04,MODIS-Terra,6285,245564,39.1,1665,1470,419,2
australia,2005-05,MODIS-Terra,4650,175245,37.7,1225,1023,300,2
australia,2005-06,MODIS-Terra,4635,128405,27.7,1320,720,309,2
australia,2005-07,MODIS-Terra,4526,124927,27.6,1147,1132,292,2
australia,2005-08,MODIS-Terra,7223,287947,39.9,2062,1612,466,2
australia,2005-09,MODIS-Terra,11790,456406,38.7,4020,4410,786,2
australia,2005-10,MODIS-Terra,9424,365470,38.8,3178,2000,608,2
australia,2005-11,MODIS-Terra,8535,477336,55.9,3360,2895,569,2
australia,2005-12,MODIS-Terra,8525,388394,45.6,3472,2449,550,2
australia,2006-01,MODIS-Terra,6200,632155,102.0,3302,3813,400,2
australia,2006-02,MODIS-Terra,2268,61571,27.1,756,1204,162,2
australia,2006-03,MODIS-Terra,2124,55566,26.2,620,698,137,2
australia,2006-04,MODIS-Terra,5445,115096,21.1,1170,555,363,2
australia,2006-05,MODIS-Terra,5239,103202,19.7,1070,977,338,2
australia,2006-06,MODIS-Terra,5805,169747,29.2,1545,840,387,2
australia,2006-07,MODIS-Terra,5115,144210,28.2,1318,1163,330,2
australia,2006-08,MODIS-Terra,13687,703291,51.4,3441,3178,883,2
australia,2006-09,MODIS-Terra,21555,931274,43.2,9135,5940,1437,2
australia,2006-10,MODIS-Terra,27125,1547638,57.1,12540,8386,1750,2
australia,2006-11,MODIS-Terra,25290,2214565,87.6,11805,8700,1686,2
australia,2006-12,MODIS-Terra,11176,555097,49.7,5146,7549,721,2
australia,2007-01,MODIS-Terra,3038,135763,44.7,1008,1922,196,2
australia,2007-02,MODIS-Terra,6314,385883,61.1,2982,1512,451,2
australia,2007-03,MODIS-Terra,1674,52681,31.5,636,744,108,2
australia,2007-04,MODIS-Terra,2295,74333,32.4,705,1170,153,2
australia,2007-05,MODIS-Terra,4666,252428,54.1,1333,1814,301,2
australia,2007-06,MODIS-Terra,2895,106802,36.9,510,600,193,2
australia,2007-07,MODIS-Terra,4743,206920,43.6,930,713,306,2
australia,2007-08,MODIS-Terra,15733,552697,35.1,4929,3705,1015,2
australia,2007-09,MODIS-Terra,26775,1657270,61.9,12360,8445,1785,2
australia,2007-10,MODIS-Terra,24630,1422601,57.8,11486,7161,1589,2
australia,2007-11,MODIS-Terra,22230,1247230,56.1,10095,6780,1482,2
australia,2007-12,MODIS-Terra,8804,718822,81.6,3503,2868,568,2
australia,2008-01,MODIS-Terra,5022,494427,98.5,2914,1271,324,2
australia,2008-02,MODIS-Terra,406,6561,16.2,73,145,28,2
australia,2008-03,MODIS-Terra,2496,90895,36.4,946,775,161,2
australia,2008-04,MODIS-Terra,3900,142392,36.5,1170,1215,260,2
australia,2008-05,MODIS-Terra,13067,296887,22.7,3209,1721,843,2
australia,2008-06,MODIS-Terra,3210,138513,43.2,630,570,214,2
australia,2008-07,MODIS-Terra,4681,190540,40.7,977,1054,302,2
australia,2008-08,MODIS-Terra,11966,582240,48.7,3829,1969,772,2
australia,2008-09,MODIS-Terra,8745,348649,39.9,3510,2925,583,2
australia,2008-10,MODIS-Terra,25885,1775093,68.6,13144,8649,1670,2
australia,2008-11,MODIS-Terra,14235,822727,57.8,5985,2250,949,2
australia,2008-12,MODIS-Terra,2728,80930,29.7,1132,837,176,2
australia,2009-01,MODIS-Terra,1674,174628,104.3,698,295,108,2
australia,2009-02,MODIS-Terra,2170,104000,47.9,1120,1834,155,2
australia,2009-03,MODIS-Terra,1178,34377,29.2,419,450,76,2
australia,2009-04,MODIS-Terra,6480,353248,54.5,1875,2505,432,2
australia,2009-05,MODIS-Terra,6929,246405,35.6,1969,1395,447,2
australia,2009-06,MODIS-Terra,2775,97474,35.1,615,570,185,2
australia,2009-07,MODIS-Terra,3627,115306,31.8,698,605,234,2
australia,2009-08,MODIS-Terra,4340,158906,36.6,1287,1178,280,2
australia,2009-09,MODIS-Terra,12960,643077,49.6,4845,5325,864,2
australia,2009-10,MODIS-Terra,25343,1578602,62.3,9378,7533,1635,2
australia,2009-11,MODIS-Terra,28065,1113445,39.7,11685,11655,1871,2
australia,2009-12,MODIS-Terra,29559,1627142,55.0,14074,13175,1907,2
australia,2010-01,MODIS-Terra,1070,79217,74.1,403,512,69,2
australia,2010-02,MODIS-Terra,1512,51300,33.9,532,560,108,2
australia,2010-03,MODIS-Terra,1116,61275,54.9,574,310,72,2
australia,2010-04,MODIS-Terra,5715,123723,21.6,1440,1110,381,2
australia,2010-05,MODIS-Terra,7797,339631,43.6,1845,915,503,2
australia,2010-06,MODIS-Terra,7485,138216,18.5,1335,1185,499,2
australia,2010-07,MODIS-Terra,5596,143305,25.6,1132,868,361,2
australia,2010-08,MODIS-Terra,3720,122500,32.9,915,1194,240,2
australia,2010-09,MODIS-Terra,4230,106766,25.2,1425,1635,282,2
australia,2010-10,MODIS-Terra,3968,190323,48.0,1752,822,256,2
australia,2010-11,MODIS-Terra,15180,989472,65.2,8055,3720,1012,2
australia,2010-12,MODIS-Terra,1783,68341,38.3,884,527,115,2
australia,2011-01,MODIS-Terra,3534,243579,68.9,2279,295,228,2
australia,2011-02,MODIS-Terra,714,35514,49.7,280,448,51,2
australia,2011-03,MODIS-Terra,1628,43229,26.6,372,388,105,2
australia,2011-04,MODIS-Terra,5445,157742,29.0,1500,1380,363,2
australia,2011-05,MODIS-Terra,6448,272048,42.2,1860,1457,416,2
australia,2011-06,MODIS-Terra,6285,157885,25.1,1185,915,419,2
australia,2011-07,MODIS-Terra,9347,242253,25.9,2217,1736,603,2
australia,2011-08,MODIS-Terra,14291,2133442,149.3,4728,2914,922,2
australia,2011-09,MODIS-Terra,69900,6681308,95.6,38370,25155,4660,2
australia,2011-10,MODIS-Terra,26583,2147009,80.8,13501,9130,1715,2
australia,2011-11,MODIS-Terra,24030,1022017,42.5,11145,11685,1602,2
australia,2011-12,MODIS-Terra,16198,761214,47.0,6278,6247,1045,2
australia,2012-01,MODIS-Terra,11579,735415,63.5,4774,3922,747,2
australia,2012-02,MODIS-Terra,5409,436752,80.8,2581,1827,373,2
australia,2012-03,MODIS-Terra,1178,27463,23.3,217,264,76,2
australia,2012-04,MODIS-Terra,9750,269310,27.6,3495,1725,650,2
australia,2012-05,MODIS-Terra,16849,488222,29.0,4185,3705,1087,2
australia,2012-06,MODIS-Terra,9825,702149,71.5,2760,1200,655,2
australia,2012-07,MODIS-Terra,16818,526301,31.3,4774,3054,1085,2
australia,2012-08,MODIS-Terra,14493,900473,62.1,4867,3875,935,2
australia,2012-09,MODIS-Terra,47220,3286332,69.6,24600,14325,3148,2
australia,2012-10,MODIS-Terra,111910,9748818,87.1,65534,38254,7220,2
australia,2012-11,MODIS-Terra,35085,3851635,109.8,16530,12000,2339,2
australia,2012-12,MODIS-Terra,17329,941622,54.3,7890,7037,1118,2
australia,2013-01,MODIS-Terra,22816,1727318,75.7,12307,9796,1472,2
australia,2013-02,MODIS-Terra,4004,459546,114.8,2002,1890,286,2
australia,2013-03,MODIS-Terra,1922,85238,44.3,651,496,124,2
australia,2013-04,MODIS-Terra,3105,93066,30.0,840,915,207,2
australia,2013-05,MODIS-Terra,4309,178066,41.3,1333,1070,278,2
australia,2013-06,MODIS-Terra,2130,84737,39.8,390,225,142,2
australia,2013-07,MODIS-Terra,2232,63601,28.5,512,822,144,2
australia,2013-08,MODIS-Terra,10881,404548,37.2,2883,2356,702,2
australia,2013-09,MODIS-Terra,6855,301182,43.9,2100,2550,457,2
australia,2013-10,MODIS-Terra,12664,2482970,196.1,5828,2883,817,2
australia,2013-11,MODIS-Terra,13680,669910,49.0,6285,5505,912,2
australia,2013-12,MODIS-Terra,9254,275655,29.8,3643,4852,597,2
australia,2014-01,MODIS-Terra,5937,353200,59.5,2294,1488,383,2
australia,2014-02,MODIS-Terra,3766,196774,52.3,2352,3108,269,2
australia,2014-03,MODIS-Terra,1318,159728,121.2,667,264,85,2
australia,2014-04,MODIS-Terra,5895,189495,32.1,1905,1650,393,2
australia,2014-05,MODIS-Terra,3534,280958,79.5,930,884,228,2
australia,2014-06,MODIS-Terra,19200,466959,24.3,4200,2175,1280,2
australia,2014-07,MODIS-Terra,5627,229944,40.9,1225,992,363,2
australia,2014-08,MODIS-Terra,15252,731276,47.9,5301,2248,984,2
australia,2014-09,MODIS-Terra,12195,666898,54.7,3960,3150,813,2
australia,2014-10,MODIS-Terra,26009,2278681,87.6,12276,9951,1678,2
australia,2014-11,MODIS-Terra,23175,1506623,65.0,10470,6360,1545,2
australia,2014-12,MODIS-Terra,4883,234335,48.0,1829,1659,315,2
australia,2015-01,MODIS-Terra,2093,165142,78.9,1054,946,135,2
australia,2015-02,MODIS-Terra,3290,254023,77.2,1386,1148,235,2
australia,2015-03,MODIS-Terra,4635,280473,60.5,1333,1876,299,2
australia,2015-04,MODIS-Terra,9900,326082,32.9,2685,1305,660,2
australia,2015-05,MODIS-Terra,16151,442999,27.4,3906,3798,1042,2
australia,2015-06,MODIS-Terra,5610,187992,33.5,1650,840,374,2
australia,2015-07,MODIS-Terra,5968,118894,19.9,1659,1876,385,2
australia,2015-08,MODIS-Terra,5549,239125,43.1,1597,1566,358,2
australia,2015-09,MODIS-Terra,14595,685049,46.9,5910,4740,973,2
australia,2015-10,MODIS-Terra,12214,812479,66.5,4604,3054,788,2
australia,2015-11,MODIS-Terra,21990,1396171,63.5,11280,9555,1466,2
australia,2015-12,MODIS-Terra,2666,289098,108.4,1225,1008,172,2
australia,2016-01,MODIS-Terra,7533,358585,47.6,3767,3271,486,2
australia,2016-02,MODIS-Terra,740,36559,49.4,363,319,51,2
australia,2016-03,MODIS-Terra,2527,62755,24.8,667,1178,163,2
australia,2016-04,MODIS-Terra,6300,205645,32.6,1065,495,420,2
australia,2016-05,MODIS-Terra,2542,103850,40.9,574,496,164,2
australia,2016-06,MODIS-Terra,4710,82174,17.4,975,810,314,2
australia,2016-07,MODIS-Terra,11470,295543,25.8,3240,1752,740,2
australia,2016-08,MODIS-Terra,3007,170190,56.6,868,853,194,2
australia,2016-09,MODIS-Terra,2175,64683,29.7,615,720,145,2
australia,2016-10,MODIS-Terra,14601,699802,47.9,7316,6185,942,2
australia,2016-11,MODIS-Terra,10815,949406,87.8,4860,3750,721,2
australia,2016-12,MODIS-Terra,4743,365344,77.0,2434,1426,306,2
australia,2017-01,MODIS-Terra,1178,27996,23.8,326,496,76,2
australia,2017-02,MODIS-Terra,1470,71765,48.8,602,476,105,2
australia,2017-03,MODIS-Terra,3147,164543,52.3,946,930,203,2
australia,2017-04,MODIS-Terra,4725,137919,29.2,1740,1575,315,2
australia,2017-05,MODIS-Terra,12059,338418,28.1,3069,1860,778,2
australia,2017-06,MODIS-Terra,5610,212638,37.9,855,810,374,2
australia,2017-07,MODIS-Terra,3333,118302,35.5,915,915,215,2
australia,2017-08,MODIS-Terra,6836,505224,73.9,1938,1457,441,2
australia,2017-09,MODIS-Terra,24195,2662717,110.1,12150,8850,1613,2
australia,2017-10,MODIS-Terra,9192,447496,48.7,4557,2728,593,2
australia,2017-11,MODIS-Terra,20160,978713,48.5,9135,8100,1344,2
australia,2017-12,MODIS-Terra,22010,2032410,92.3,12509,6386,1420,2
australia,2018-01,MODIS-Terra,3922,324446,82.7,1891,1876,253,2
australia,2018-02,MODIS-Terra,742,23465,31.6,322,448,53,2
australia,2018-03,MODIS-Terra,3209,158846,49.5,930,295,207,2
australia,2018-04,MODIS-Terra,10110,572143,56.6,3690,2880,674,2
australia,2018-05,MODIS-Terra,14152,361796,25.6,2806,3224,913,2
australia,2018-06,MODIS-Terra,8610,269895,31.3,1995,1470,574,2
australia,2018-07,MODIS-Terra,4449,124356,28.0,729,868,287,2
australia,2018-08,MODIS-Terra,10928,414513,37.9,3395,2279,705,2
australia,2018-09,MODIS-Terra,13305,597509,44.9,4455,2925,887,2
australia,2018-10,MODIS-Terra,16523,1379241,83.5,6805,3271,1066,2
australia,2018-11,MODIS-Terra,27435,2649135,96.6,15420,5115,1829,2
australia,2018-12,MODIS-Terra,16027,1466071,91.5,8711,4495,1034,2
australia,2019-01,MODIS-Terra,12462,1269210,101.8,7487,2806,804,2
australia,2019-02,MODIS-Terra,10192,722485,70.9,5334,6678,728,2
australia,2019-03,MODIS-Terra,2341,90222,38.5,682,403,151,2
australia,2019-04,MODIS-Terra,3690,109965,29.8,975,1140,246,2
australia,2019-05,MODIS-Terra,5503,196509,35.7,1349,1054,355,2
australia,2019-06,MODIS-Terra,11355,210664,18.6,2415,1200,757,2
australia,2019-07,MODIS-Terra,7301,192056,26.3,1721,1922,471,2
australia,2019-08,MODIS-Terra,5844,252245,43.2,1922,1690,377,2
australia,2019-09,MODIS-Terra,12375,607658,49.1,4785,5625,825,2
australia,2019-10,MODIS-Terra,24909,1584092,63.6,13253,14679,1607,2
australia,2019-11,MODIS-Terra,32145,3563354,110.9,17985,14520,2143,2
australia,2019-12,MODIS-Terra,26893,1601117,59.5,11656,5131,1735,2
australia,2020-01,MODIS-Terra,11191,6362008,568.5,6495,4480,722,2
australia,2020-02,MODIS-Terra,3495,1044339,298.9,2088,2407,241,2
australia,2020-03,MODIS-Terra,1163,22554,19.4,372,403,75,2
australia,2020-04,MODIS-Terra,2175,57558,26.5,435,750,145,2
australia,2020-05,MODIS-Terra,2310,76200,33.0,248,310,149,2
australia,2020-06,MODIS-Terra,4560,87323,19.1,645,510,304,2
australia,2020-07,MODIS-Terra,5813,181042,31.1,837,605,375,2
australia,2020-08,MODIS-Terra,2604,93240,35.8,667,775,168,2
australia,2020-09,MODIS-Terra,4410,167046,37.9,1140,1230,294,2
australia,2020-10,MODIS-Terra,9843,280087,28.5,3581,3705,635,2
australia,2020-11,MODIS-Terra,9045,571923,63.2,3120,2205,603,2
australia,2020-12,MODIS-Terra,2372,134272,56.6,744,651,153,2
australia,2021-01,MODIS-Terra,450,16146,35.9,171,202,29,2
australia,2021-02,MODIS-Terra,1554,57071,36.7,434,476,111,2
australia,2021-03,MODIS-Terra,1070,42972,40.2,295,264,69,2
australia,2021-04,MODIS-Terra,10680,240601,22.5,3060,1950,712,2
australia,2021-05,MODIS-Terra,6991,226063,32.3,1457,1023,451,2
australia,2021-06,MODIS-Terra,2880,73195,25.4,495,285,192,2
australia,2021-07,MODIS-Terra,6774,175928,26.0,1969,1566,437,2
australia,2021-08,MODIS-Terra,4123,218204,52.9,1054,698,266,2
australia,2021-09,MODIS-Terra,10110,407051,40.3,3705,795,674,2
australia,2021-10,MODIS-Terra,14679,1014837,69.1,6045,4852,947,2
australia,2021-11,MODIS-Terra,10470,385478,36.8,4185,2580,698,2
australia,2021-12,MODIS-Terra,8572,867571,101.2,4681,3100,553,2
australia,2022-01,MODIS-Terra,4046,181398,44.8,2093,1953,261,2
australia,2022-02,MODIS-Terra,728,21685,29.8,224,210,52,2
australia,2022-03,MODIS-Terra,3751,139142,37.1,1302,1349,242,2
australia,2022-04,MODIS-Terra,12000,529124,44.1,3390,2580,800,2
australia,2022-05,MODIS-Terra,13656,268112,19.6,2635,2217,881,2
australia,2022-06,MODIS-Terra,5355,308057,57.5,1155,1035,357,2
australia,2022-07,MODIS-Terra,5782,255527,44.2,1256,682,373,2
australia,2022-08,MODIS-Terra,6231,245091,39.3,1597,1752,402,2
australia,2022-09,MODIS-Terra,6855,348773,50.9,2445,1875,457,2
australia,2022-10,MODIS-Terra,1814,63207,34.9,853,651,117,2
australia,2022-11,MODIS-Terra,7350,291488,39.7,2850,2580,490,2
australia,2022-12,MODIS-Terra,4836,171506,35.5,1318,1705,312,2
australia,2023-01,MODIS-Terra,1643,50499,30.7,481,295,106,2
australia,2023-02,MODIS-Terra,2030,89673,44.2,784,686,145,2
australia,2023-03,MODIS-Terra,8184,428378,52.3,3922,2852,528,2
australia,2023-04,MODIS-Terra,8745,301997,34.5,2190,2205,583,2
australia,2023-05,MODIS-Terra,11145,492829,44.2,2201,1907,719,2
australia,2023-06,MODIS-Terra,3465,90497,26.1,735,690,231,2
australia,2023-07,MODIS-Terra,3736,74157,19.9,853,1287,241,2
australia,2023-08,MODIS-Terra,6433,211100,32.8,1690,1736,415,2
australia,2023-09,MODIS-Terra,40740,4091247,100.4,20895,16470,2716,2
australia,2023-10,MODIS-Terra,56746,6563232,115.7,27218,26474,3661,2
australia,2023-11,MODIS-Terra,26280,1714508,65.2,13170,12750,1752,2
australia,2023-12,MODIS-Terra,29791,2112538,70.9,15082,9223,1922,2
australia,2024-01,MODIS-Terra,2325,50317,21.6,899,1690,150,2
australia,2024-02,MODIS-Terra,3190,251044,78.7,1711,1624,220,2
australia,2024-03,MODIS-Terra,775,15608,20.1,155,202,50,2
australia,2024-04,MODIS-Terra,7095,237285,33.4,1560,1155,473,2
australia,2024-05,MODIS-Terra,6061,198487,32.8,1395,1705,391,2
australia,2024-06,MODIS-Terra,3195,77677,24.3,615,930,213,2
australia,2024-07,MODIS-Terra,4960,144843,29.2,884,1426,320,2
australia,2024-08,MODIS-Terra,2480,66206,26.7,713,1209,160,2
australia,2024-09,MODIS-Terra,11475,524547,45.7,5175,3330,765,2
australia,2024-10,MODIS-Terra,22150,1754227,79.2,11966,14586,1429,2
australia,2024-11,MODIS-Terra,31440,1743382,55.5,13815,8925,2096,2
australia,2024-12,MODIS-Terra,4418,152706,34.6,1581,2542,285,2
australia,2025-01,MODIS-Terra,6572,236909,36.0,2883,3255,424,2
australia,2025-02,MODIS-Terra,1204,51223,42.5,504,518,86,2
australia,2025-03,MODIS-Terra,2821,268454,95.2,1411,1488,182,2
australia,2025-04,MODIS-Terra,4215,77629,18.4,960,2385,281,2
australia,2025-05,MODIS-Terra,11470,281668,24.6,1969,2914,740,2
australia,2025-06,MODIS-Terra,3735,71591,19.2,990,1185,249,2
australia,2025-07,MODIS-Terra,5022,57548,11.5,729,1845,324,2
australia,2025-08,MODIS-Terra,8169,437508,53.6,2775,3612,527,2
australia,2025-09,MODIS-Terra,9570,719364,75.2,4230,3510,638,2
australia,2025-10,MODIS-Terra,42672,3032166,71.1,22646,25792,2753,2
australia,2025-11,MODIS-Terra,15075,929318,61.6,6240,6615,1005,2
australia,2025-12,MODIS-Terra,7735,270578,35.0,3193,4867,499,2
australia,2026-01,MODIS-Terra,7239,474671,65.6,4092,3550,467,2
australia,2026-02,MODIS-Terra,714,19036,26.7,196,462,51,2
australia,2026-03,MODIS-Terra,899,21430,23.8,217,295,58,2
australia,2026-04,MODIS-Terra,5310,155456,29.3,1500,2265,354,2
australia,2026-05,MODIS-Terra,3534,98837,28.0,868,1891,228,2
australia,2026-06,MODIS-Terra,3300,51009,15.5,690,1575,220,2
australia,2026-07,MODIS-Terra,4418,122238,27.7,1116,2651,285,2
australia,2026-08,MODIS-Terra,8293,994766,120.0,4495,3364,535,2
australia,2026-09,MODIS-Terra,2955,115394,39.1,1500,2490,197,2
australia,2012-01,VIIRS-SNPP,48066,576264,12.0,48066,0,3101,2
australia,2012-02,VIIRS-SNPP,55782,715922,12.8,55782,0,3847,2
australia,2012-03,VIIRS-SNPP,17174,200950,11.7,17174,0,1108,2
australia,2012-04,VIIRS-SNPP,52815,457853,8.7,52815,0,3521,2
australia,2012-05,VIIRS-SNPP,172949,1480300,8.6,172949,0,11158,2
australia,2012-06,VIIRS-SNPP,71370,419131,5.9,71370,0,4758,2
australia,2012-07,VIIRS-SNPP,96069,723757,7.5,96069,0,6198,2
australia,2012-08,VIIRS-SNPP,213404,2281335,10.7,213404,0,13768,2
australia,2012-09,VIIRS-SNPP,389430,4050572,10.4,389430,0,25962,2
australia,2012-10,VIIRS-SNPP,998898,21115875,21.1,998898,0,64445,2
australia,2012-11,VIIRS-SNPP,333690,5805746,17.4,333690,0,22246,2
australia,2012-12,VIIRS-SNPP,227153,2126884,9.4,227153,0,14655,2
australia,2013-01,VIIRS-SNPP,188899,3455730,18.3,188899,0,12187,2
australia,2013-02,VIIRS-SNPP,45626,420900,9.2,45626,0,3259,2
australia,2013-03,VIIRS-SNPP,20367,241871,11.9,20367,0,1314,2
australia,2013-04,VIIRS-SNPP,61035,612788,10.0,61035,0,4069,2
australia,2013-05,VIIRS-SNPP,72168,685655,9.5,72168,0,4656,2
australia,2013-06,VIIRS-SNPP,35325,238491,6.8,35325,0,2355,2
australia,2013-07,VIIRS-SNPP,51352,428893,8.4,51352,0,3313,2
australia,2013-08,VIIRS-SNPP,108655,868856,8.0,108655,0,7010,2
australia,2013-09,VIIRS-SNPP,136185,1436469,10.5,136185,0,9079,2
australia,2013-10,VIIRS-SNPP,210754,2562421,12.2,210754,0,13597,2
australia,2013-11,VIIRS-SNPP,116010,1462911,12.6,116010,0,7734,2
australia,2013-12,VIIRS-SNPP,84041,562751,6.7,84041,0,5422,2
australia,2014-01,VIIRS-SNPP,67193,709168,10.6,67193,0,4335,2
australia,2014-02,VIIRS-SNPP,33544,675189,20.1,33544,0,2396,2
australia,2014-03,VIIRS-SNPP,24165,313584,13.0,24165,0,1559,2
australia,2014-04,VIIRS-SNPP,91875,924390,10.1,91875,0,6125,2
australia,2014-05,VIIRS-SNPP,124543,1147053,9.2,124543,0,8035,2
australia,2014-06,VIIRS-SNPP,147480,1074955,7.3,147480,0,9832,2
australia,2014-07,VIIRS-SNPP,76477,673604,8.8,76477,0,4934,2
australia,2014-08,VIIRS-SNPP,141252,1634596,11.6,141252,0,9113,2
australia,2014-09,VIIRS-SNPP,160380,1882764,11.7,160380,0,10692,2
australia,2014-10,VIIRS-SNPP,262291,3837270,14.6,262291,0,16922,2
australia,2014-11,VIIRS-SNPP,168855,2231384,13.2,168855,0,11257,2
australia,2014-12,VIIRS-SNPP,54359,589513,10.8,54359,0,3507,2
australia,2015-01,VIIRS-SNPP,22894,310967,13.6,22894,0,1477,2
australia,2015-02,VIIRS-SNPP,28728,365767,12.7,28728,0,2052,2
australia,2015-03,VIIRS-SNPP,78492,1091236,13.9,78492,0,5064,2
australia,2015-04,VIIRS-SNPP,121440,967992,8.0,121440,0,8096,2
australia,2015-05,VIIRS-SNPP,175693,1280393,7.3,175693,0,11335,2
australia,2015-06,VIIRS-SNPP,70725,639612,9.0,70725,0,4715,2
australia,2015-07,VIIRS-SNPP,71688,680315,9.5,71688,0,4625,2
australia,2015-08,VIIRS-SNPP,95992,974883,10.2,95992,0,6193,2
australia,2015-09,VIIRS-SNPP,154875,1845293,11.9,154875,0,10325,2
australia,2015-10,VIIRS-SNPP,116917,1508736,12.9,116917,0,7543,2
australia,2015-11,VIIRS-SNPP,196605,2699019,13.7,196605,0,13107,2
australia,2015-12,VIIRS-SNPP,42377,497260,11.7,42377,0,2734,2
australia,2016-01,VIIRS-SNPP,57676,577856,10.0,57676,0,3721,2
australia,2016-02,VIIRS-SNPP,22403,340928,15.2,22403,0,1545,2
australia,2016-03,VIIRS-SNPP,46128,499835,10.8,46128,0,2976,2
australia,2016-04,VIIRS-SNPP,109020,1002886,9.2,109020,0,7268,2
australia,2016-05,VIIRS-SNPP,24366,219688,9.0,24366,0,1572,2
australia,2016-06,VIIRS-SNPP,45885,344269,7.5,45885,0,3059,2
australia,2016-07,VIIRS-SNPP,101200,958886,9.5,101200,0,6529,2
australia,2016-08,VIIRS-SNPP,44578,360821,8.1,44578,0,2876,2
australia,2016-09,VIIRS-SNPP,27165,208392,7.7,27165,0,1811,2
australia,2016-10,VIIRS-SNPP,131564,1399552,10.6,131564,0,8488,2
australia,2016-11,VIIRS-SNPP,139305,1287472,9.2,139305,0,9287,2
australia,2016-12,VIIRS-SNPP,90210,1108872,12.3,90210,0,5820,2
australia,2017-01,VIIRS-SNPP,8866,70389,7.9,8866,0,572,2
australia,2017-02,VIIRS-SNPP,19166,287608,15.0,19166,0,1369,2
australia,2017-03,VIIRS-SNPP,27420,298625,10.9,27420,0,1769,2
australia,2017-04,VIIRS-SNPP,62235,542190,8.7,62235,0,4149,2
australia,2017-05,VIIRS-SNPP,119490,1085916,9.1,119490,0,7709,2
australia,2017-06,VIIRS-SNPP,143670,1106400,7.7,143670,0,9578,2
australia,2017-07,VIIRS-SNPP,49755,377155,7.6,49755,0,3210,2
australia,2017-08,VIIRS-SNPP,83297,743293,8.9,83297,0,5374,2
australia,2017-09,VIIRS-SNPP,294225,4092762,13.9,294225,0,19615,2
australia,2017-10,VIIRS-SNPP,74586,1016634,13.6,74586,0,4812,2
australia,2017-11,VIIRS-SNPP,165015,2322378,14.1,165015,0,11001,2
australia,2017-12,VIIRS-SNPP,204600,4224897,20.6,204600,0,13200,2
australia,2018-01,VIIRS-SNPP,39262,755306,19.2,39262,0,2533,2
australia,2018-02,VIIRS-SNPP,17066,160642,9.4,17066,0,1219,2
australia,2018-03,VIIRS-SNPP,25296,254905,10.1,25296,0,1632,2
australia,2018-04,VIIRS-SNPP,164130,1678562,10.2,164130,0,10942,2
australia,2018-05,VIIRS-SNPP,230873,2111849,9.1,230873,0,14895,2
australia,2018-06,VIIRS-SNPP,138105,1215519,8.8,138105,0,9207,2
australia,2018-07,VIIRS-SNPP,84010,664936,7.9,84010,0,5420,2
australia,2018-08,VIIRS-SNPP,107648,901464,8.4,107648,0,6945,2
australia,2018-09,VIIRS-SNPP,131070,1230438,9.4,131070,0,8738,2
australia,2018-10,VIIRS-SNPP,241475,3939627,16.3,241475,0,15579,2
australia,2018-11,VIIRS-SNPP,152295,2638355,17.3,152295,0,10153,2
australia,2018-12,VIIRS-SNPP,97061,1761012,18.1,97061,0,6262,2
australia,2019-01,VIIRS-SNPP,109337,2208357,20.2,109337,0,7054,2
australia,2019-02,VIIRS-SNPP,118356,4699954,39.7,118356,0,8454,2
australia,2019-03,VIIRS-SNPP,30194,286250,9.5,30194,0,1948,2
australia,2019-04,VIIRS-SNPP,38610,326202,8.4,38610,0,2574,2
australia,2019-05,VIIRS-SNPP,88056,792244,9.0,88056,0,5681,2
australia,2019-06,VIIRS-SNPP,82275,715212,8.7,82275,0,5485,2
australia,2019-07,VIIRS-SNPP,90102,841982,9.3,90102,0,5813,2
australia,2019-08,VIIRS-SNPP,91218,671581,7.4,91218,0,5885,2
australia,2019-09,VIIRS-SNPP,123930,1245276,10.0,123930,0,8262,2
australia,2019-10,VIIRS-SNPP,205236,2242345,10.9,205236,0,13241,2
australia,2019-11,VIIRS-SNPP,544215,9561036,17.6,544215,0,36281,2
australia,2019-12,VIIRS-SNPP,322695,4089070,12.7,322695,0,20819,2
australia,2020-01,VIIRS-SNPP,60838,2031734,33.4,60838,0,3925,2
australia,2020-02,VIIRS-SNPP,41209,1921690,46.6,41209,0,2842,2
australia,2020-03,VIIRS-SNPP,14121,86883,6.2,14121,0,911,2
australia,2020-04,VIIRS-SNPP,44520,383378,8.6,44520,0,2968,2
australia,2020-05,VIIRS-SNPP,48066,372865,7.8,48066,0,3101,2
australia,2020-06,VIIRS-SNPP,58845,436869,7.4,58845,15465,3923,2
australia,2020-07,VIIRS-SNPP,115088,970736,8.4,115088,23529,7425,2
australia,2020-08,VIIRS-SNPP,39541,304491,7.7,39541,15035,2551,2
australia,2020-09,VIIRS-SNPP,43380,438099,10.1,43380,13545,2892,2
australia,2020-10,VIIRS-SNPP,77733,580291,7.5,77733,28303,5015,2
australia,2020-11,VIIRS-SNPP,121140,1290669,10.7,121140,41655,8076,2
australia,2020-12,VIIRS-SNPP,46578,452828,9.7,46578,14431,3005,2
australia,2021-01,VIIRS-SNPP,12912,155184,12.0,12912,5239,833,2
australia,2021-02,VIIRS-SNPP,8764,75467,8.6,8764,3570,626,2
australia,2021-03,VIIRS-SNPP,10649,140638,13.2,10649,2620,687,2
australia,2021-04,VIIRS-SNPP,104370,937349,9.0,104370,25800,6958,2
australia,2021-05,VIIRS-SNPP,88505,807237,9.1,88505,15144,5710,2
australia,2021-06,VIIRS-SNPP,67575,562803,8.3,67575,8430,4505,2
australia,2021-07,VIIRS-SNPP,82212,725544,8.8,82212,11982,5304,2
australia,2021-08,VIIRS-SNPP,79407,696666,8.8,79407,20336,5123,2
australia,2021-09,VIIRS-SNPP,121125,926645,7.7,121125,48315,8075,2
australia,2021-10,VIIRS-SNPP,148661,2090650,14.1,148661,45772,9591,2
australia,2021-11,VIIRS-SNPP,97875,972790,9.9,97875,20610,6525,2
australia,2021-12,VIIRS-SNPP,93698,1286643,13.7,93698,27063,6045,2
australia,2022-01,VIIRS-SNPP,43912,543691,12.4,43912,13206,2833,2
australia,2022-02,VIIRS-SNPP,9548,80409,8.4,9548,3780,682,2
australia,2022-03,VIIRS-SNPP,60373,948353,15.7,60373,13904,3895,2
australia,2022-04,VIIRS-SNPP,248070,2295706,9.3,248070,61395,16538,2
australia,2022-05,VIIRS-SNPP,128294,916968,7.1,128294,30954,8277,2
australia,2022-06,VIIRS-SNPP,100515,828272,8.2,100515,27375,6701,2
australia,2022-07,VIIRS-SNPP,104331,806999,7.7,104331,20755,6731,2
australia,2022-08,VIIRS-SNPP,0,0,0.0,0,0,0,2
australia,2022-09,VIIRS-SNPP,58395,576462,9.9,58395,18450,3893,2
australia,2022-10,VIIRS-SNPP,76369,1112994,14.6,76369,30411,4927,2
australia,2022-11,VIIRS-SNPP,75180,692622,9.2,75180,29340,5012,2
australia,2022-12,VIIRS-SNPP,47849,513608,10.7,47849,13268,3087,2
australia,2023-01,VIIRS-SNPP,8479,79070,9.3,8479,3162,547,2
australia,2023-02,VIIRS-SNPP,16548,201244,12.2,16548,5012,1182,2
australia,2023-03,VIIRS-SNPP,87172,1157815,13.3,87172,34612,5624,2
australia,2023-04,VIIRS-SNPP,110775,1115856,10.1,110775,32595,7385,2
australia,2023-05,VIIRS-SNPP,173182,1162133,6.7,173182,49848,11173,2
australia,2023-06,VIIRS-SNPP,75420,712229,9.4,75420,24510,5028,2
australia,2023-07,VIIRS-SNPP,86940,687040,7.9,86940,20104,5609,2
australia,2023-08,VIIRS-SNPP,95806,784570,8.2,95806,35232,6181,2
australia,2023-09,VIIRS-SNPP,316365,3931300,12.4,316365,158700,21091,2
australia,2023-10,VIIRS-SNPP,646552,11494529,17.8,646552,271498,41713,2
australia,2023-11,VIIRS-SNPP,309855,4046191,13.1,309855,156645,20657,2
australia,2023-12,VIIRS-SNPP,306606,3786625,12.4,306606,105354,19781,2
australia,2024-01,VIIRS-SNPP,26629,373356,14.0,26629,10478,1718,2
australia,2024-02,VIIRS-SNPP,29551,783905,26.5,29551,15051,2038,2
australia,2024-03,VIIRS-SNPP,16337,303096,18.6,16337,3534,1054,2
australia,2024-04,VIIRS-SNPP,109470,1168497,10.7,109470,26175,7298,2
australia,2024-05,VIIRS-SNPP,155434,1504459,9.7,155434,38192,10028,2
australia,2024-06,VIIRS-SNPP,87360,664497,7.6,87360,18435,5824,2
australia,2024-07,VIIRS-SNPP,89110,737719,8.3,89110,21871,5749,2
australia,2024-08,VIIRS-SNPP,84398,856840,10.2,84398,20104,5445,2
australia,2024-09,VIIRS-SNPP,161580,1417673,8.8,161580,78675,10772,2
australia,2024-10,VIIRS-SNPP,277931,3327278,12.0,277931,122404,17931,2
australia,2024-11,VIIRS-SNPP,25935,215746,8.3,25935,13335,1729,2
australia,2024-12,VIIRS-SNPP,77903,745710,9.6,77903,26583,5026,2
australia,2025-01,VIIRS-SNPP,58435,556250,9.5,58435,28954,3770,2
australia,2025-02,VIIRS-SNPP,17248,184324,10.7,17248,7532,1232,2
australia,2025-03,VIIRS-SNPP,40223,429192,10.7,40223,10819,2595,2
australia,2025-04,VIIRS-SNPP,61020,585353,9.6,61020,19095,4068,2
australia,2025-05,VIIRS-SNPP,169369,1554994,9.2,169369,42951,10927,2
australia,2025-06,VIIRS-SNPP,50670,337239,6.7,50670,13680,3378,2
australia,2025-07,VIIRS-SNPP,109616,999905,9.1,109616,23452,7072,2
australia,2025-08,VIIRS-SNPP,94674,858279,9.1,94674,32101,6108,2
australia,2025-09,VIIRS-SNPP,100620,1244565,12.4,100620,37350,6708,2
australia,2025-10,VIIRS-SNPP,479927,6225744,13.0,479927,186388,30963,2
australia,2025-11,VIIRS-SNPP,135750,1392510,10.3,135750,41595,9050,2
australia,2025-12,VIIRS-SNPP,87064,1185475,13.6,87064,32209,5617,2
australia,2026-01,VIIRS-SNPP,84878,2547539,30.0,84878,33217,5476,2
australia,2026-02,VIIRS-SNPP,6860,36145,5.3,6860,3444,490,2
australia,2026-03,VIIRS-SNPP,8649,68556,7.9,8649,3162,558,2
australia,2026-04,VIIRS-SNPP,112515,1348897,12.0,112515,22860,7501,2
australia,2026-05,VIIRS-SNPP,97805,841211,8.6,97805,25327,6310,2
australia,2026-06,VIIRS-SNPP,103335,769727,7.4,103335,17595,6889,2
australia,2026-07,VIIRS-SNPP,124496,1044552,8.4,124496,26180,8032,2
australia,2020-01,VIIRS-NOAA20,74369,1830708,24.6,74369,35449,4798,2
australia,2020-02,VIIRS-NOAA20,25201,489665,19.4,25201,13369,1738,2
australia,2020-03,VIIRS-NOAA20,14741,74505,5.1,14741,8184,951,2
australia,2020-04,VIIRS-NOAA20,46680,476869,10.2,46680,9885,3112,2
australia,2020-05,VIIRS-NOAA20,45229,371306,8.2,45229,10835,2918,2
australia,2020-06,VIIRS-NOAA20,67335,453192,6.7,67335,19455,4489,2
australia,2020-07,VIIRS-NOAA20,122807,991802,8.1,122807,22785,7923,2
australia,2020-08,VIIRS-NOAA20,37278,297371,8.0,37278,14927,2405,2
australia,2020-09,VIIRS-NOAA20,42585,333837,7.8,42585,13605,2839,2
australia,2020-10,VIIRS-NOAA20,77283,674768,8.7,77283,27218,4986,2
australia,2020-11,VIIRS-NOAA20,115500,1180092,10.2,115500,42330,7700,2
australia,2020-12,VIIRS-NOAA20,38611,405269,10.5,38611,11501,2491,2
australia,2021-01,VIIRS-NOAA20,13284,281922,21.2,13284,4697,857,2
australia,2021-02,VIIRS-NOAA20,9730,101290,10.4,9730,3962,695,2
australia,2021-03,VIIRS-NOAA20,8231,76781,9.3,8231,2232,531,2
australia,2021-04,VIIRS-NOAA20,106875,982935,9.2,106875,21120,7125,2
australia,2021-05,VIIRS-NOAA20,83685,616489,7.4,83685,16430,5399,2
australia,2021-06,VIIRS-NOAA20,64515,532953,8.3,64515,8505,4301,2
australia,2021-07,VIIRS-NOAA20,84134,730947,8.7,84134,15438,5428,2
australia,2021-08,VIIRS-NOAA20,82708,674219,8.2,82708,23111,5336,2
australia,2021-09,VIIRS-NOAA20,129525,1232039,9.5,129525,51300,8635,2
australia,2021-10,VIIRS-NOAA20,149854,2006013,13.4,149854,50530,9668,2
australia,2021-11,VIIRS-NOAA20,95160,926054,9.7,95160,21705,6344,2
australia,2021-12,VIIRS-NOAA20,79345,1266473,16.0,79345,21886,5119,2
australia,2022-01,VIIRS-NOAA20,41959,551616,13.1,41959,13268,2707,2
australia,2022-02,VIIRS-NOAA20,9324,75883,8.1,9324,3682,666,2
australia,2022-03,VIIRS-NOAA20,55351,911042,16.5,55351,11377,3571,2
australia,2022-04,VIIRS-NOAA20,232230,1959483,8.4,232230,64635,15482,2
australia,2022-05,VIIRS-NOAA20,128232,951729,7.4,128232,24831,8273,2
australia,2022-06,VIIRS-NOAA20,96870,818145,8.4,96870,27765,6458,2
australia,2022-07,VIIRS-NOAA20,98022,772342,7.9,98022,19871,6324,2
australia,2022-08,VIIRS-NOAA20,78787,616608,7.8,78787,30566,5083,2
australia,2022-09,VIIRS-NOAA20,57045,613965,10.8,57045,20025,3803,2
australia,2022-10,VIIRS-NOAA20,81732,1421602,17.4,81732,27745,5273,2
australia,2022-11,VIIRS-NOAA20,77640,743018,9.6,77640,28665,5176,2
australia,2022-12,VIIRS-NOAA20,43648,454904,10.4,43648,11439,2816,2
australia,2023-01,VIIRS-NOAA20,12540,207783,16.6,12540,3085,809,2
australia,2023-02,VIIRS-NOAA20,14140,153777,10.9,14140,4550,1010,2
australia,2023-03,VIIRS-NOAA20,98534,2338300,23.7,98534,33728,6357,2
australia,2023-04,VIIRS-NOAA20,130590,1258479,9.6,130590,33990,8706,2
australia,2023-05,VIIRS-NOAA20,169167,1076019,6.4,169167,58575,10914,2
australia,2023-06,VIIRS-NOAA20,65925,575993,8.7,65925,11865,4395,2
australia,2023-07,VIIRS-NOAA20,93868,742239,7.9,93868,19732,6056,2
australia,2023-08,VIIRS-NOAA20,93775,746818,8.0,93775,33635,6050,2
australia,2023-09,VIIRS-NOAA20,334365,4877867,14.6,334365,158955,22291,2
australia,2023-10,VIIRS-NOAA20,591899,8580232,14.5,591899,266569,38187,2
australia,2023-11,VIIRS-NOAA20,314730,4882914,15.5,314730,141705,20982,2
australia,2023-12,VIIRS-NOAA20,292454,3649281,12.5,292454,114390,18868,2
australia,2024-01,VIIRS-NOAA20,20228,363443,18.0,20228,7642,1305,2
australia,2024-02,VIIRS-NOAA20,26013,672112,25.8,26013,13761,1794,2
australia,2024-03,VIIRS-NOAA20,6123,80480,13.1,6123,2434,395,2
australia,2024-04,VIIRS-NOAA20,93765,991454,10.6,93765,18450,6251,2
australia,2024-05,VIIRS-NOAA20,160053,1425000,8.9,160053,39246,10326,2
australia,2024-06,VIIRS-NOAA20,88110,738643,8.4,88110,18735,5874,2
australia,2024-07,VIIRS-NOAA20,90133,719904,8.0,90133,24475,5815,2
australia,2024-08,VIIRS-NOAA20,79267,766955,9.7,79267,19918,5114,2
australia,2024-09,VIIRS-NOAA20,157365,1288972,8.2,157365,76200,10491,2
australia,2024-10,VIIRS-NOAA20,249473,3058595,12.3,249473,106284,16095,2
australia,2024-11,VIIRS-NOAA20,228765,2647323,11.6,228765,100755,15251,2
australia,2024-12,VIIRS-NOAA20,85793,830348,9.7,85793,29977,5535,2
australia,2025-01,VIIRS-NOAA20,59582,508691,8.5,59582,26784,3844,2
australia,2025-02,VIIRS-NOAA20,22134,262483,11.9,22134,9394,1581,2
australia,2025-03,VIIRS-NOAA20,38053,376791,9.9,38053,13935,2455,2
australia,2025-04,VIIRS-NOAA20,63090,610110,9.7,63090,19260,4206,2
australia,2025-05,VIIRS-NOAA20,178281,1369230,7.7,178281,49848,11502,2
australia,2025-06,VIIRS-NOAA20,46305,308921,6.7,46305,14430,3087,2
australia,2025-07,VIIRS-NOAA20,109322,1016446,9.3,109322,24180,7053,2
australia,2025-08,VIIRS-NOAA20,86072,748320,8.7,86072,33403,5553,2
australia,2025-09,VIIRS-NOAA20,98295,993671,10.1,98295,36180,6553,2
australia,2025-10,VIIRS-NOAA20,492110,6946538,14.1,492110,233461,31749,2
australia,2025-11,VIIRS-NOAA20,137685,1530312,11.1,137685,40635,9179,2
australia,2025-12,VIIRS-NOAA20,90365,1141310,12.6,90365,31217,5830,2
bangladesh,2000-11,MODIS-Terra,0,0,0.0,0,0,0,2
bangladesh,2000-12,MODIS-Terra,16,310,20.0,0,0,1,2
bangladesh,2001-01,MODIS-Terra,62,403,6.5,0,0,4,2
bangladesh,2001-02,MODIS-Terra,0,0,0.0,0,0,0,2
bangladesh,2001-03,MODIS-Terra,1194,48190,40.4,372,47,77,2
bangladesh,2001-04,MODIS-Terra,1260,38140,30.3,435,450,84,2
bangladesh,2001-05,MODIS-Terra,0,0,0.0,0,0,0,2
bangladesh,2001-06,MODIS-Terra,0,0,0.0,0,0,0,2
bangladesh,2001-07,MODIS-Terra,16,104,6.7,0,0,1,2
bangladesh,2001-08,MODIS-Terra,0,0,0.0,0,0,0,2
bangladesh,2001-09,MODIS-Terra,0,0,0.0,0,0,0,2
bangladesh,2001-10,MODIS-Terra,16,174,11.2,0,0,1,2
bangladesh,2001-11,MODIS-Terra,0,0,0.0,0,0,0,2
bangladesh,2001-12,MODIS-Terra,93,583,6.3,0,0,6,2
bangladesh,2002-01,MODIS-Terra,16,226,14.6,0,0,1,2
bangladesh,2002-02,MODIS-Terra,84,1543,18.4,0,0,6,2
bangladesh,2002-03,MODIS-Terra,310,19127,61.7,109,93,20,2
bangladesh,2002-04,MODIS-Terra,510,19367,38.0,285,15,34,2
bangladesh,2002-05,MODIS-Terra,78,608,7.8,0,0,5,2
bangladesh,2002-06,MODIS-Terra,0,0,0.0,0,0,0,2
bangladesh,2002-07,MODIS-Terra,0,0,0.0,0,0,0,2
bangladesh,2002-08,MODIS-Terra,0,0,0.0,0,0,0,2
bangladesh,2002-09,MODIS-Terra,0,0,0.0,0,0,0,2
bangladesh,2002-10,MODIS-Terra,0,0,0.0,0,0,0,2
bangladesh,2002-11,MODIS-Terra,0,0,0.0,0,0,0,2
bangladesh,2002-12,MODIS-Terra,0,0,0.0,0,0,0,2
bangladesh,2003-01,MODIS-Terra,78,1192,15.4,0,0,5,2
bangladesh,2003-02,MODIS-Terra,168,3177,18.9,42,0,12,2
bangladesh,2003-03,MODIS-Terra,1085,33234,30.6,217,155,70,2
bangladesh,2003-04,MODIS-Terra,195,22296,114.3,60,30,13,2
bangladesh,2003-05,MODIS-Terra,0,0,0.0,0,0,0,2
bangladesh,2003-06,MODIS-Terra,0,0,0.0,0,0,0,2
bangladesh,2003-07,MODIS-Terra,0,0,0.0,0,0,0,2
bangladesh,2003-08,MODIS-Terra,0,0,0.0,0,0,0,2
bangladesh,2003-09,MODIS-Terra,0,0,0.0,0,0,0,2
bangladesh,2003-10,MODIS-Terra,0,0,0.0,0,0,0,2
bangladesh,2003-11,MODIS-Terra,0,0,0.0,0,0,0,2
bangladesh,2003-12,MODIS-Terra,0,0,0.0,0,0,0,2
bangladesh,2004-01,MODIS-Terra,0,0,0.0,0,0,0,2
bangladesh,2004-02,MODIS-Terra,0,0,0.0,0,0,0,2
bangladesh,2004-03,MODIS-Terra,1225,104197,85.1,403,248,79,2
bangladesh,2004-04,MODIS-Terra,15,96,6.4,0,0,1,2
bangladesh,2004-05,MODIS-Terra,93,2051,22.0,31,0,6,2
bangladesh,2004-06,MODIS-Terra,15,324,21.6,0,0,1,2
bangladesh,2004-07,MODIS-Terra,0,0,0.0,0,0,0,2
bangladesh,2004-08,MODIS-Terra,0,0,0.0,0,0,0,2
bangladesh,2004-09,MODIS-Terra,0,0,0.0,0,0,0,2
bangladesh,2004-10,MODIS-Terra,0,0,0.0,0,0,0,2
bangladesh,2004-11,MODIS-Terra,0,0,0.0,0,0,0,2
bangladesh,2004-12,MODIS-Terra,0,0,0.0,0,0,0,2
bangladesh,2005-01,MODIS-Terra,93,4597,49.4,31,47,6,2
bangladesh,2005-02,MODIS-Terra,28,753,26.9,0,0,2,2
bangladesh,2005-03,MODIS-Terra,713,29541,41.4,279,109,46,2
bangladesh,2005-04,MODIS-Terra,330,17436,52.8,120,150,22,2
bangladesh,2005-05,MODIS-Terra,0,0,0.0,0,0,0,2
bangladesh,2005-06,MODIS-Terra,0,0,0.0,0,0,0,2
bangladesh,2005-07,MODIS-Terra,0,0,0.0,0,0,0,2
bangladesh,2005-08,MODIS-Terra,0,0,0.0,0,0,0,2
bangladesh,2005-09,MODIS-Terra,0,0,0.0,0,0,0,2
bangladesh,2005-10,MODIS-Terra,0,0,0.0,0,0,0,2
bangladesh,2005-11,MODIS-Terra,60,527,8.8,0,0,4,2
bangladesh,2005-12,MODIS-Terra,31,546,17.6,0,0,2,2
bangladesh,2006-01,MODIS-Terra,16,91,5.9,0,0,1,2
bangladesh,2006-02,MODIS-Terra,42,683,16.3,28,42,3,2
bangladesh,2006-03,MODIS-Terra,1054,55673,52.8,279,574,68,2
bangladesh,2006-04,MODIS-Terra,615,10790,17.5,120,300,41,2
bangladesh,2006-05,MODIS-Terra,47,1001,21.5,0,0,3,2
bangladesh,2006-06,MODIS-Terra,0,0,0.0,0,0,0,2
bangladesh,2006-07,MODIS-Terra,0,0,0.0,0,0,0,2
bangladesh,2006-08,MODIS-Terra,0,0,0.0,0,0,0,2
bangladesh,2006-09,MODIS-Terra,0,0,0.0,0,0,0,2
bangladesh,2006-10,MODIS-Terra,16,169,10.9,0,0,1,2
bangladesh,2006-11,MODIS-Terra,0,0,0.0,0,0,0,2
bangladesh,2006-12,MODIS-Terra,62,406,6.6,0,0,4,2
bangladesh,2007-01,MODIS-Terra,16,229,14.8,0,16,1,2
bangladesh,2007-02,MODIS-Terra,168,1176,7.0,0,0,12,2
bangladesh,2007-03,MODIS-Terra,1829,56198,30.7,558,899,118,2
bangladesh,2007-04,MODIS-Terra,180,2889,16.1,15,0,12,2
bangladesh,2007-05,MODIS-Terra,31,274,8.9,0,0,2,2
bangladesh,2007-06,MODIS-Terra,0,0,0.0,0,0,0,2
bangladesh,2007-07,MODIS-Terra,0,0,0.0,0,0,0,2
bangladesh,2007-08,MODIS-Terra,0,0,0.0,0,0,0,2
bangladesh,2007-09,MODIS-Terra,30,518,17.3,15,0,2,2
bangladesh,2007-10,MODIS-Terra,0,0,0.0,0,0,0,2
bangladesh,2007-11,MODIS-Terra,0,0,0.0,0,0,0,2
bangladesh,2007-12,MODIS-Terra,0,0,0.0,0,0,0,2
bangladesh,2008-01,MODIS-Terra,78,702,9.1,0,0,5,2
bangladesh,2008-02,MODIS-Terra,0,0,0.0,0,0,0,2
bangladesh,2008-03,MODIS-Terra,16,113,7.3,0,16,1,2
bangladesh,2008-04,MODIS-Terra,2580,73317,28.4,750,420,172,2
bangladesh,2008-05,MODIS-Terra,31,277,8.9,0,0,2,2
bangladesh,2008-06,MODIS-Terra,0,0,0.0,0,0,0,2
bangladesh,2008-07,MODIS-Terra,0,0,0.0,0,0,0,2
bangladesh,2008-08,MODIS-Terra,0,0,0.0,0,0,0,2
bangladesh,2008-09,MODIS-Terra,0,0,0.0,0,0,0,2
bangladesh,2008-10,MODIS-Terra,31,214,6.9,0,0,2,2
bangladesh,2008-11,MODIS-Terra,0,0,0.0,0,0,0,2
bangladesh,2008-12,MODIS-Terra,0,0,0.0,0,0,0,2
bangladesh,2009-01,MODIS-Terra,0,0,0.0,0,0,0,2
bangladesh,2009-02,MODIS-Terra,742,7718,10.4,56,14,53,2
bangladesh,2009-03,MODIS-Terra,3410,60608,17.8,589,1271,220,2
bangladesh,2009-04,MODIS-Terra,285,8601,30.2,210,285,19,2
bangladesh,2009-05,MODIS-Terra,31,546,17.6,0,0,2,2
bangladesh,2009-06,MODIS-Terra,15,429,28.6,0,0,1,2
bangladesh,2009-07,MODIS-Terra,16,62,4.0,0,16,1,2
bangladesh,2009-08,MODIS-Terra,0,0,0.0,0,0,0,2
bangladesh,2009-09,MODIS-Terra,0,0,0.0,0,0,0,2
bangladesh,2009-10,MODIS-Terra,0,0,0.0,0,0,0,2
bangladesh,2009-11,MODIS-Terra,45,324,7.2,0,30,3,2
bangladesh,2009-12,MODIS-Terra,0,0,0.0,0,0,0,2
bangladesh,2010-01,MODIS-Terra,93,735,7.9,16,0,6,2
bangladesh,2010-02,MODIS-Terra,70,1261,18.0,0,56,5,2
bangladesh,2010-03,MODIS-Terra,2372,93507,39.4,543,217,153,2
bangladesh,2010-04,MODIS-Terra,210,5781,27.5,60,75,14,2
bangladesh,2010-05,MODIS-Terra,0,0,0.0,0,0,0,2
bangladesh,2010-06,MODIS-Terra,0,0,0.0,0,0,0,2
bangladesh,2010-07,MODIS-Terra,0,0,0.0,0,0,0,2
bangladesh,2010-08,MODIS-Terra,0,0,0.0,0,0,0,2
bangladesh,2010-09,MODIS-Terra,0,0,0.0,0,0,0,2
bangladesh,2010-10,MODIS-Terra,0,0,0.0,0,0,0,2
bangladesh,2010-11,MODIS-Terra,30,174,5.8,0,0,2,2
bangladesh,2010-12,MODIS-Terra,16,127,8.2,0,0,1,2
bangladesh,2011-01,MODIS-Terra,16,803,51.8,16,16,1,2
bangladesh,2011-02,MODIS-Terra,98,903,9.2,0,14,7,2
bangladesh,2011-03,MODIS-Terra,388,13654,35.2,47,171,25,2
bangladesh,2011-04,MODIS-Terra,990,12614,12.7,225,30,66,2
bangladesh,2011-05,MODIS-Terra,0,0,0.0,0,0,0,2
bangladesh,2011-06,MODIS-Terra,0,0,0.0,0,0,0,2
bangladesh,2011-07,MODIS-Terra,0,0,0.0,0,0,0,2
bangladesh,2011-08,MODIS-Terra,0,0,0.0,0,0,0,2
bangladesh,2011-09,MODIS-Terra,0,0,0.0,0,0,0,2
bangladesh,2011-10,MODIS-Terra,0,0,0.0,0,0,0,2
bangladesh,2011-11,MODIS-Terra,0,0,0.0,0,0,0,2
bangladesh,2011-12,MODIS-Terra,47,815,17.5,16,0,3,2
bangladesh,2012-01,MODIS-Terra,31,140,4.5,0,0,2,2
bangladesh,2012-02,MODIS-Terra,102,876,8.6,0,0,7,2
bangladesh,2012-03,MODIS-Terra,186,2599,14.0,0,171,12,2
bangladesh,2012-04,MODIS-Terra,45,339,7.5,0,0,3,2
bangladesh,2012-05,MODIS-Terra,78,1781,23.0,0,0,5,2
bangladesh,2012-06,MODIS-Terra,0,0,0.0,0,0,0,2
bangladesh,2012-07,MODIS-Terra,0,0,0.0,0,0,0,2
bangladesh,2012-08,MODIS-Terra,0,0,0.0,0,0,0,2
bangladesh,2012-09,MODIS-Terra,15,129,8.6,0,0,1,2
bangladesh,2012-10,MODIS-Terra,0,0,0.0,0,0,0,2
bangladesh,2012-11,MODIS-Terra,0,0,0.0,0,0,0,2
bangladesh,2012-12,MODIS-Terra,31,229,7.4,0,0,2,2
bangladesh,2013-01,MODIS-Terra,0,0,0.0,0,0,0,2
bangladesh,2013-02,MODIS-Terra,70,396,5.7,0,0,5,2
bangladesh,2013-03,MODIS-Terra,1101,35768,32.5,264,651,71,2
bangladesh,2013-04,MODIS-Terra,180,3887,21.6,45,0,12,2
bangladesh,2013-05,MODIS-Terra,31,233,7.5,0,0,2,2
bangladesh,2013-06,MODIS-Terra,0,0,0.0,0,0,0,2
bangladesh,2013-07,MODIS-Terra,0,0,0.0,0,0,0,2
bangladesh,2013-08,MODIS-Terra,0,0,0.0,0,0,0,2
bangladesh,2013-09,MODIS-Terra,0,0,0.0,0,0,0,2
bangladesh,2013-10,MODIS-Terra,0,0,0.0,0,0,0,2
bangladesh,2013-11,MODIS-Terra,0,0,0.0,0,0,0,2
bangladesh,2013-12,MODIS-Terra,0,0,0.0,0,0,0,2
bangladesh,2014-01,MODIS-Terra,47,394,8.5,0,0,3,2
bangladesh,2014-02,MODIS-Terra,0,0,0.0,0,0,0,2
bangladesh,2014-03,MODIS-Terra,1271,17538,13.8,124,93,82,2
bangladesh,2014-04,MODIS-Terra,315,11962,38.0,90,225,21,2
bangladesh,2014-05,MODIS-Terra,0,0,0.0,0,0,0,2
bangladesh,2014-06,MODIS-Terra,0,0,0.0,0,0,0,2
bangladesh,2014-07,MODIS-Terra,0,0,0.0,0,0,0,2
bangladesh,2014-08,MODIS-Terra,0,0,0.0,0,0,0,2
bangladesh,2014-09,MODIS-Terra,0,0,0.0,0,0,0,2
bangladesh,2014-10,MODIS-Terra,0,0,0.0,0,0,0,2
bangladesh,2014-11,MODIS-Terra,15,93,6.2,0,0,1,2
bangladesh,2014-12,MODIS-Terra,31,1229,39.7,0,0,2,2
bangladesh,2015-01,MODIS-Terra,0,0,0.0,0,0,0,2
bangladesh,2015-02,MODIS-Terra,42,756,18.0,0,14,3,2
bangladesh,2015-03,MODIS-Terra,527,43974,83.4,109,0,34,2
bangladesh,2015-04,MODIS-Terra,60,711,11.8,0,0,4,2
bangladesh,2015-05,MODIS-Terra,0,0,0.0,0,0,0,2
bangladesh,2015-06,MODIS-Terra,0,0,0.0,0,0,0,2
bangladesh,2015-07,MODIS-Terra,0,0,0.0,0,0,0,2
bangladesh,2015-08,MODIS-Terra,0,0,0.0,0,0,0,2
bangladesh,2015-09,MODIS-Terra,0,0,0.0,0,0,0,2
bangladesh,2015-10,MODIS-Terra,0,0,0.0,0,0,0,2
bangladesh,2015-11,MODIS-Terra,15,84,5.6,0,0,1,2
bangladesh,2015-12,MODIS-Terra,47,338,7.3,0,0,3,2
bangladesh,2016-01,MODIS-Terra,0,0,0.0,0,0,0,2
bangladesh,2016-02,MODIS-Terra,102,795,7.8,0,0,7,2
bangladesh,2016-03,MODIS-Terra,78,949,12.2,0,0,5,2
bangladesh,2016-04,MODIS-Terra,255,3924,15.4,45,120,17,2
bangladesh,2016-05,MODIS-Terra,0,0,0.0,0,0,0,2
bangladesh,2016-06,MODIS-Terra,0,0,0.0,0,0,0,2
bangladesh,2016-07,MODIS-Terra,0,0,0.0,0,0,0,2
bangladesh,2016-08,MODIS-Terra,0,0,0.0,0,0,0,2
bangladesh,2016-09,MODIS-Terra,0,0,0.0,0,0,0,2
bangladesh,2016-10,MODIS-Terra,0,0,0.0,0,0,0,2
bangladesh,2016-11,MODIS-Terra,30,159,5.3,0,0,2,2
bangladesh,2016-12,MODIS-Terra,31,211,6.8,0,0,2,2
bangladesh,2017-01,MODIS-Terra,0,0,0.0,0,0,0,2
bangladesh,2017-02,MODIS-Terra,98,1889,19.3,0,28,7,2
bangladesh,2017-03,MODIS-Terra,109,7995,73.7,0,0,7,2
bangladesh,2017-04,MODIS-Terra,60,624,10.4,0,0,4,2
bangladesh,2017-05,MODIS-Terra,16,124,8.0,0,0,1,2
bangladesh,2017-06,MODIS-Terra,0,0,0.0,0,0,0,2
bangladesh,2017-07,MODIS-Terra,0,0,0.0,0,0,0,2
bangladesh,2017-08,MODIS-Terra,0,0,0.0,0,0,0,2
bangladesh,2017-09,MODIS-Terra,15,65,4.3,0,0,1,2
bangladesh,2017-10,MODIS-Terra,0,0,0.0,0,0,0,2
bangladesh,2017-11,MODIS-Terra,0,0,0.0,0,0,0,2
bangladesh,2017-12,MODIS-Terra,0,0,0.0,0,0,0,2
bangladesh,2018-01,MODIS-Terra,31,657,21.2,0,0,2,2
bangladesh,2018-02,MODIS-Terra,168,805,4.8,0,0,12,2
bangladesh,2018-03,MODIS-Terra,1023,23097,22.6,155,217,66,2
bangladesh,2018-04,MODIS-Terra,45,680,15.1,0,15,3,2
bangladesh,2018-05,MODIS-Terra,31,288,9.3,0,0,2,2
bangladesh,2018-06,MODIS-Terra,30,153,5.1,0,30,2,2
bangladesh,2018-07,MODIS-Terra,0,0,0.0,0,0,0,2
bangladesh,2018-08,MODIS-Terra,0,0,0.0,0,0,0,2
bangladesh,2018-09,MODIS-Terra,0,0,0.0,0,0,0,2
bangladesh,2018-10,MODIS-Terra,31,783,25.3,0,0,2,2
bangladesh,2018-11,MODIS-Terra,0,0,0.0,0,0,0,2
bangladesh,2018-12,MODIS-Terra,0,0,0.0,0,0,0,2
bangladesh,2019-01,MODIS-Terra,124,1163,9.4,16,0,8,2
bangladesh,2019-02,MODIS-Terra,28,745,26.6,0,0,2,2
bangladesh,2019-03,MODIS-Terra,326,3987,12.2,31,0,21,2
bangladesh,2019-04,MODIS-Terra,105,953,9.1,15,105,7,2
bangladesh,2019-05,MODIS-Terra,0,0,0.0,0,0,0,2
bangladesh,2019-06,MODIS-Terra,30,209,7.0,0,0,2,2
bangladesh,2019-07,MODIS-Terra,0,0,0.0,0,0,0,2
bangladesh,2019-08,MODIS-Terra,0,0,0.0,0,0,0,2
bangladesh,2019-09,MODIS-Terra,0,0,0.0,0,0,0,2
bangladesh,2019-10,MODIS-Terra,0,0,0.0,0,0,0,2
bangladesh,2019-11,MODIS-Terra,15,116,7.7,0,0,1,2
bangladesh,2019-12,MODIS-Terra,0,0,0.0,0,0,0,2
bangladesh,2020-01,MODIS-Terra,0,0,0.0,0,0,0,2
bangladesh,2020-02,MODIS-Terra,29,352,12.2,0,15,2,2
bangladesh,2020-03,MODIS-Terra,109,1302,12.0,16,0,7,2
bangladesh,2020-04,MODIS-Terra,30,2210,73.7,0,0,2,2
bangladesh,2020-05,MODIS-Terra,0,0,0.0,0,0,0,2
bangladesh,2020-06,MODIS-Terra,30,252,8.4,0,0,2,2
bangladesh,2020-07,MODIS-Terra,0,0,0.0,0,0,0,2
bangladesh,2020-08,MODIS-Terra,0,0,0.0,0,0,0,2
bangladesh,2020-09,MODIS-Terra,0,0,0.0,0,0,0,2
bangladesh,2020-10,MODIS-Terra,0,0,0.0,0,0,0,2
bangladesh,2020-11,MODIS-Terra,75,731,9.7,0,0,5,2
bangladesh,2020-12,MODIS-Terra,0,0,0.0,0,0,0,2
bangladesh,2021-01,MODIS-Terra,0,0,0.0,0,0,0,2
bangladesh,2021-02,MODIS-Terra,14,440,31.4,0,0,1,2
bangladesh,2021-03,MODIS-Terra,202,5281,26.2,16,62,13,2
bangladesh,2021-04,MODIS-Terra,510,10905,21.4,120,225,34,2
bangladesh,2021-05,MODIS-Terra,124,5030,40.6,0,0,8,2
bangladesh,2021-06,MODIS-Terra,30,272,9.1,0,0,2,2
bangladesh,2021-07,MODIS-Terra,0,0,0.0,0,0,0,2
bangladesh,2021-08,MODIS-Terra,0,0,0.0,0,0,0,2
bangladesh,2021-09,MODIS-Terra,15,229,15.3,0,0,1,2
bangladesh,2021-10,MODIS-Terra,31,238,7.7,0,0,2,2
bangladesh,2021-11,MODIS-Terra,0,0,0.0,0,0,0,2
bangladesh,2021-12,MODIS-Terra,0,0,0.0,0,0,0,2
bangladesh,2022-01,MODIS-Terra,0,0,0.0,0,0,0,2
bangladesh,2022-02,MODIS-Terra,280,2240,8.0,0,0,20,2
bangladesh,2022-03,MODIS-Terra,822,39634,48.2,341,388,53,2
bangladesh,2022-04,MODIS-Terra,180,3062,17.0,30,0,12,2
bangladesh,2022-05,MODIS-Terra,62,836,13.5,0,0,4,2
bangladesh,2022-06,MODIS-Terra,0,0,0.0,0,0,0,2
bangladesh,2022-07,MODIS-Terra,0,0,0.0,0,0,0,2
bangladesh,2022-08,MODIS-Terra,0,0,0.0,0,0,0,2
bangladesh,2022-09,MODIS-Terra,0,0,0.0,0,0,0,2
bangladesh,2022-10,MODIS-Terra,16,101,6.5,0,0,1,2
bangladesh,2022-11,MODIS-Terra,45,319,7.1,0,0,3,2
bangladesh,2022-12,MODIS-Terra,0,0,0.0,0,0,0,2
bangladesh,2023-01,MODIS-Terra,0,0,0.0,0,0,0,2
bangladesh,2023-02,MODIS-Terra,0,0,0.0,0,0,0,2
bangladesh,2023-03,MODIS-Terra,233,7143,30.7,62,140,15,2
bangladesh,2023-04,MODIS-Terra,945,15961,16.9,210,525,63,2
bangladesh,2023-05,MODIS-Terra,47,434,9.3,0,0,3,2
bangladesh,2023-06,MODIS-Terra,0,0,0.0,0,0,0,2
bangladesh,2023-07,MODIS-Terra,16,170,11.0,0,0,1,2
bangladesh,2023-08,MODIS-Terra,0,0,0.0,0,0,0,2
bangladesh,2023-09,MODIS-Terra,0,0,0.0,0,0,0,2
bangladesh,2023-10,MODIS-Terra,0,0,0.0,0,0,0,2
bangladesh,2023-11,MODIS-Terra,0,0,0.0,0,0,0,2
bangladesh,2023-12,MODIS-Terra,0,0,0.0,0,0,0,2
bangladesh,2024-01,MODIS-Terra,0,0,0.0,0,0,0,2
bangladesh,2024-02,MODIS-Terra,0,0,0.0,0,0,0,2
bangladesh,2024-03,MODIS-Terra,124,1409,11.4,0,78,8,2
bangladesh,2024-04,MODIS-Terra,465,11479,24.7,120,330,31,2
bangladesh,2024-05,MODIS-Terra,0,0,0.0,0,0,0,2
bangladesh,2024-06,MODIS-Terra,0,0,0.0,0,0,0,2
bangladesh,2024-07,MODIS-Terra,0,0,0.0,0,0,0,2
bangladesh,2024-08,MODIS-Terra,0,0,0.0,0,0,0,2
bangladesh,2024-09,MODIS-Terra,135,1380,10.2,0,0,9,2
bangladesh,2024-10,MODIS-Terra,0,0,0.0,0,0,0,2
bangladesh,2024-11,MODIS-Terra,15,177,11.8,0,0,1,2
bangladesh,2024-12,MODIS-Terra,31,379,12.2,16,16,2,2
bangladesh,2025-01,MODIS-Terra,0,0,0.0,0,0,0,2
bangladesh,2025-02,MODIS-Terra,154,2506,16.3,42,84,11,2
bangladesh,2025-03,MODIS-Terra,465,6542,14.1,93,78,30,2
bangladesh,2025-04,MODIS-Terra,375,9725,25.9,75,180,25,2
bangladesh,2025-05,MODIS-Terra,0,0,0.0,0,0,0,2
bangladesh,2025-06,MODIS-Terra,15,185,12.4,0,0,1,2
bangladesh,2025-07,MODIS-Terra,0,0,0.0,0,0,0,2
bangladesh,2025-08,MODIS-Terra,0,0,0.0,0,0,0,2
bangladesh,2025-09,MODIS-Terra,0,0,0.0,0,0,0,2
bangladesh,2025-10,MODIS-Terra,0,0,0.0,0,0,0,2
bangladesh,2025-11,MODIS-Terra,0,0,0.0,0,0,0,2
bangladesh,2025-12,MODIS-Terra,16,234,15.1,0,0,1,2
bangladesh,2026-01,MODIS-Terra,16,82,5.3,0,16,1,2
bangladesh,2026-02,MODIS-Terra,56,1438,25.7,0,0,4,2
bangladesh,2026-03,MODIS-Terra,16,170,10.9,16,16,1,2
bangladesh,2026-04,MODIS-Terra,75,539,7.2,30,75,5,2
bangladesh,2026-05,MODIS-Terra,0,0,0.0,0,0,0,2
bangladesh,2026-06,MODIS-Terra,0,0,0.0,0,0,0,2
bangladesh,2026-07,MODIS-Terra,0,0,0.0,0,0,0,2
bangladesh,2026-08,MODIS-Terra,31,351,11.3,0,16,2,2
bangladesh,2026-09,MODIS-Terra,0,0,0.0,0,0,0,2
bangladesh,2012-01,VIIRS-SNPP,434,1203,2.8,434,0,28,2
bangladesh,2012-02,VIIRS-SNPP,2465,10853,4.4,2465,0,170,2
bangladesh,2012-03,VIIRS-SNPP,21886,350805,16.0,21886,0,1412,2
bangladesh,2012-04,VIIRS-SNPP,1590,15579,9.8,1590,0,106,2
bangladesh,2012-05,VIIRS-SNPP,1426,8894,6.2,1426,0,92,2
bangladesh,2012-06,VIIRS-SNPP,15,6,0.4,15,0,1,2
bangladesh,2012-07,VIIRS-SNPP,16,31,2.0,16,0,1,2
bangladesh,2012-08,VIIRS-SNPP,16,19,1.2,16,0,1,2
bangladesh,2012-09,VIIRS-SNPP,30,90,3.0,30,0,2,2
bangladesh,2012-10,VIIRS-SNPP,140,443,3.2,140,0,9,2
bangladesh,2012-11,VIIRS-SNPP,285,1652,5.8,285,0,19,2
bangladesh,2012-12,VIIRS-SNPP,605,2816,4.7,605,0,39,2
bangladesh,2013-01,VIIRS-SNPP,1690,6936,4.1,1690,0,109,2
bangladesh,2013-02,VIIRS-SNPP,1722,9300,5.4,1722,0,123,2
bangladesh,2013-03,VIIRS-SNPP,24893,372825,15.0,24893,0,1606,2
bangladesh,2013-04,VIIRS-SNPP,16365,165489,10.1,16365,0,1091,2
bangladesh,2013-05,VIIRS-SNPP,47,149,3.2,47,0,3,2
bangladesh,2013-06,VIIRS-SNPP,15,48,3.2,15,0,1,2
bangladesh,2013-07,VIIRS-SNPP,31,113,3.6,31,0,2,2
bangladesh,2013-08,VIIRS-SNPP,248,4856,19.6,248,0,16,2
bangladesh,2013-09,VIIRS-SNPP,60,230,3.8,60,0,4,2
bangladesh,2013-10,VIIRS-SNPP,16,28,1.8,16,0,1,2
bangladesh,2013-11,VIIRS-SNPP,420,1349,3.2,420,0,28,2
bangladesh,2013-12,VIIRS-SNPP,372,1012,2.7,372,0,24,2
bangladesh,2014-01,VIIRS-SNPP,884,3821,4.3,884,0,57,2
bangladesh,2014-02,VIIRS-SNPP,2450,9561,3.9,2450,0,175,2
bangladesh,2014-03,VIIRS-SNPP,22227,380138,17.1,22227,0,1434,2
bangladesh,2014-04,VIIRS-SNPP,57210,348559,6.1,57210,0,3814,2
bangladesh,2014-05,VIIRS-SNPP,527,2147,4.1,527,0,34,2
bangladesh,2014-06,VIIRS-SNPP,180,597,3.3,180,0,12,2
bangladesh,2014-07,VIIRS-SNPP,93,175,1.9,93,0,6,2
bangladesh,2014-08,VIIRS-SNPP,62,279,4.5,62,0,4,2
bangladesh,2014-09,VIIRS-SNPP,105,230,2.2,105,0,7,2
bangladesh,2014-10,VIIRS-SNPP,248,463,1.9,248,0,16,2
bangladesh,2014-11,VIIRS-SNPP,945,3909,4.1,945,0,63,2
bangladesh,2014-12,VIIRS-SNPP,2108,8052,3.8,2108,0,136,2
bangladesh,2015-01,VIIRS-SNPP,1628,4447,2.7,1628,0,105,2
bangladesh,2015-02,VIIRS-SNPP,1302,8135,6.2,1302,0,93,2
bangladesh,2015-03,VIIRS-SNPP,23266,229648,9.9,23266,0,1501,2
bangladesh,2015-04,VIIRS-SNPP,6885,76621,11.1,6885,0,459,2
bangladesh,2015-05,VIIRS-SNPP,450,2539,5.6,450,0,29,2
bangladesh,2015-06,VIIRS-SNPP,30,105,3.5,30,0,2,2
bangladesh,2015-07,VIIRS-SNPP,16,19,1.2,16,0,1,2
bangladesh,2015-08,VIIRS-SNPP,31,153,5.0,31,0,2,2
bangladesh,2015-09,VIIRS-SNPP,60,87,1.4,60,0,4,2
bangladesh,2015-10,VIIRS-SNPP,171,471,2.8,171,0,11,2
bangladesh,2015-11,VIIRS-SNPP,660,2264,3.4,660,0,44,2
bangladesh,2015-12,VIIRS-SNPP,1116,4005,3.6,1116,0,72,2
bangladesh,2016-01,VIIRS-SNPP,558,1321,2.4,558,0,36,2
bangladesh,2016-02,VIIRS-SNPP,4611,28637,6.2,4611,0,318,2
bangladesh,2016-03,VIIRS-SNPP,9099,134896,14.8,9099,0,587,2
bangladesh,2016-04,VIIRS-SNPP,11805,147968,12.5,11805,0,787,2
bangladesh,2016-05,VIIRS-SNPP,744,3117,4.2,744,0,48,2
bangladesh,2016-06,VIIRS-SNPP,75,182,2.4,75,0,5,2
bangladesh,2016-07,VIIRS-SNPP,0,0,0.0,0,0,0,2
bangladesh,2016-08,VIIRS-SNPP,140,313,2.2,140,0,9,2
bangladesh,2016-09,VIIRS-SNPP,135,227,1.7,135,0,9,2
bangladesh,2016-10,VIIRS-SNPP,186,436,2.3,186,0,12,2
bangladesh,2016-11,VIIRS-SNPP,375,1083,2.9,375,0,25,2
bangladesh,2016-12,VIIRS-SNPP,1612,5442,3.4,1612,0,104,2
bangladesh,2017-01,VIIRS-SNPP,2124,6609,3.1,2124,0,137,2
bangladesh,2017-02,VIIRS-SNPP,1526,10310,6.8,1526,0,109,2
bangladesh,2017-03,VIIRS-SNPP,4077,32790,8.0,4077,0,263,2
bangladesh,2017-04,VIIRS-SNPP,3885,31723,8.2,3885,0,259,2
bangladesh,2017-05,VIIRS-SNPP,109,670,6.2,109,0,7,2
bangladesh,2017-06,VIIRS-SNPP,0,0,0.0,0,0,0,2
bangladesh,2017-07,VIIRS-SNPP,47,90,1.9,47,0,3,2
bangladesh,2017-08,VIIRS-SNPP,0,0,0.0,0,0,0,2
bangladesh,2017-09,VIIRS-SNPP,75,189,2.5,75,0,5,2
bangladesh,2017-10,VIIRS-SNPP,93,105,1.1,93,0,6,2
bangladesh,2017-11,VIIRS-SNPP,375,890,2.4,375,0,25,2
bangladesh,2017-12,VIIRS-SNPP,171,563,3.3,171,0,11,2
bangladesh,2018-01,VIIRS-SNPP,946,3134,3.3,946,0,61,2
bangladesh,2018-02,VIIRS-SNPP,1806,12155,6.7,1806,0,129,2
bangladesh,2018-03,VIIRS-SNPP,26211,591316,22.6,26211,0,1691,2
bangladesh,2018-04,VIIRS-SNPP,1605,15092,9.4,1605,0,107,2
bangladesh,2018-05,VIIRS-SNPP,47,163,3.5,47,0,3,2
bangladesh,2018-06,VIIRS-SNPP,30,33,1.1,30,0,2,2
bangladesh,2018-07,VIIRS-SNPP,78,384,5.0,78,0,5,2
bangladesh,2018-08,VIIRS-SNPP,109,188,1.7,109,0,7,2
bangladesh,2018-09,VIIRS-SNPP,90,282,3.1,90,0,6,2
bangladesh,2018-10,VIIRS-SNPP,233,1237,5.3,233,0,15,2
bangladesh,2018-11,VIIRS-SNPP,735,2202,3.0,735,0,49,2
bangladesh,2018-12,VIIRS-SNPP,1798,6243,3.5,1798,0,116,2
bangladesh,2019-01,VIIRS-SNPP,3333,10748,3.2,3333,0,215,2
bangladesh,2019-02,VIIRS-SNPP,1218,19975,16.4,1218,0,87,2
bangladesh,2019-03,VIIRS-SNPP,18042,319518,17.7,18042,0,1164,2
bangladesh,2019-04,VIIRS-SNPP,2790,28499,10.2,2790,0,186,2
bangladesh,2019-05,VIIRS-SNPP,279,1002,3.6,279,0,18,2
bangladesh,2019-06,VIIRS-SNPP,150,381,2.5,150,0,10,2
bangladesh,2019-07,VIIRS-SNPP,0,0,0.0,0,0,0,2
bangladesh,2019-08,VIIRS-SNPP,0,0,0.0,0,0,0,2
bangladesh,2019-09,VIIRS-SNPP,0,0,0.0,0,0,0,2
bangladesh,2019-10,VIIRS-SNPP,155,1262,8.1,155,0,10,2
bangladesh,2019-11,VIIRS-SNPP,195,488,2.5,195,0,13,2
bangladesh,2019-12,VIIRS-SNPP,388,1488,3.8,388,0,25,2
bangladesh,2020-01,VIIRS-SNPP,1318,4003,3.0,1318,0,85,2
bangladesh,2020-02,VIIRS-SNPP,1378,9448,6.9,1378,0,95,2
bangladesh,2020-03,VIIRS-SNPP,1163,9098,7.8,1163,0,75,2
bangladesh,2020-04,VIIRS-SNPP,3465,29096,8.4,3465,0,231,2
bangladesh,2020-05,VIIRS-SNPP,992,8145,8.2,992,0,64,2
bangladesh,2020-06,VIIRS-SNPP,210,725,3.5,210,150,14,2
bangladesh,2020-07,VIIRS-SNPP,0,0,0.0,0,0,0,2
bangladesh,2020-08,VIIRS-SNPP,16,12,0.8,16,16,1,2
bangladesh,2020-09,VIIRS-SNPP,15,15,1.0,15,15,1,2
bangladesh,2020-10,VIIRS-SNPP,47,31,0.7,47,47,3,2
bangladesh,2020-11,VIIRS-SNPP,510,1497,2.9,510,285,34,2
bangladesh,2020-12,VIIRS-SNPP,1116,3574,3.2,1116,310,72,2
bangladesh,2021-01,VIIRS-SNPP,1116,3067,2.7,1116,295,72,2
bangladesh,2021-02,VIIRS-SNPP,3444,32878,9.5,3444,420,246,2
bangladesh,2021-03,VIIRS-SNPP,33341,699177,21.0,33341,3426,2151,2
bangladesh,2021-04,VIIRS-SNPP,8085,101661,12.6,8085,315,539,2
bangladesh,2021-05,VIIRS-SNPP,868,6189,7.1,868,124,56,2
bangladesh,2021-06,VIIRS-SNPP,60,56,0.9,60,60,4,2
bangladesh,2021-07,VIIRS-SNPP,31,29,0.9,31,31,2,2
bangladesh,2021-08,VIIRS-SNPP,0,0,0.0,0,0,0,2
bangladesh,2021-09,VIIRS-SNPP,105,238,2.3,105,105,7,2
bangladesh,2021-10,VIIRS-SNPP,124,154,1.2,124,124,8,2
bangladesh,2021-11,VIIRS-SNPP,615,1635,2.7,615,300,41,2
bangladesh,2021-12,VIIRS-SNPP,419,1481,3.5,419,171,27,2
bangladesh,2022-01,VIIRS-SNPP,1302,3904,3.0,1302,465,84,2
bangladesh,2022-02,VIIRS-SNPP,1274,9439,7.4,1274,210,91,2
bangladesh,2022-03,VIIRS-SNPP,18182,344392,18.9,18182,1194,1173,2
bangladesh,2022-04,VIIRS-SNPP,5850,134283,23.0,5850,90,390,2
bangladesh,2022-05,VIIRS-SNPP,2031,12444,6.1,2031,93,131,2
bangladesh,2022-06,VIIRS-SNPP,45,142,3.2,45,45,3,2
bangladesh,2022-07,VIIRS-SNPP,47,60,1.3,47,47,3,2
bangladesh,2022-08,VIIRS-SNPP,0,0,0.0,0,0,0,2
bangladesh,2022-09,VIIRS-SNPP,75,200,2.7,75,60,5,2
bangladesh,2022-10,VIIRS-SNPP,217,589,2.7,217,124,14,2
bangladesh,2022-11,VIIRS-SNPP,810,2836,3.5,810,195,54,2
bangladesh,2022-12,VIIRS-SNPP,1256,4573,3.6,1256,372,81,2
bangladesh,2023-01,VIIRS-SNPP,1674,6273,3.7,1674,202,108,2
bangladesh,2023-02,VIIRS-SNPP,714,5020,7.0,714,70,51,2
bangladesh,2023-03,VIIRS-SNPP,8944,52363,5.9,8944,2046,577,2
bangladesh,2023-04,VIIRS-SNPP,39960,628234,15.7,39960,2400,2664,2
bangladesh,2023-05,VIIRS-SNPP,2682,46671,17.4,2682,620,173,2
bangladesh,2023-06,VIIRS-SNPP,105,352,3.4,105,75,7,2
bangladesh,2023-07,VIIRS-SNPP,0,0,0.0,0,0,0,2
bangladesh,2023-08,VIIRS-SNPP,16,12,0.8,16,16,1,2
bangladesh,2023-09,VIIRS-SNPP,30,38,1.3,30,30,2,2
bangladesh,2023-10,VIIRS-SNPP,248,337,1.4,248,217,16,2
bangladesh,2023-11,VIIRS-SNPP,525,1237,2.4,525,225,35,2
bangladesh,2023-12,VIIRS-SNPP,372,1071,2.9,372,93,24,2
bangladesh,2024-01,VIIRS-SNPP,822,2225,2.7,822,372,53,2
bangladesh,2024-02,VIIRS-SNPP,870,4082,4.7,870,116,60,2
bangladesh,2024-03,VIIRS-SNPP,8122,194904,24.0,8122,605,524,2
bangladesh,2024-04,VIIRS-SNPP,7125,114705,16.1,7125,1155,475,2
bangladesh,2024-05,VIIRS-SNPP,310,985,3.2,310,171,20,2
bangladesh,2024-06,VIIRS-SNPP,165,430,2.6,165,150,11,2
bangladesh,2024-07,VIIRS-SNPP,0,0,0.0,0,0,0,2
bangladesh,2024-08,VIIRS-SNPP,16,18,1.1,16,16,1,2
bangladesh,2024-09,VIIRS-SNPP,240,953,4.0,240,90,16,2
bangladesh,2024-10,VIIRS-SNPP,124,351,2.8,124,78,8,2
bangladesh,2024-11,VIIRS-SNPP,165,383,2.3,165,30,11,2
bangladesh,2024-12,VIIRS-SNPP,1442,4701,3.3,1442,248,93,2
bangladesh,2025-01,VIIRS-SNPP,775,2043,2.6,775,295,50,2
bangladesh,2025-02,VIIRS-SNPP,1736,14345,8.3,1736,182,124,2
bangladesh,2025-03,VIIRS-SNPP,16446,269253,16.4,16446,2666,1061,2
bangladesh,2025-04,VIIRS-SNPP,5355,40489,7.6,5355,1170,357,2
bangladesh,2025-05,VIIRS-SNPP,217,1663,7.7,217,16,14,2
bangladesh,2025-06,VIIRS-SNPP,165,824,5.0,165,120,11,2
bangladesh,2025-07,VIIRS-SNPP,62,122,2.0,62,62,4,2
bangladesh,2025-08,VIIRS-SNPP,16,9,0.6,16,16,1,2
bangladesh,2025-09,VIIRS-SNPP,60,218,3.6,60,30,4,2
bangladesh,2025-10,VIIRS-SNPP,155,697,4.5,155,78,10,2
bangladesh,2025-11,VIIRS-SNPP,420,826,2.0,420,210,28,2
bangladesh,2025-12,VIIRS-SNPP,713,2826,4.0,713,93,46,2
bangladesh,2026-01,VIIRS-SNPP,1612,6243,3.9,1612,388,104,2
bangladesh,2026-02,VIIRS-SNPP,2394,13705,5.7,2394,280,171,2
bangladesh,2026-03,VIIRS-SNPP,2124,20314,9.6,2124,155,137,2
bangladesh,2026-04,VIIRS-SNPP,8415,140255,16.7,8415,135,561,2
bangladesh,2026-05,VIIRS-SNPP,341,1336,3.9,341,62,22,2
bangladesh,2026-06,VIIRS-SNPP,15,24,1.6,15,15,1,2
bangladesh,2026-07,VIIRS-SNPP,0,0,0.0,0,0,0,2
bangladesh,2020-01,VIIRS-NOAA20,1256,11436,9.1,1256,248,81,2
bangladesh,2020-02,VIIRS-NOAA20,1276,11058,8.7,1276,334,88,2
bangladesh,2020-03,VIIRS-NOAA20,1721,11842,6.9,1721,527,111,2
bangladesh,2020-04,VIIRS-NOAA20,5385,38790,7.2,5385,720,359,2
bangladesh,2020-05,VIIRS-NOAA20,729,6617,9.1,729,93,47,2
bangladesh,2020-06,VIIRS-NOAA20,75,150,2.0,75,75,5,2
bangladesh,2020-07,VIIRS-NOAA20,124,18726,151.0,124,0,8,2
bangladesh,2020-08,VIIRS-NOAA20,47,60,1.3,47,47,3,2
bangladesh,2020-09,VIIRS-NOAA20,75,110,1.5,75,60,5,2
bangladesh,2020-10,VIIRS-NOAA20,16,23,1.5,16,16,1,2
bangladesh,2020-11,VIIRS-NOAA20,585,1673,2.9,585,270,39,2
bangladesh,2020-12,VIIRS-NOAA20,713,2392,3.4,713,279,46,2
bangladesh,2021-01,VIIRS-NOAA20,698,3274,4.7,698,217,45,2
bangladesh,2021-02,VIIRS-NOAA20,3654,26579,7.3,3654,574,261,2
bangladesh,2021-03,VIIRS-NOAA20,32271,660750,20.5,32271,5363,2082,2
bangladesh,2021-04,VIIRS-NOAA20,6795,93629,13.8,6795,735,453,2
bangladesh,2021-05,VIIRS-NOAA20,1349,7014,5.2,1349,341,87,2
bangladesh,2021-06,VIIRS-NOAA20,90,129,1.4,90,90,6,2
bangladesh,2021-07,VIIRS-NOAA20,248,61093,246.3,248,0,16,2
bangladesh,2021-08,VIIRS-NOAA20,78,180,2.3,78,31,5,2
bangladesh,2021-09,VIIRS-NOAA20,210,1221,5.8,210,180,14,2
bangladesh,2021-10,VIIRS-NOAA20,186,361,1.9,186,171,12,2
bangladesh,2021-11,VIIRS-NOAA20,720,2014,2.8,720,345,48,2
bangladesh,2021-12,VIIRS-NOAA20,791,1828,2.3,791,264,51,2
bangladesh,2022-01,VIIRS-NOAA20,2031,5886,2.9,2031,388,131,2
bangladesh,2022-02,VIIRS-NOAA20,1106,7120,6.4,1106,182,79,2
bangladesh,2022-03,VIIRS-NOAA20,19577,360119,18.4,19577,1287,1263,2
bangladesh,2022-04,VIIRS-NOAA20,15930,410273,25.8,15930,210,1062,2
bangladesh,2022-05,VIIRS-NOAA20,806,6497,8.1,806,47,52,2
bangladesh,2022-06,VIIRS-NOAA20,0,0,0.0,0,0,0,2
bangladesh,2022-07,VIIRS-NOAA20,16,21,1.3,16,16,1,2
bangladesh,2022-08,VIIRS-NOAA20,16,47,3.0,16,16,1,2
bangladesh,2022-09,VIIRS-NOAA20,60,144,2.4,60,45,4,2
bangladesh,2022-10,VIIRS-NOAA20,186,723,3.9,186,155,12,2
bangladesh,2022-11,VIIRS-NOAA20,570,1611,2.8,570,210,38,2
bangladesh,2022-12,VIIRS-NOAA20,1070,4073,3.8,1070,310,69,2
bangladesh,2023-01,VIIRS-NOAA20,1876,5573,3.0,1876,372,121,2
bangladesh,2023-02,VIIRS-NOAA20,1596,9267,5.8,1596,98,114,2
bangladesh,2023-03,VIIRS-NOAA20,5425,86062,15.9,5425,822,350,2
bangladesh,2023-04,VIIRS-NOAA20,28935,390286,13.5,28935,3285,1929,2
bangladesh,2023-05,VIIRS-NOAA20,3953,21867,5.5,3953,806,255,2
bangladesh,2023-06,VIIRS-NOAA20,75,399,5.3,75,45,5,2
bangladesh,2023-07,VIIRS-NOAA20,124,442,3.6,124,16,8,2
bangladesh,2023-08,VIIRS-NOAA20,31,44,1.4,31,31,2,2
bangladesh,2023-09,VIIRS-NOAA20,60,114,1.9,60,60,4,2
bangladesh,2023-10,VIIRS-NOAA20,140,271,1.9,140,140,9,2
bangladesh,2023-11,VIIRS-NOAA20,735,2287,3.1,735,210,49,2
bangladesh,2023-12,VIIRS-NOAA20,248,465,1.9,248,171,16,2
bangladesh,2024-01,VIIRS-NOAA20,930,3505,3.8,930,326,60,2
bangladesh,2024-02,VIIRS-NOAA20,754,6151,8.2,754,58,52,2
bangladesh,2024-03,VIIRS-NOAA20,8727,119507,13.7,8727,930,563,2
bangladesh,2024-04,VIIRS-NOAA20,7380,133662,18.1,7380,1335,492,2
bangladesh,2024-05,VIIRS-NOAA20,357,1237,3.5,357,140,23,2
bangladesh,2024-06,VIIRS-NOAA20,195,672,3.4,195,105,13,2
bangladesh,2024-07,VIIRS-NOAA20,0,0,0.0,0,0,0,2
bangladesh,2024-08,VIIRS-NOAA20,16,15,1.0,16,16,1,2
bangladesh,2024-09,VIIRS-NOAA20,120,213,1.8,120,120,8,2
bangladesh,2024-10,VIIRS-NOAA20,264,1096,4.2,264,78,17,2
bangladesh,2024-11,VIIRS-NOAA20,585,1679,2.9,585,165,39,2
bangladesh,2024-12,VIIRS-NOAA20,1473,3451,2.3,1473,264,95,2
bangladesh,2025-01,VIIRS-NOAA20,496,1335,2.7,496,233,32,2
bangladesh,2025-02,VIIRS-NOAA20,2618,13345,5.1,2618,336,187,2
bangladesh,2025-03,VIIRS-NOAA20,11036,281211,25.5,11036,1333,712,2
bangladesh,2025-04,VIIRS-NOAA20,3540,36472,10.3,3540,585,236,2
bangladesh,2025-05,VIIRS-NOAA20,155,1196,7.7,155,47,10,2
bangladesh,2025-06,VIIRS-NOAA20,180,2328,12.9,180,60,12,2
bangladesh,2025-07,VIIRS-NOAA20,78,80,1.0,78,78,5,2
bangladesh,2025-08,VIIRS-NOAA20,93,222,2.4,93,93,6,2
bangladesh,2025-09,VIIRS-NOAA20,75,85,1.1,75,75,5,2
bangladesh,2025-10,VIIRS-NOAA20,155,290,1.9,155,124,10,2
bangladesh,2025-11,VIIRS-NOAA20,720,2142,3.0,720,240,48,2
bangladesh,2025-12,VIIRS-NOAA20,1287,3570,2.8,1287,295,83,2
borneo,2000-11,MODIS-Terra,105,1130,10.8,0,75,7,2
borneo,2000-12,MODIS-Terra,651,11048,17.0,140,202,42,2
borneo,2001-01,MODIS-Terra,78,1522,19.6,16,31,5,2
borneo,2001-02,MODIS-Terra,168,1723,10.3,28,28,12,2
borneo,2001-03,MODIS-Terra,372,4439,11.9,78,248,24,2
borneo,2001-04,MODIS-Terra,765,15870,20.7,75,150,51,2
borneo,2001-05,MODIS-Terra,605,9407,15.6,16,109,39,2
borneo,2001-06,MODIS-Terra,75,672,9.0,0,60,5,2
borneo,2001-07,MODIS-Terra,6495,177334,27.3,2294,5069,419,2
borneo,2001-08,MODIS-Terra,5162,84825,16.4,1504,2790,333,2
borneo,2001-09,MODIS-Terra,1800,41678,23.2,210,225,120,2
borneo,2001-10,MODIS-Terra,155,4183,27.0,0,62,10,2
borneo,2001-11,MODIS-Terra,345,3056,8.9,30,105,23,2
borneo,2001-12,MODIS-Terra,202,1936,9.6,0,109,13,2
borneo,2002-01,MODIS-Terra,47,357,7.7,0,16,3,2
borneo,2002-02,MODIS-Terra,2856,56056,19.6,770,2506,204,2
borneo,2002-03,MODIS-Terra,6216,313559,50.4,2651,2558,401,2
borneo,2002-04,MODIS-Terra,285,5501,19.3,15,90,19,2
borneo,2002-05,MODIS-Terra,496,6426,13.0,62,233,32,2
borneo,2002-06,MODIS-Terra,1140,50364,44.2,165,90,76,2
borneo,2002-07,MODIS-Terra,1705,30017,17.6,279,775,110,2
borneo,2002-08,MODIS-Terra,4883,123859,25.4,1225,1922,315,2
borneo,2002-09,MODIS-Terra,13395,366816,27.4,4140,4920,893,2
borneo,2002-10,MODIS-Terra,9254,179014,19.3,2465,5332,597,2
borneo,2002-11,MODIS-Terra,420,5019,12.0,15,255,28,2
borneo,2002-12,MODIS-Terra,434,8020,18.5,109,93,28,2
borneo,2003-01,MODIS-Terra,47,378,8.1,0,31,3,2
borneo,2003-02,MODIS-Terra,448,9650,21.5,140,182,32,2
borneo,2003-03,MODIS-Terra,744,8364,11.2,155,527,48,2
borneo,2003-04,MODIS-Terra,225,3315,14.7,0,15,15,2
borneo,2003-05,MODIS-Terra,682,14010,20.5,186,326,44,2
borneo,2003-06,MODIS-Terra,10005,234886,23.5,3405,5280,667,2
borneo,2003-07,MODIS-Terra,1240,26135,21.1,248,481,80,2
borneo,2003-08,MODIS-Terra,4015,126006,31.4,1287,2449,259,2
borneo,2003-09,MODIS-Terra,2880,69684,24.2,795,2070,192,2
borneo,2003-10,MODIS-Terra,1070,21805,20.4,326,496,69,2
borneo,2003-11,MODIS-Terra,195,1854,9.5,0,60,13,2
borneo,2003-12,MODIS-Terra,16,149,9.6,0,0,1,2
borneo,2004-01,MODIS-Terra,806,12464,15.5,140,775,52,2
borneo,2004-02,MODIS-Terra,972,59011,60.7,276,87,67,2
borneo,2004-03,MODIS-Terra,140,1494,10.7,0,62,9,2
borneo,2004-04,MODIS-Terra,450,6392,14.2,45,225,30,2
borneo,2004-05,MODIS-Terra,496,11943,24.1,62,326,32,2
borneo,2004-06,MODIS-Terra,3885,92160,23.7,810,750,259,2
borneo,2004-07,MODIS-Terra,698,20007,28.7,233,186,45,2
borneo,2004-08,MODIS-Terra,5627,185485,33.0,1225,1597,363,2
borneo,2004-09,MODIS-Terra,5430,223227,41.1,1200,1770,362,2
borneo,2004-10,MODIS-Terra,6975,138612,19.9,1814,2620,450,2
borneo,2004-11,MODIS-Terra,555,15123,27.2,75,30,37,2
borneo,2004-12,MODIS-Terra,171,1507,8.8,31,0,11,2
borneo,2005-01,MODIS-Terra,5162,204121,39.5,2790,4511,333,2
borneo,2005-02,MODIS-Terra,5712,615763,107.8,1568,1148,408,2
borneo,2005-03,MODIS-Terra,2651,63934,24.1,605,2046,171,2
borneo,2005-04,MODIS-Terra,2160,29604,13.7,180,225,144,2
borneo,2005-05,MODIS-Terra,465,8448,18.2,16,62,30,2
borneo,2005-06,MODIS-Terra,780,10809,13.9,195,585,52,2
borneo,2005-07,MODIS-Terra,2279,43826,19.2,605,977,147,2
borneo,2005-08,MODIS-Terra,3224,166994,51.8,791,1581,208,2
borneo,2005-09,MODIS-Terra,2685,56984,21.2,480,1320,179,2
borneo,2005-10,MODIS-Terra,1829,51133,28.0,543,1488,118,2
borneo,2005-11,MODIS-Terra,45,404,9.0,0,0,3,2
borneo,2005-12,MODIS-Terra,186,2978,16.0,16,0,12,2
borneo,2006-01,MODIS-Terra,527,10095,19.2,186,326,34,2
borneo,2006-02,MODIS-Terra,3318,86902,26.2,1106,1540,237,2
borneo,2006-03,MODIS-Terra,667,30462,45.7,124,140,43,2
borneo,2006-04,MODIS-Terra,330,9242,28.0,45,45,22,2
borneo,2006-05,MODIS-Terra,264,2709,10.3,16,93,17,2
borneo,2006-06,MODIS-Terra,270,5715,21.2,75,90,18,2
borneo,2006-07,MODIS-Terra,2976,66264,22.3,558,1411,192,2
borneo,2006-08,MODIS-Terra,7750,315366,40.7,2310,2279,500,2
borneo,2006-09,MODIS-Terra,7200,226058,31.4,1860,1320,480,2
borneo,2006-10,MODIS-Terra,8665,182998,21.1,2759,5286,559,2
borneo,2006-11,MODIS-Terra,6240,129240,20.7,2310,5085,416,2
borneo,2006-12,MODIS-Terra,419,5650,13.5,0,62,27,2
borneo,2007-01,MODIS-Terra,217,2627,12.1,0,31,14,2
borneo,2007-02,MODIS-Terra,840,21140,25.2,238,448,60,2
borneo,2007-03,MODIS-Terra,620,30380,49.0,155,248,40,2
borneo,2007-04,MODIS-Terra,420,5919,14.1,30,75,28,2
borneo,2007-05,MODIS-Terra,605,10670,17.7,124,279,39,2
borneo,2007-06,MODIS-Terra,300,3107,10.4,15,30,20,2
borneo,2007-07,MODIS-Terra,403,6304,15.6,93,109,26,2
borneo,2007-08,MODIS-Terra,3720,93932,25.3,1039,1395,240,2
borneo,2007-09,MODIS-Terra,1200,29139,24.3,165,315,80,2
borneo,2007-10,MODIS-Terra,465,5140,11.1,31,16,30,2
borneo,2007-11,MODIS-Terra,150,1350,9.0,0,30,10,2
borneo,2007-12,MODIS-Terra,62,1268,20.4,0,31,4,2
borneo,2008-01,MODIS-Terra,403,8158,20.2,78,124,26,2
borneo,2008-02,MODIS-Terra,522,18350,35.2,131,435,36,2
borneo,2008-03,MODIS-Terra,124,1238,10.0,0,0,8,2
borneo,2008-04,MODIS-Terra,270,2708,10.0,30,45,18,2
borneo,2008-05,MODIS-Terra,3007,110529,36.8,961,1457,194,2
borneo,2008-06,MODIS-Terra,435,10683,24.6,120,180,29,2
borneo,2008-07,MODIS-Terra,155,1883,12.2,31,78,10,2
borneo,2008-08,MODIS-Terra,1070,26992,25.2,388,155,69,2
borneo,2008-09,MODIS-Terra,420,15778,37.6,90,75,28,2
borneo,2008-10,MODIS-Terra,233,4369,18.8,16,62,15,2
borneo,2008-11,MODIS-Terra,150,1718,11.5,15,30,10,2
borneo,2008-12,MODIS-Terra,16,60,3.9,0,0,1,2
borneo,2009-01,MODIS-Terra,3317,78459,23.7,775,1566,214,2
borneo,2009-02,MODIS-Terra,420,14109,33.6,70,406,30,2
borneo,2009-03,MODIS-Terra,171,5935,34.8,0,16,11,2
borneo,2009-04,MODIS-Terra,675,33639,49.8,240,225,45,2
borneo,2009-05,MODIS-Terra,1147,31040,27.1,186,667,74,2
borneo,2009-06,MODIS-Terra,1875,37047,19.8,390,675,125,2
borneo,2009-07,MODIS-Terra,1256,35028,27.9,295,496,81,2
borneo,2009-08,MODIS-Terra,13563,330299,24.4,3937,5549,875,2
borneo,2009-09,MODIS-Terra,14430,484101,33.5,5820,11085,962,2
borneo,2009-10,MODIS-Terra,1085,23402,21.6,171,93,70,2
borneo,2009-11,MODIS-Terra,300,4409,14.7,45,0,20,2
borneo,2009-12,MODIS-Terra,279,3421,12.3,16,31,18,2
borneo,2010-01,MODIS-Terra,233,2347,10.1,0,78,15,2
borneo,2010-02,MODIS-Terra,966,10517,10.9,168,504,69,2
borneo,2010-03,MODIS-Terra,946,18614,19.7,47,155,61,2
borneo,2010-04,MODIS-Terra,375,6854,18.3,0,60,25,2
borneo,2010-05,MODIS-Terra,853,11602,13.6,78,62,55,2
borneo,2010-06,MODIS-Terra,615,23021,37.4,150,45,41,2
borneo,2010-07,MODIS-Terra,140,2950,21.1,31,0,9,2
borneo,2010-08,MODIS-Terra,109,2046,18.9,0,31,7,2
borneo,2010-09,MODIS-Terra,150,2000,13.3,30,30,10,2
borneo,2010-10,MODIS-Terra,620,13820,22.3,78,93,40,2
borneo,2010-11,MODIS-Terra,75,1893,25.2,30,0,5,2
borneo,2010-12,MODIS-Terra,93,1118,12.0,0,0,6,2
borneo,2011-01,MODIS-Terra,47,615,13.2,0,0,3,2
borneo,2011-02,MODIS-Terra,1414,19761,14.0,196,476,101,2
borneo,2011-03,MODIS-Terra,62,467,7.5,0,0,4,2
borneo,2011-04,MODIS-Terra,270,5792,21.5,30,90,18,2
borneo,2011-05,MODIS-Terra,2635,34835,13.2,744,2046,170,2
borneo,2011-06,MODIS-Terra,1140,31947,28.0,315,270,76,2
borneo,2011-07,MODIS-Terra,1070,24408,22.8,310,589,69,2
borneo,2011-08,MODIS-Terra,3116,69277,22.2,527,1225,201,2
borneo,2011-09,MODIS-Terra,5625,215130,38.2,2040,3150,375,2
borneo,2011-10,MODIS-Terra,310,4346,14.0,0,31,20,2
borneo,2011-11,MODIS-Terra,540,41414,76.7,105,30,36,2
borneo,2011-12,MODIS-Terra,124,3748,30.2,31,47,8,2
borneo,2012-01,MODIS-Terra,403,11021,27.3,78,155,26,2
borneo,2012-02,MODIS-Terra,131,1905,14.6,15,87,9,2
borneo,2012-03,MODIS-Terra,791,17758,22.5,16,248,51,2
borneo,2012-04,MODIS-Terra,225,3663,16.3,0,15,15,2
borneo,2012-05,MODIS-Terra,1225,21994,18.0,155,62,79,2
borneo,2012-06,MODIS-Terra,2445,96309,39.4,975,1515,163,2
borneo,2012-07,MODIS-Terra,388,4408,11.4,62,155,25,2
borneo,2012-08,MODIS-Terra,4170,115783,27.8,729,1814,269,2
borneo,2012-09,MODIS-Terra,4005,97002,24.2,1035,2145,267,2
borneo,2012-10,MODIS-Terra,1256,21824,17.4,186,341,81,2
borneo,2012-11,MODIS-Terra,135,1787,13.2,0,15,9,2
borneo,2012-12,MODIS-Terra,47,284,6.1,0,31,3,2
borneo,2013-01,MODIS-Terra,481,6417,13.4,202,264,31,2
borneo,2013-02,MODIS-Terra,112,1207,10.8,14,56,8,2
borneo,2013-03,MODIS-Terra,698,15210,21.8,155,264,45,2
borneo,2013-04,MODIS-Terra,360,7346,20.4,30,45,24,2
borneo,2013-05,MODIS-Terra,434,5022,11.6,31,217,28,2
borneo,2013-06,MODIS-Terra,4395,236377,53.8,1020,630,293,2
borneo,2013-07,MODIS-Terra,1209,39579,32.7,202,62,78,2
borneo,2013-08,MODIS-Terra,1628,36055,22.2,264,481,105,2
borneo,2013-09,MODIS-Terra,2175,47462,21.8,480,705,145,2
borneo,2013-10,MODIS-Terra,543,8678,16.0,124,295,35,2
borneo,2013-11,MODIS-Terra,165,2046,12.4,0,0,11,2
borneo,2013-12,MODIS-Terra,47,344,7.4,0,16,3,2
borneo,2014-01,MODIS-Terra,248,4610,18.6,31,140,16,2
borneo,2014-02,MODIS-Terra,2632,205649,78.1,672,1764,188,2
borneo,2014-03,MODIS-Terra,7874,293438,37.3,3488,7037,508,2
borneo,2014-04,MODIS-Terra,825,13417,16.3,0,30,55,2
borneo,2014-05,MODIS-Terra,341,6056,17.8,0,109,22,2
borneo,2014-06,MODIS-Terra,3840,91814,23.9,1290,2175,256,2
borneo,2014-07,MODIS-Terra,3410,112899,33.1,1395,806,220,2
borneo,2014-08,MODIS-Terra,512,5098,10.0,47,186,33,2
borneo,2014-09,MODIS-Terra,2355,29848,12.7,330,1200,157,2
borneo,2014-10,MODIS-Terra,10215,229034,22.4,3519,8494,659,2
borneo,2014-11,MODIS-Terra,840,16992,20.2,120,135,56,2
borneo,2014-12,MODIS-Terra,171,2922,17.1,16,109,11,2
borneo,2015-01,MODIS-Terra,78,972,12.5,16,47,5,2
borneo,2015-02,MODIS-Terra,868,17185,19.8,182,210,62,2
borneo,2015-03,MODIS-Terra,682,15032,22.0,93,155,44,2
borneo,2015-04,MODIS-Terra,870,33645,38.7,90,330,58,2
borneo,2015-05,MODIS-Terra,605,11028,18.2,78,16,39,2
borneo,2015-06,MODIS-Terra,990,16853,17.0,180,405,66,2
borneo,2015-07,MODIS-Terra,4883,77787,15.9,1318,3007,315,2
borneo,2015-08,MODIS-Terra,9254,229061,24.8,3224,6076,597,2
borneo,2015-09,MODIS-Terra,26625,1034076,38.8,8370,11190,1775,2
borneo,2015-10,MODIS-Terra,11625,693264,59.6,4573,6417,750,2
borneo,2015-11,MODIS-Terra,2070,40032,19.3,525,1230,138,2
borneo,2015-12,MODIS-Terra,481,8575,17.8,31,47,31,2
borneo,2016-01,MODIS-Terra,853,8133,9.5,47,326,55,2
borneo,2016-02,MODIS-Terra,44,831,19.1,0,0,3,2
borneo,2016-03,MODIS-Terra,1349,21423,15.9,217,419,87,2
borneo,2016-04,MODIS-Terra,1320,24936,18.9,180,435,88,2
borneo,2016-05,MODIS-Terra,326,5250,16.1,16,0,21,2
borneo,2016-06,MODIS-Terra,330,3533,10.7,30,150,22,2
borneo,2016-07,MODIS-Terra,434,4915,11.3,62,202,28,2
borneo,2016-08,MODIS-Terra,388,7189,18.6,93,171,25,2
borneo,2016-09,MODIS-Terra,165,2858,17.3,30,15,11,2
borneo,2016-10,MODIS-Terra,372,4098,11.0,31,248,24,2
borneo,2016-11,MODIS-Terra,165,2793,16.9,0,15,11,2
borneo,2016-12,MODIS-Terra,140,2079,14.9,31,78,9,2
borneo,2017-01,MODIS-Terra,512,12357,24.2,16,31,33,2
borneo,2017-02,MODIS-Terra,252,3179,12.6,42,98,18,2
borneo,2017-03,MODIS-Terra,558,9306,16.7,47,93,36,2
borneo,2017-04,MODIS-Terra,120,1505,12.5,0,30,8,2
borneo,2017-05,MODIS-Terra,140,2461,17.6,16,16,9,2
borneo,2017-06,MODIS-Terra,495,11184,22.6,30,75,33,2
borneo,2017-07,MODIS-Terra,171,3112,18.3,16,93,11,2
borneo,2017-08,MODIS-Terra,248,2184,8.8,0,31,16,2
borneo,2017-09,MODIS-Terra,615,8051,13.1,45,105,41,2
borneo,2017-10,MODIS-Terra,620,38212,61.6,124,295,40,2
borneo,2017-11,MODIS-Terra,165,3170,19.2,0,15,11,2
borneo,2017-12,MODIS-Terra,186,2985,16.1,0,0,12,2
borneo,2018-01,MODIS-Terra,62,364,5.9,0,0,4,2
borneo,2018-02,MODIS-Terra,238,7871,33.1,98,168,17,2
borneo,2018-03,MODIS-Terra,372,5279,14.2,78,155,24,2
borneo,2018-04,MODIS-Terra,150,1389,9.3,0,45,10,2
borneo,2018-05,MODIS-Terra,310,3720,12.0,16,93,20,2
borneo,2018-06,MODIS-Terra,390,3973,10.2,0,15,26,2
borneo,2018-07,MODIS-Terra,419,13359,31.9,93,16,27,2
borneo,2018-08,MODIS-Terra,4867,180876,37.2,1581,698,314,2
borneo,2018-09,MODIS-Terra,1740,32229,18.5,450,540,116,2
borneo,2018-10,MODIS-Terra,744,11603,15.6,124,295,48,2
borneo,2018-11,MODIS-Terra,270,3902,14.5,0,30,18,2
borneo,2018-12,MODIS-Terra,186,1772,9.5,16,31,12,2
borneo,2019-01,MODIS-Terra,202,2488,12.3,16,62,13,2
borneo,2019-02,MODIS-Terra,1274,22053,17.3,56,168,91,2
borneo,2019-03,MODIS-Terra,946,23022,24.3,388,698,61,2
borneo,2019-04,MODIS-Terra,840,40317,48.0,135,135,56,2
borneo,2019-05,MODIS-Terra,264,4901,18.6,0,31,17,2
borneo,2019-06,MODIS-Terra,105,4087,38.9,15,0,7,2
borneo,2019-07,MODIS-Terra,372,7690,20.7,0,78,24,2
borneo,2019-08,MODIS-Terra,4464,176359,39.5,1628,2852,288,2
borneo,2019-09,MODIS-Terra,16695,708435,42.4,5700,8310,1113,2
borneo,2019-10,MODIS-Terra,3503,101730,29.0,806,1721,226,2
borneo,2019-11,MODIS-Terra,3870,110680,28.6,1335,1515,258,2
borneo,2019-12,MODIS-Terra,140,3198,22.9,47,62,9,2
borneo,2020-01,MODIS-Terra,465,7429,16.0,47,78,30,2
borneo,2020-02,MODIS-Terra,392,7109,18.2,116,261,27,2
borneo,2020-03,MODIS-Terra,636,14351,22.6,93,140,41,2
borneo,2020-04,MODIS-Terra,1110,17460,15.7,45,45,74,2
borneo,2020-05,MODIS-Terra,171,2280,13.4,0,0,11,2
borneo,2020-06,MODIS-Terra,255,5531,21.7,15,30,17,2
borneo,2020-07,MODIS-Terra,202,1806,9.0,0,16,13,2
borneo,2020-08,MODIS-Terra,636,8124,12.8,47,78,41,2
borneo,2020-09,MODIS-Terra,660,8429,12.8,0,75,44,2
borneo,2020-10,MODIS-Terra,155,1282,8.3,0,16,10,2
borneo,2020-11,MODIS-Terra,75,639,8.5,0,0,5,2
borneo,2020-12,MODIS-Terra,93,679,7.3,0,0,6,2
borneo,2021-01,MODIS-Terra,109,1042,9.6,16,47,7,2
borneo,2021-02,MODIS-Terra,686,12653,18.4,210,28,49,2
borneo,2021-03,MODIS-Terra,357,7071,19.8,0,16,23,2
borneo,2021-04,MODIS-Terra,405,5244,12.9,15,30,27,2
borneo,2021-05,MODIS-Terra,124,1206,9.7,0,0,8,2
borneo,2021-06,MODIS-Terra,150,1290,8.6,0,0,10,2
borneo,2021-07,MODIS-Terra,295,4901,16.6,31,109,19,2
borneo,2021-08,MODIS-Terra,217,3830,17.7,0,16,14,2
borneo,2021-09,MODIS-Terra,285,4371,15.3,60,15,19,2
borneo,2021-10,MODIS-Terra,341,4851,14.2,78,155,22,2
borneo,2021-11,MODIS-Terra,225,2260,10.0,0,45,15,2
borneo,2021-12,MODIS-Terra,47,495,10.7,0,0,3,2
borneo,2022-01,MODIS-Terra,574,4983,8.7,0,62,37,2
borneo,2022-02,MODIS-Terra,70,833,11.9,14,42,5,2
borneo,2022-03,MODIS-Terra,217,2628,12.1,16,0,14,2
borneo,2022-04,MODIS-Terra,30,333,11.1,0,0,2,2
borneo,2022-05,MODIS-Terra,248,4097,16.5,16,78,16,2
borneo,2022-06,MODIS-Terra,120,1395,11.6,0,15,8,2
borneo,2022-07,MODIS-Terra,140,1613,11.6,0,31,9,2
borneo,2022-08,MODIS-Terra,667,7695,11.5,93,217,43,2
borneo,2022-09,MODIS-Terra,135,1087,8.1,0,30,9,2
borneo,2022-10,MODIS-Terra,31,570,18.4,0,0,2,2
borneo,2022-11,MODIS-Terra,225,5821,25.9,0,0,15,2
borneo,2022-12,MODIS-Terra,31,273,8.8,0,0,2,2
borneo,2023-01,MODIS-Terra,31,233,7.5,0,16,2,2
borneo,2023-02,MODIS-Terra,154,1527,9.9,14,0,11,2
borneo,2023-03,MODIS-Terra,372,2825,7.6,0,0,24,2
borneo,2023-04,MODIS-Terra,600,19601,32.7,210,300,40,2
borneo,2023-05,MODIS-Terra,202,3669,18.2,31,62,13,2
borneo,2023-06,MODIS-Terra,585,6806,11.6,0,135,39,2
borneo,2023-07,MODIS-Terra,124,1092,8.8,16,78,8,2
borneo,2023-08,MODIS-Terra,1163,29583,25.4,233,388,75,2
borneo,2023-09,MODIS-Terra,3360,63986,19.0,960,1965,224,2
borneo,2023-10,MODIS-Terra,2031,50184,24.7,341,698,131,2
borneo,2023-11,MODIS-Terra,315,7177,22.8,0,45,21,2
borneo,2023-12,MODIS-Terra,155,1122,7.2,0,47,10,2
borneo,2024-01,MODIS-Terra,341,3988,11.7,0,31,22,2
borneo,2024-02,MODIS-Terra,493,6067,12.3,44,131,34,2
borneo,2024-03,MODIS-Terra,543,12069,22.2,124,171,35,2
borneo,2024-04,MODIS-Terra,450,6257,13.9,45,105,30,2
borneo,2024-05,MODIS-Terra,62,565,9.1,0,31,4,2
borneo,2024-06,MODIS-Terra,120,1177,9.8,0,0,8,2
borneo,2024-07,MODIS-Terra,248,4281,17.3,31,93,16,2
borneo,2024-08,MODIS-Terra,202,4559,22.6,62,109,13,2
borneo,2024-09,MODIS-Terra,930,25313,27.2,180,315,62,2
borneo,2024-10,MODIS-Terra,450,4914,10.9,47,140,29,2
borneo,2024-11,MODIS-Terra,135,1191,8.8,30,45,9,2
borneo,2024-12,MODIS-Terra,171,1335,7.8,16,47,11,2
borneo,2025-01,MODIS-Terra,47,350,7.5,0,16,3,2
borneo,2025-02,MODIS-Terra,336,3307,9.8,28,70,24,2
borneo,2025-03,MODIS-Terra,0,0,0.0,0,0,0,2
borneo,2025-04,MODIS-Terra,60,445,7.4,0,15,4,2
borneo,2025-05,MODIS-Terra,171,1541,9.0,0,31,11,2
borneo,2025-06,MODIS-Terra,270,2825,10.5,15,45,18,2
borneo,2025-07,MODIS-Terra,1070,19515,18.2,264,744,69,2
borneo,2025-08,MODIS-Terra,775,14098,18.2,279,620,50,2
borneo,2025-09,MODIS-Terra,345,4803,13.9,105,225,23,2
borneo,2025-10,MODIS-Terra,47,228,4.9,0,31,3,2
borneo,2025-11,MODIS-Terra,720,17734,24.6,240,510,48,2
borneo,2025-12,MODIS-Terra,47,717,15.4,0,16,3,2
borneo,2026-01,MODIS-Terra,155,2231,14.4,31,109,10,2
borneo,2026-02,MODIS-Terra,98,770,7.9,0,70,7,2
borneo,2026-03,MODIS-Terra,868,16993,19.6,217,667,56,2
borneo,2026-04,MODIS-Terra,345,3946,11.4,75,150,23,2
borneo,2026-05,MODIS-Terra,62,517,8.3,16,47,4,2
borneo,2026-06,MODIS-Terra,180,1538,8.5,15,75,12,2
borneo,2026-07,MODIS-Terra,1023,12076,11.8,217,868,66,2
borneo,2026-08,MODIS-Terra,10788,329326,30.5,4557,8432,696,2
borneo,2026-09,MODIS-Terra,9075,173187,19.1,3660,7590,605,2
borneo,2012-01,VIIRS-SNPP,3906,34333,8.8,3906,0,252,2
borneo,2012-02,VIIRS-SNPP,7033,50347,7.2,7033,0,485,2
borneo,2012-03,VIIRS-SNPP,12400,134498,10.8,12400,0,800,2
borneo,2012-04,VIIRS-SNPP,2865,12594,4.4,2865,0,191,2
borneo,2012-05,VIIRS-SNPP,8742,64796,7.4,8742,0,564,2
borneo,2012-06,VIIRS-SNPP,17955,72693,4.0,17955,0,1197,2
borneo,2012-07,VIIRS-SNPP,9657,73053,7.6,9657,0,623,2
borneo,2012-08,VIIRS-SNPP,104253,1049144,10.1,104253,0,6726,2
borneo,2012-09,VIIRS-SNPP,54570,462279,8.5,54570,0,3638,2
borneo,2012-10,VIIRS-SNPP,22165,159315,7.2,22165,0,1430,2
borneo,2012-11,VIIRS-SNPP,4620,27261,5.9,4620,0,308,2
borneo,2012-12,VIIRS-SNPP,1736,11058,6.4,1736,0,112,2
borneo,2013-01,VIIRS-SNPP,6650,36329,5.5,6650,0,429,2
borneo,2013-02,VIIRS-SNPP,1302,4976,3.8,1302,0,93,2
borneo,2013-03,VIIRS-SNPP,9176,69469,7.6,9176,0,592,2
borneo,2013-04,VIIRS-SNPP,5445,34658,6.4,5445,0,363,2
borneo,2013-05,VIIRS-SNPP,5503,42272,7.7,5503,0,355,2
borneo,2013-06,VIIRS-SNPP,88440,923214,10.4,88440,0,5896,2
borneo,2013-07,VIIRS-SNPP,42176,348922,8.3,42176,0,2721,2
borneo,2013-08,VIIRS-SNPP,56250,887801,15.8,56250,0,3629,2
borneo,2013-09,VIIRS-SNPP,69690,975819,14.0,69690,0,4646,2
borneo,2013-10,VIIRS-SNPP,12586,119745,9.5,12586,0,812,2
borneo,2013-11,VIIRS-SNPP,2400,18059,7.5,2400,0,160,2
borneo,2013-12,VIIRS-SNPP,946,4487,4.7,946,0,61,2
borneo,2014-01,VIIRS-SNPP,5270,26277,5.0,5270,0,340,2
borneo,2014-02,VIIRS-SNPP,56462,536031,9.5,56462,0,4033,2
borneo,2014-03,VIIRS-SNPP,114824,840306,7.3,114824,0,7408,2
borneo,2014-04,VIIRS-SNPP,6090,39673,6.5,6090,0,406,2
borneo,2014-05,VIIRS-SNPP,4464,29117,6.5,4464,0,288,2
borneo,2014-06,VIIRS-SNPP,20625,113159,5.5,20625,0,1375,2
borneo,2014-07,VIIRS-SNPP,31419,282226,9.0,31419,0,2027,2
borneo,2014-08,VIIRS-SNPP,9393,94265,10.0,9393,0,606,2
borneo,2014-09,VIIRS-SNPP,59265,582102,9.8,59265,0,3951,2
borneo,2014-10,VIIRS-SNPP,106485,811458,7.6,106485,0,6870,2
borneo,2014-11,VIIRS-SNPP,8355,54509,6.5,8355,0,557,2
borneo,2014-12,VIIRS-SNPP,2403,11769,4.9,2403,0,155,2
borneo,2015-01,VIIRS-SNPP,1814,6643,3.7,1814,0,117,2
borneo,2015-02,VIIRS-SNPP,7280,44839,6.2,7280,0,520,2
borneo,2015-03,VIIRS-SNPP,11889,70815,6.0,11889,0,767,2
borneo,2015-04,VIIRS-SNPP,10335,73248,7.1,10335,0,689,2
borneo,2015-05,VIIRS-SNPP,5084,31987,6.3,5084,0,328,2
borneo,2015-06,VIIRS-SNPP,8535,64312,7.5,8535,0,569,2
borneo,2015-07,VIIRS-SNPP,39293,287192,7.3,39293,0,2535,2
borneo,2015-08,VIIRS-SNPP,136803,1717552,12.6,136803,0,8826,2
borneo,2015-09,VIIRS-SNPP,469005,4492275,9.6,469005,0,31267,2
borneo,2015-10,VIIRS-SNPP,251751,1848843,7.3,251751,0,16242,2
borneo,2015-11,VIIRS-SNPP,22110,124978,5.7,22110,0,1474,2
borneo,2015-12,VIIRS-SNPP,7254,51947,7.2,7254,0,468,2
borneo,2016-01,VIIRS-SNPP,4557,23690,5.2,4557,0,294,2
borneo,2016-02,VIIRS-SNPP,8990,67674,7.5,8990,0,620,2
borneo,2016-03,VIIRS-SNPP,14152,111084,7.8,14152,0,913,2
borneo,2016-04,VIIRS-SNPP,18150,117012,6.4,18150,0,1210,2
borneo,2016-05,VIIRS-SNPP,3162,14269,4.5,3162,0,204,2
borneo,2016-06,VIIRS-SNPP,4065,21304,5.2,4065,0,271,2
borneo,2016-07,VIIRS-SNPP,7580,42972,5.7,7580,0,489,2
borneo,2016-08,VIIRS-SNPP,17035,160634,9.4,17035,0,1099,2
borneo,2016-09,VIIRS-SNPP,8100,77566,9.6,8100,0,540,2
borneo,2016-10,VIIRS-SNPP,3519,25501,7.2,3519,0,227,2
borneo,2016-11,VIIRS-SNPP,4080,36381,8.9,4080,0,272,2
borneo,2016-12,VIIRS-SNPP,1085,5188,4.8,1085,0,70,2
borneo,2017-01,VIIRS-SNPP,4356,35938,8.3,4356,0,281,2
borneo,2017-02,VIIRS-SNPP,2156,7591,3.5,2156,0,154,2
borneo,2017-03,VIIRS-SNPP,3798,24547,6.5,3798,0,245,2
borneo,2017-04,VIIRS-SNPP,1200,4489,3.7,1200,0,80,2
borneo,2017-05,VIIRS-SNPP,1225,3940,3.2,1225,0,79,2
borneo,2017-06,VIIRS-SNPP,7875,52201,6.6,7875,0,525,2
borneo,2017-07,VIIRS-SNPP,7642,59088,7.7,7642,0,493,2
borneo,2017-08,VIIRS-SNPP,5580,62611,11.2,5580,0,360,2
borneo,2017-09,VIIRS-SNPP,16665,164948,9.9,16665,0,1111,2
borneo,2017-10,VIIRS-SNPP,11253,116816,10.4,11253,0,726,2
borneo,2017-11,VIIRS-SNPP,1515,5853,3.9,1515,0,101,2
borneo,2017-12,VIIRS-SNPP,1907,8618,4.5,1907,0,123,2
borneo,2018-01,VIIRS-SNPP,667,2513,3.8,667,0,43,2
borneo,2018-02,VIIRS-SNPP,4326,23127,5.3,4326,0,309,2
borneo,2018-03,VIIRS-SNPP,4077,20896,5.1,4077,0,263,2
borneo,2018-04,VIIRS-SNPP,2325,9373,4.0,2325,0,155,2
borneo,2018-05,VIIRS-SNPP,4015,20294,5.1,4015,0,259,2
borneo,2018-06,VIIRS-SNPP,3750,19608,5.2,3750,0,250,2
borneo,2018-07,VIIRS-SNPP,6727,54095,8.0,6727,0,434,2
borneo,2018-08,VIIRS-SNPP,49011,546876,11.2,49011,0,3162,2
borneo,2018-09,VIIRS-SNPP,36885,383931,10.4,36885,0,2459,2
borneo,2018-10,VIIRS-SNPP,12230,89905,7.4,12230,0,789,2
borneo,2018-11,VIIRS-SNPP,1635,10644,6.5,1635,0,109,2
borneo,2018-12,VIIRS-SNPP,1318,4452,3.4,1318,0,85,2
borneo,2019-01,VIIRS-SNPP,1426,5734,4.0,1426,0,92,2
borneo,2019-02,VIIRS-SNPP,7742,47634,6.2,7742,0,553,2
borneo,2019-03,VIIRS-SNPP,15702,74184,4.7,15702,0,1013,2
borneo,2019-04,VIIRS-SNPP,9900,95333,9.6,9900,0,660,2
borneo,2019-05,VIIRS-SNPP,4883,37583,7.7,4883,0,315,2
borneo,2019-06,VIIRS-SNPP,1635,7508,4.6,1635,0,109,2
borneo,2019-07,VIIRS-SNPP,8293,44101,5.3,8293,0,535,2
borneo,2019-08,VIIRS-SNPP,59102,576547,9.8,59102,0,3813,2
borneo,2019-09,VIIRS-SNPP,213660,2022827,9.5,213660,0,14244,2
borneo,2019-10,VIIRS-SNPP,63240,442076,7.0,63240,0,4080,2
borneo,2019-11,VIIRS-SNPP,26310,224667,8.5,26310,0,1754,2
borneo,2019-12,VIIRS-SNPP,1411,6261,4.4,1411,0,91,2
borneo,2020-01,VIIRS-SNPP,4790,25499,5.3,4790,0,309,2
borneo,2020-02,VIIRS-SNPP,4814,23223,4.8,4814,0,332,2
borneo,2020-03,VIIRS-SNPP,4015,28446,7.1,4015,0,259,2
borneo,2020-04,VIIRS-SNPP,4350,32353,7.4,4350,0,290,2
borneo,2020-05,VIIRS-SNPP,1426,7416,5.2,1426,0,92,2
borneo,2020-06,VIIRS-SNPP,2085,7016,3.4,2085,1200,139,2
borneo,2020-07,VIIRS-SNPP,1349,6409,4.8,1349,760,87,2
borneo,2020-08,VIIRS-SNPP,26087,249908,9.6,26087,2062,1683,2
borneo,2020-09,VIIRS-SNPP,6660,48489,7.3,6660,1365,444,2
borneo,2020-10,VIIRS-SNPP,6867,65283,9.5,6867,419,443,2
borneo,2020-11,VIIRS-SNPP,1155,4903,4.2,1155,555,77,2
borneo,2020-12,VIIRS-SNPP,2310,9686,4.2,2310,481,149,2
borneo,2021-01,VIIRS-SNPP,822,5510,6.7,822,341,53,2
borneo,2021-02,VIIRS-SNPP,4746,26841,5.7,4746,2716,339,2
borneo,2021-03,VIIRS-SNPP,2775,16951,6.1,2775,1194,179,2
borneo,2021-04,VIIRS-SNPP,3465,19119,5.5,3465,1410,231,2
borneo,2021-05,VIIRS-SNPP,837,3095,3.7,837,465,54,2
borneo,2021-06,VIIRS-SNPP,2355,9791,4.2,2355,855,157,2
borneo,2021-07,VIIRS-SNPP,4681,40269,8.6,4681,992,302,2
borneo,2021-08,VIIRS-SNPP,2062,12159,5.9,2062,729,133,2
borneo,2021-09,VIIRS-SNPP,18480,147920,8.0,18480,885,1232,2
borneo,2021-10,VIIRS-SNPP,5270,34386,6.5,5270,930,340,2
borneo,2021-11,VIIRS-SNPP,1935,7806,4.0,1935,570,129,2
borneo,2021-12,VIIRS-SNPP,1767,9914,5.6,1767,1054,114,2
borneo,2022-01,VIIRS-SNPP,1457,5622,3.9,1457,698,94,2
borneo,2022-02,VIIRS-SNPP,1582,14962,9.5,1582,168,113,2
borneo,2022-03,VIIRS-SNPP,2480,20957,8.5,2480,140,160,2
borneo,2022-04,VIIRS-SNPP,1185,7795,6.6,1185,405,79,2
borneo,2022-05,VIIRS-SNPP,1643,7141,4.3,1643,527,106,2
borneo,2022-06,VIIRS-SNPP,2460,9610,3.9,2460,1020,164,2
borneo,2022-07,VIIRS-SNPP,3286,22091,6.7,3286,1023,212,2
borneo,2022-08,VIIRS-SNPP,0,0,0.0,0,0,0,2
borneo,2022-09,VIIRS-SNPP,6900,56054,8.1,6900,555,460,2
borneo,2022-10,VIIRS-SNPP,899,6487,7.2,899,233,58,2
borneo,2022-11,VIIRS-SNPP,2325,16440,7.1,2325,315,155,2
borneo,2022-12,VIIRS-SNPP,713,2667,3.7,713,248,46,2
borneo,2023-01,VIIRS-SNPP,527,2780,5.3,527,171,34,2
borneo,2023-02,VIIRS-SNPP,2800,21301,7.6,2800,574,200,2
borneo,2023-03,VIIRS-SNPP,2992,10942,3.7,2992,1488,193,2
borneo,2023-04,VIIRS-SNPP,4260,27963,6.6,4260,2010,284,2
borneo,2023-05,VIIRS-SNPP,2682,21298,7.9,2682,1008,173,2
borneo,2023-06,VIIRS-SNPP,4575,22635,4.9,4575,1635,305,2
borneo,2023-07,VIIRS-SNPP,2248,10326,4.6,2248,868,145,2
borneo,2023-08,VIIRS-SNPP,23095,232738,10.1,23095,5906,1490,2
borneo,2023-09,VIIRS-SNPP,31845,255044,8.0,31845,8010,2123,2
borneo,2023-10,VIIRS-SNPP,31899,244280,7.7,31899,9238,2058,2
borneo,2023-11,VIIRS-SNPP,7320,50518,6.9,7320,2520,488,2
borneo,2023-12,VIIRS-SNPP,1690,6046,3.6,1690,899,109,2
borneo,2024-01,VIIRS-SNPP,1783,7388,4.1,1783,713,115,2
borneo,2024-02,VIIRS-SNPP,5075,26232,5.2,5075,1465,350,2
borneo,2024-03,VIIRS-SNPP,6495,41858,6.4,6495,2945,419,2
borneo,2024-04,VIIRS-SNPP,4380,30340,6.9,4380,1620,292,2
borneo,2024-05,VIIRS-SNPP,1984,8073,4.1,1984,729,128,2
borneo,2024-06,VIIRS-SNPP,1455,5724,3.9,1455,855,97,2
borneo,2024-07,VIIRS-SNPP,7316,41967,5.7,7316,1581,472,2
borneo,2024-08,VIIRS-SNPP,4604,31308,6.8,4604,1380,297,2
borneo,2024-09,VIIRS-SNPP,21030,202217,9.6,21030,2790,1402,2
borneo,2024-10,VIIRS-SNPP,7425,52729,7.1,7425,1411,479,2
borneo,2024-11,VIIRS-SNPP,480,1608,3.4,480,375,32,2
borneo,2024-12,VIIRS-SNPP,2697,19747,7.3,2697,543,174,2
borneo,2025-01,VIIRS-SNPP,512,1926,3.8,512,264,33,2
borneo,2025-02,VIIRS-SNPP,1526,9083,6.0,1526,490,109,2
borneo,2025-03,VIIRS-SNPP,419,1411,3.4,419,295,27,2
borneo,2025-04,VIIRS-SNPP,1290,4326,3.4,1290,465,86,2
borneo,2025-05,VIIRS-SNPP,3302,24067,7.3,3302,651,213,2
borneo,2025-06,VIIRS-SNPP,6300,43440,6.9,6300,1455,420,2
borneo,2025-07,VIIRS-SNPP,19081,126772,6.6,19081,7719,1231,2
borneo,2025-08,VIIRS-SNPP,14679,141508,9.6,14679,1969,947,2
borneo,2025-09,VIIRS-SNPP,35865,350718,9.8,35865,2145,2391,2
borneo,2025-10,VIIRS-SNPP,4635,30576,6.6,4635,620,299,2
borneo,2025-11,VIIRS-SNPP,4365,31594,7.2,4365,1245,291,2
borneo,2025-12,VIIRS-SNPP,1209,4264,3.5,1209,527,78,2
borneo,2026-01,VIIRS-SNPP,7797,38648,5.0,7797,3658,503,2
borneo,2026-02,VIIRS-SNPP,3444,19817,5.8,3444,1176,246,2
borneo,2026-03,VIIRS-SNPP,8742,49492,5.7,8742,3891,564,2
borneo,2026-04,VIIRS-SNPP,4155,21604,5.2,4155,2025,277,2
borneo,2026-05,VIIRS-SNPP,1674,5988,3.6,1674,713,108,2
borneo,2026-06,VIIRS-SNPP,2910,16032,5.5,2910,870,194,2
borneo,2026-07,VIIRS-SNPP,12664,98434,7.8,12664,3922,817,2
borneo,2020-01,VIIRS-NOAA20,6355,32995,5.2,6355,2945,410,2
borneo,2020-02,VIIRS-NOAA20,5481,23812,4.3,5481,2712,378,2
borneo,2020-03,VIIRS-NOAA20,5224,36112,6.9,5224,2155,337,2
borneo,2020-04,VIIRS-NOAA20,4650,20505,4.4,4650,2670,310,2
borneo,2020-05,VIIRS-NOAA20,1395,6037,4.3,1395,481,90,2
borneo,2020-06,VIIRS-NOAA20,2505,12873,5.1,2505,1305,167,2
borneo,2020-07,VIIRS-NOAA20,1705,8726,5.1,1705,791,110,2
borneo,2020-08,VIIRS-NOAA20,40579,449385,11.1,40579,1938,2618,2
borneo,2020-09,VIIRS-NOAA20,4950,34362,6.9,4950,1650,330,2
borneo,2020-10,VIIRS-NOAA20,6557,55851,8.5,6557,419,423,2
borneo,2020-11,VIIRS-NOAA20,1245,6803,5.5,1245,675,83,2
borneo,2020-12,VIIRS-NOAA20,1953,11803,6.0,1953,310,126,2
borneo,2021-01,VIIRS-NOAA20,1147,5521,4.8,1147,279,74,2
borneo,2021-02,VIIRS-NOAA20,4438,23703,5.3,4438,1722,317,2
borneo,2021-03,VIIRS-NOAA20,4743,35588,7.5,4743,1829,306,2
borneo,2021-04,VIIRS-NOAA20,3270,18855,5.8,3270,1215,218,2
borneo,2021-05,VIIRS-NOAA20,1209,4366,3.6,1209,682,78,2
borneo,2021-06,VIIRS-NOAA20,2610,12556,4.8,2610,1080,174,2
borneo,2021-07,VIIRS-NOAA20,4356,29571,6.8,4356,775,281,2
borneo,2021-08,VIIRS-NOAA20,2201,12819,5.8,2201,713,142,2
borneo,2021-09,VIIRS-NOAA20,14250,168972,11.9,14250,1035,950,2
borneo,2021-10,VIIRS-NOAA20,4557,29633,6.5,4557,1101,294,2
borneo,2021-11,VIIRS-NOAA20,1575,8303,5.3,1575,630,105,2
borneo,2021-12,VIIRS-NOAA20,2031,8667,4.3,2031,806,131,2
borneo,2022-01,VIIRS-NOAA20,1814,7084,3.9,1814,899,117,2
borneo,2022-02,VIIRS-NOAA20,1190,5893,5.0,1190,266,85,2
borneo,2022-03,VIIRS-NOAA20,2139,12799,6.0,2139,713,138,2
borneo,2022-04,VIIRS-NOAA20,1395,5833,4.2,1395,480,93,2
borneo,2022-05,VIIRS-NOAA20,2558,24911,9.7,2558,341,165,2
borneo,2022-06,VIIRS-NOAA20,2070,8123,3.9,2070,945,138,2
borneo,2022-07,VIIRS-NOAA20,2449,14029,5.7,2449,884,158,2
borneo,2022-08,VIIRS-NOAA20,13563,126186,9.3,13563,1442,875,2
borneo,2022-09,VIIRS-NOAA20,8580,75182,8.8,8580,720,572,2
borneo,2022-10,VIIRS-NOAA20,884,4217,4.8,884,341,57,2
borneo,2022-11,VIIRS-NOAA20,1725,9774,5.7,1725,255,115,2
borneo,2022-12,VIIRS-NOAA20,636,2130,3.4,636,357,41,2
borneo,2023-01,VIIRS-NOAA20,496,4623,9.3,496,155,32,2
borneo,2023-02,VIIRS-NOAA20,3556,16677,4.7,3556,1120,254,2
borneo,2023-03,VIIRS-NOAA20,3271,14433,4.4,3271,1535,211,2
borneo,2023-04,VIIRS-NOAA20,3855,22736,5.9,3855,1950,257,2
borneo,2023-05,VIIRS-NOAA20,3007,14930,5.0,3007,915,194,2
borneo,2023-06,VIIRS-NOAA20,4800,27223,5.7,4800,1095,320,2
borneo,2023-07,VIIRS-NOAA20,2186,10997,5.0,2186,822,141,2
borneo,2023-08,VIIRS-NOAA20,21344,170915,8.0,21344,6696,1377,2
borneo,2023-09,VIIRS-NOAA20,34110,287973,8.4,34110,6465,2274,2
borneo,2023-10,VIIRS-NOAA20,29605,226650,7.7,29605,7316,1910,2
borneo,2023-11,VIIRS-NOAA20,8160,66738,8.2,8160,1725,544,2
borneo,2023-12,VIIRS-NOAA20,1643,7813,4.8,1643,884,106,2
borneo,2024-01,VIIRS-NOAA20,1488,10775,7.2,1488,512,96,2
borneo,2024-02,VIIRS-NOAA20,3451,17460,5.1,3451,1639,238,2
borneo,2024-03,VIIRS-NOAA20,481,2914,6.1,481,202,31,2
borneo,2024-04,VIIRS-NOAA20,4440,31187,7.0,4440,1515,296,2
borneo,2024-05,VIIRS-NOAA20,1473,5120,3.5,1473,853,95,2
borneo,2024-06,VIIRS-NOAA20,1410,6187,4.4,1410,660,94,2
borneo,2024-07,VIIRS-NOAA20,5859,38398,6.6,5859,1550,378,2
borneo,2024-08,VIIRS-NOAA20,4387,23886,5.4,4387,2031,283,2
borneo,2024-09,VIIRS-NOAA20,16650,158564,9.5,16650,2535,1110,2
borneo,2024-10,VIIRS-NOAA20,8928,58283,6.5,8928,1287,576,2
borneo,2024-11,VIIRS-NOAA20,2400,10147,4.2,2400,1080,160,2
borneo,2024-12,VIIRS-NOAA20,2046,16371,8.0,2046,248,132,2
borneo,2025-01,VIIRS-NOAA20,760,1871,2.5,760,496,49,2
borneo,2025-02,VIIRS-NOAA20,1750,7710,4.4,1750,602,125,2
borneo,2025-03,VIIRS-NOAA20,1023,129504,126.6,1023,264,66,2
borneo,2025-04,VIIRS-NOAA20,1335,5445,4.1,1335,480,89,2
borneo,2025-05,VIIRS-NOAA20,3426,23101,6.7,3426,760,221,2
borneo,2025-06,VIIRS-NOAA20,5160,34776,6.7,5160,1980,344,2
borneo,2025-07,VIIRS-NOAA20,17562,112856,6.4,17562,6650,1133,2
borneo,2025-08,VIIRS-NOAA20,15640,131114,8.4,15640,1767,1009,2
borneo,2025-09,VIIRS-NOAA20,35055,363526,10.4,35055,1965,2337,2
borneo,2025-10,VIIRS-NOAA20,6076,49087,8.1,6076,527,392,2
borneo,2025-11,VIIRS-NOAA20,5085,27266,5.4,5085,2145,339,2
borneo,2025-12,VIIRS-NOAA20,775,2454,3.2,775,419,50,2
california,2000-11,MODIS-Terra,405,9995,24.7,15,45,27,2
california,2000-12,MODIS-Terra,140,4104,29.4,0,0,9,2
california,2001-01,MODIS-Terra,124,2753,22.2,0,0,8,2
california,2001-02,MODIS-Terra,322,7119,22.1,28,0,23,2
california,2001-03,MODIS-Terra,589,6687,11.4,78,0,38,2
california,2001-04,MODIS-Terra,0,0,0.0,0,0,0,2
california,2001-05,MODIS-Terra,140,16315,117.0,93,0,9,2
california,2001-06,MODIS-Terra,90,3540,39.3,60,60,6,2
california,2001-07,MODIS-Terra,78,804,10.4,16,62,5,2
california,2001-08,MODIS-Terra,589,18268,31.0,233,47,38,2
california,2001-09,MODIS-Terra,1065,64596,60.7,570,735,71,2
california,2001-10,MODIS-Terra,326,18752,57.6,31,0,21,2
california,2001-11,MODIS-Terra,210,2844,13.5,15,15,14,2
california,2001-12,MODIS-Terra,62,15091,243.4,31,16,4,2
california,2002-01,MODIS-Terra,450,10039,22.3,62,0,29,2
california,2002-02,MODIS-Terra,14,192,13.7,14,14,1,2
california,2002-03,MODIS-Terra,16,384,24.8,0,0,1,2
california,2002-04,MODIS-Terra,525,17820,33.9,90,60,35,2
california,2002-05,MODIS-Terra,62,1815,29.3,16,47,4,2
california,2002-06,MODIS-Terra,285,8355,29.3,60,45,19,2
california,2002-07,MODIS-Terra,2093,862972,412.4,1721,496,135,2
california,2002-08,MODIS-Terra,1938,315341,162.8,1225,698,125,2
california,2002-09,MODIS-Terra,75,2262,30.2,30,75,5,2
california,2002-10,MODIS-Terra,233,5785,24.9,47,31,15,2
california,2002-11,MODIS-Terra,75,2255,30.1,30,0,5,2
california,2002-12,MODIS-Terra,93,843,9.1,16,0,6,2
california,2003-01,MODIS-Terra,16,158,10.2,0,0,1,2
california,2003-02,MODIS-Terra,308,5414,17.6,28,14,22,2
california,2003-03,MODIS-Terra,93,1817,19.5,0,16,6,2
california,2003-04,MODIS-Terra,255,3870,15.2,45,0,17,2
california,2003-05,MODIS-Terra,109,1440,13.3,16,0,7,2
california,2003-06,MODIS-Terra,165,6500,39.4,60,0,11,2
california,2003-07,MODIS-Terra,605,57668,95.4,403,248,39,2
california,2003-08,MODIS-Terra,279,7277,26.1,31,140,18,2
california,2003-09,MODIS-Terra,1095,50939,46.5,375,105,73,2
california,2003-10,MODIS-Terra,1147,110166,96.0,496,264,74,2
california,2003-11,MODIS-Terra,180,3673,20.4,15,75,12,2
california,2003-12,MODIS-Terra,0,0,0.0,0,0,0,2
california,2004-01,MODIS-Terra,124,5454,44.0,16,0,8,2
california,2004-02,MODIS-Terra,87,3529,40.6,29,29,6,2
california,2004-03,MODIS-Terra,202,11859,58.9,47,31,13,2
california,2004-04,MODIS-Terra,675,15688,23.2,195,0,45,2
california,2004-05,MODIS-Terra,140,1761,12.6,0,31,9,2
california,2004-06,MODIS-Terra,255,5296,20.8,15,0,17,2
california,2004-07,MODIS-Terra,217,6166,28.4,78,0,14,2
california,2004-08,MODIS-Terra,109,1888,17.4,31,78,7,2
california,2004-09,MODIS-Terra,435,20658,47.5,150,120,29,2
california,2004-10,MODIS-Terra,1101,34007,30.9,372,0,71,2
california,2004-11,MODIS-Terra,45,2628,58.4,0,15,3,2
california,2004-12,MODIS-Terra,109,1076,9.9,0,0,7,2
california,2005-01,MODIS-Terra,16,138,8.9,0,16,1,2
california,2005-02,MODIS-Terra,168,1502,8.9,14,0,12,2
california,2005-03,MODIS-Terra,155,2137,13.8,16,0,10,2
california,2005-04,MODIS-Terra,690,36869,53.4,360,0,46,2
california,2005-05,MODIS-Terra,155,4103,26.5,62,0,10,2
california,2005-06,MODIS-Terra,435,26000,59.8,195,135,29,2
california,2005-07,MODIS-Terra,372,18017,48.4,109,140,24,2
california,2005-08,MODIS-Terra,233,8940,38.5,78,109,15,2
california,2005-09,MODIS-Terra,255,5706,22.4,0,60,17,2
california,2005-10,MODIS-Terra,310,6005,19.4,47,47,20,2
california,2005-11,MODIS-Terra,255,4215,16.5,135,225,17,2
california,2005-12,MODIS-Terra,0,0,0.0,0,0,0,2
california,2006-01,MODIS-Terra,0,0,0.0,0,0,0,2
california,2006-02,MODIS-Terra,336,8660,25.8,112,112,24,2
california,2006-03,MODIS-Terra,124,953,7.7,0,0,8,2
california,2006-04,MODIS-Terra,0,0,0.0,0,0,0,2
california,2006-05,MODIS-Terra,124,7449,60.1,31,16,8,2
california,2006-06,MODIS-Terra,255,8912,34.9,135,0,17,2
california,2006-07,MODIS-Terra,574,38770,67.6,341,326,37,2
california,2006-08,MODIS-Terra,605,28687,47.5,264,419,39,2
california,2006-09,MODIS-Terra,2385,186726,78.3,1035,1470,159,2
california,2006-10,MODIS-Terra,124,4511,36.4,0,0,8,2
california,2006-11,MODIS-Terra,540,14349,26.6,210,0,36,2
california,2006-12,MODIS-Terra,279,11248,40.3,78,78,18,2
california,2007-01,MODIS-Terra,233,2660,11.4,31,0,15,2
california,2007-02,MODIS-Terra,0,0,0.0,0,0,0,2
california,2007-03,MODIS-Terra,16,167,10.8,0,0,1,2
california,2007-04,MODIS-Terra,75,513,6.8,0,0,5,2
california,2007-05,MODIS-Terra,264,8215,31.2,109,78,17,2
california,2007-06,MODIS-Terra,165,5367,32.5,45,0,11,2
california,2007-07,MODIS-Terra,4309,476217,110.5,2403,2542,278,2
california,2007-08,MODIS-Terra,791,47184,59.7,295,605,51,2
california,2007-09,MODIS-Terra,1755,183704,104.7,945,615,117,2
california,2007-10,MODIS-Terra,8479,1989423,234.6,5642,4309,547,2
california,2007-11,MODIS-Terra,225,33795,150.2,90,30,15,2
california,2007-12,MODIS-Terra,78,911,11.8,0,0,5,2
california,2008-01,MODIS-Terra,78,1290,16.6,0,16,5,2
california,2008-02,MODIS-Terra,58,776,13.4,15,0,4,2
california,2008-03,MODIS-Terra,202,3830,19.0,0,0,13,2
california,2008-04,MODIS-Terra,135,5091,37.7,15,0,9,2
california,2008-05,MODIS-Terra,264,69705,264.5,171,31,17,2
california,2008-06,MODIS-Terra,3210,207837,64.7,1365,975,214,2
california,2008-07,MODIS-Terra,7270,671502,92.4,3906,1845,469,2
california,2008-08,MODIS-Terra,2155,78994,36.7,1225,1829,139,2
california,2008-09,MODIS-Terra,375,16080,42.9,75,210,25,2
california,2008-10,MODIS-Terra,512,48983,95.8,310,109,33,2
california,2008-11,MODIS-Terra,450,9396,20.9,150,0,30,2
california,2008-12,MODIS-Terra,16,212,13.7,0,0,1,2
california,2009-01,MODIS-Terra,16,140,9.0,0,0,1,2
california,2009-02,MODIS-Terra,56,1641,29.3,56,0,4,2
california,2009-03,MODIS-Terra,0,0,0.0,0,0,0,2
california,2009-04,MODIS-Terra,255,13485,52.9,150,0,17,2
california,2009-05,MODIS-Terra,837,254536,304.1,574,450,54,2
california,2009-06,MODIS-Terra,180,9239,51.3,75,15,12,2
california,2009-07,MODIS-Terra,512,32455,63.5,233,202,33,2
california,2009-08,MODIS-Terra,279,9119,32.7,109,109,18,2
california,2009-09,MODIS-Terra,720,59102,82.1,480,165,48,2
california,2009-10,MODIS-Terra,512,9467,18.5,109,0,33,2
california,2009-11,MODIS-Terra,0,0,0.0,0,0,0,2
california,2009-12,MODIS-Terra,78,876,11.3,0,16,5,2
california,2010-01,MODIS-Terra,0,0,0.0,0,0,0,2
california,2010-02,MODIS-Terra,42,315,7.5,0,0,3,2
california,2010-03,MODIS-Terra,295,4542,15.4,47,0,19,2
california,2010-04,MODIS-Terra,15,722,48.1,0,0,1,2
california,2010-05,MODIS-Terra,93,1603,17.2,0,0,6,2
california,2010-06,MODIS-Terra,270,4419,16.4,75,165,18,2
california,2010-07,MODIS-Terra,217,12002,55.3,47,47,14,2
california,2010-08,MODIS-Terra,109,1796,16.6,0,16,7,2
california,2010-09,MODIS-Terra,225,4770,21.2,60,135,15,2
california,2010-10,MODIS-Terra,171,10847,63.6,47,0,11,2
california,2010-11,MODIS-Terra,75,1775,23.7,30,0,5,2
california,2010-12,MODIS-Terra,0,0,0.0,0,0,0,2
california,2011-01,MODIS-Terra,16,113,7.3,0,0,1,2
california,2011-02,MODIS-Terra,0,0,0.0,0,0,0,2
california,2011-03,MODIS-Terra,93,1978,21.3,47,0,6,2
california,2011-04,MODIS-Terra,45,914,20.3,15,30,3,2
california,2011-05,MODIS-Terra,16,570,36.8,0,0,1,2
california,2011-06,MODIS-Terra,255,10667,41.8,75,15,17,2
california,2011-07,MODIS-Terra,109,4039,37.2,31,78,7,2
california,2011-08,MODIS-Terra,140,7181,51.5,62,31,9,2
california,2011-09,MODIS-Terra,45,2303,51.2,0,0,3,2
california,2011-10,MODIS-Terra,109,5622,51.8,16,47,7,2
california,2011-11,MODIS-Terra,210,2447,11.7,15,0,14,2
california,2011-12,MODIS-Terra,78,825,10.6,0,0,5,2
california,2012-01,MODIS-Terra,62,1459,23.5,0,16,4,2
california,2012-02,MODIS-Terra,450,6013,13.4,15,0,31,2
california,2012-03,MODIS-Terra,233,3205,13.8,16,0,15,2
california,2012-04,MODIS-Terra,60,4046,67.4,15,0,4,2
california,2012-05,MODIS-Terra,31,332,10.7,16,31,2,2
california,2012-06,MODIS-Terra,330,30698,93.0,75,60,22,2
california,2012-07,MODIS-Terra,264,38065,144.5,124,155,17,2
california,2012-08,MODIS-Terra,3968,771401,194.4,2263,1938,256,2
california,2012-09,MODIS-Terra,600,36831,61.4,270,375,40,2
california,2012-10,MODIS-Terra,62,2509,40.5,0,0,4,2
california,2012-11,MODIS-Terra,150,1812,12.1,30,0,10,2
california,2012-12,MODIS-Terra,124,1311,10.6,0,0,8,2
california,2013-01,MODIS-Terra,155,1201,7.7,0,0,10,2
california,2013-02,MODIS-Terra,84,1905,22.7,14,0,6,2
california,2013-03,MODIS-Terra,31,572,18.4,0,0,2,2
california,2013-04,MODIS-Terra,225,2788,12.4,45,0,15,2
california,2013-05,MODIS-Terra,140,5678,40.7,93,31,9,2
california,2013-06,MODIS-Terra,210,7515,35.8,75,0,14,2
california,2013-07,MODIS-Terra,1876,608831,324.6,1349,1008,121,2
california,2013-08,MODIS-Terra,4759,755470,158.8,3147,3302,307,2
california,2013-09,MODIS-Terra,840,65406,77.9,345,210,56,2
california,2013-10,MODIS-Terra,233,4044,17.4,62,16,15,2
california,2013-11,MODIS-Terra,330,14828,44.9,90,60,22,2
california,2013-12,MODIS-Terra,78,924,11.9,0,0,5,2
california,2014-01,MODIS-Terra,0,0,0.0,0,0,0,2
california,2014-02,MODIS-Terra,210,3080,14.7,28,28,15,2
california,2014-03,MODIS-Terra,248,5109,20.6,31,0,16,2
california,2014-04,MODIS-Terra,105,11967,114.0,60,45,7,2
california,2014-05,MODIS-Terra,140,825,5.9,0,0,9,2
california,2014-06,MODIS-Terra,45,594,13.2,30,45,3,2
california,2014-07,MODIS-Terra,465,143986,309.6,357,419,30,2
california,2014-08,MODIS-Terra,1163,37220,32.0,465,589,75,2
california,2014-09,MODIS-Terra,1035,29577,28.6,375,540,69,2
california,2014-10,MODIS-Terra,496,9283,18.7,47,16,32,2
california,2014-11,MODIS-Terra,30,216,7.2,0,30,2,2
california,2014-12,MODIS-Terra,0,0,0.0,0,0,0,2
california,2015-01,MODIS-Terra,155,2542,16.4,0,0,10,2
california,2015-02,MODIS-Terra,70,3380,48.3,14,14,5,2
california,2015-03,MODIS-Terra,109,1505,13.9,31,0,7,2
california,2015-04,MODIS-Terra,330,19311,58.5,30,0,22,2
california,2015-05,MODIS-Terra,16,284,18.3,0,0,1,2
california,2015-06,MODIS-Terra,750,77045,102.7,315,420,50,2
california,2015-07,MODIS-Terra,202,3323,16.5,0,124,13,2
california,2015-08,MODIS-Terra,1628,72693,44.7,481,868,105,2
california,2015-09,MODIS-Terra,990,98124,99.1,510,555,66,2
california,2015-10,MODIS-Terra,310,11555,37.3,16,0,20,2
california,2015-11,MODIS-Terra,135,3101,23.0,45,45,9,2
california,2015-12,MODIS-Terra,0,0,0.0,0,0,0,2
california,2016-01,MODIS-Terra,31,157,5.1,0,0,2,2
california,2016-02,MODIS-Terra,58,782,13.5,15,44,4,2
california,2016-03,MODIS-Terra,171,1127,6.6,0,0,11,2
california,2016-04,MODIS-Terra,45,1526,33.9,0,0,3,2
california,2016-05,MODIS-Terra,16,191,12.3,0,0,1,2
california,2016-06,MODIS-Terra,345,33528,97.2,210,255,23,2
california,2016-07,MODIS-Terra,295,12467,42.3,93,217,19,2
california,2016-08,MODIS-Terra,2294,411187,179.2,1287,729,148,2
california,2016-09,MODIS-Terra,945,48125,50.9,195,480,63,2
california,2016-10,MODIS-Terra,279,10819,38.8,109,47,18,2
california,2016-11,MODIS-Terra,420,13435,32.0,105,0,28,2
california,2016-12,MODIS-Terra,31,470,15.1,0,16,2,2
california,2017-01,MODIS-Terra,0,0,0.0,0,0,0,2
california,2017-02,MODIS-Terra,0,0,0.0,0,0,0,2
california,2017-03,MODIS-Terra,109,1863,17.2,16,0,7,2
california,2017-04,MODIS-Terra,45,1528,34.0,0,0,3,2
california,2017-05,MODIS-Terra,140,12367,88.7,62,0,9,2
california,2017-06,MODIS-Terra,105,3954,37.7,45,15,7,2
california,2017-07,MODIS-Terra,1814,273090,150.6,1302,620,117,2
california,2017-08,MODIS-Terra,1488,46856,31.5,698,1039,96,2
california,2017-09,MODIS-Terra,1320,44232,33.5,375,315,88,2
california,2017-10,MODIS-Terra,481,29577,61.6,217,233,31,2
california,2017-11,MODIS-Terra,180,2072,11.5,30,0,12,2
california,2017-12,MODIS-Terra,2093,185981,88.9,1178,605,135,2
california,2018-01,MODIS-Terra,16,67,4.3,0,0,1,2
california,2018-02,MODIS-Terra,294,6097,20.7,70,0,21,2
california,2018-03,MODIS-Terra,47,1006,21.6,0,0,3,2
california,2018-04,MODIS-Terra,195,3194,16.4,45,0,13,2
california,2018-05,MODIS-Terra,357,10906,30.6,93,0,23,2
california,2018-06,MODIS-Terra,150,15571,103.8,75,105,10,2
california,2018-07,MODIS-Terra,4340,665634,153.4,3178,1225,280,2
california,2018-08,MODIS-Terra,5363,1385006,258.3,3271,3162,346,2
california,2018-09,MODIS-Terra,630,34187,54.3,120,210,42,2
california,2018-10,MODIS-Terra,450,10317,23.0,155,0,29,2
california,2018-11,MODIS-Terra,1275,830228,651.2,870,120,85,2
california,2018-12,MODIS-Terra,62,4210,67.9,47,0,4,2
california,2019-01,MODIS-Terra,16,223,14.4,0,16,1,2
california,2019-02,MODIS-Terra,252,3462,13.7,28,0,18,2
california,2019-03,MODIS-Terra,202,2423,12.0,0,0,13,2
california,2019-04,MODIS-Terra,15,180,12.0,0,0,1,2
california,2019-05,MODIS-Terra,109,2351,21.7,16,16,7,2
california,2019-06,MODIS-Terra,150,7928,52.9,30,0,10,2
california,2019-07,MODIS-Terra,248,14892,60.0,109,171,16,2
california,2019-08,MODIS-Terra,248,27926,112.6,62,16,16,2
california,2019-09,MODIS-Terra,2490,279041,112.1,1665,2100,166,2
california,2019-10,MODIS-Terra,620,20054,32.3,186,171,40,2
california,2019-11,MODIS-Terra,630,15434,24.5,45,0,42,2
california,2019-12,MODIS-Terra,0,0,0.0,0,0,0,2
california,2020-01,MODIS-Terra,279,2370,8.5,16,0,18,2
california,2020-02,MODIS-Terra,174,4428,25.5,44,15,12,2
california,2020-03,MODIS-Terra,124,2806,22.6,16,16,8,2
california,2020-04,MODIS-Terra,165,3099,18.8,30,0,11,2
california,2020-05,MODIS-Terra,465,12101,26.0,124,31,30,2
california,2020-06,MODIS-Terra,105,6033,57.5,30,30,7,2
california,2020-07,MODIS-Terra,822,37129,45.2,388,419,53,2
california,2020-08,MODIS-Terra,8541,716802,83.9,4495,4015,551,2
california,2020-09,MODIS-Terra,25695,9958006,387.5,18360,14850,1713,2
california,2020-10,MODIS-Terra,1612,62809,39.0,543,822,104,2
california,2020-11,MODIS-Terra,150,10719,71.5,60,45,10,2
california,2020-12,MODIS-Terra,202,6975,34.6,93,47,13,2
california,2021-01,MODIS-Terra,341,5030,14.8,31,0,22,2
california,2021-02,MODIS-Terra,350,7552,21.6,70,0,25,2
california,2021-03,MODIS-Terra,419,5768,13.8,47,16,27,2
california,2021-04,MODIS-Terra,345,12305,35.7,45,15,23,2
california,2021-05,MODIS-Terra,93,2925,31.5,0,16,6,2
california,2021-06,MODIS-Terra,495,27780,56.1,195,105,33,2
california,2021-07,MODIS-Terra,5534,852342,154.0,4077,3906,357,2
california,2021-08,MODIS-Terra,8277,922309,111.4,4464,4247,534,2
california,2021-09,MODIS-Terra,6885,736630,107.0,4620,6000,459,2
california,2021-10,MODIS-Terra,186,6862,36.9,93,109,12,2
california,2021-11,MODIS-Terra,1380,11633,8.4,60,0,92,2
california,2021-12,MODIS-Terra,93,1978,21.3,16,0,6,2
california,2022-01,MODIS-Terra,124,5026,40.5,62,62,8,2
california,2022-02,MODIS-Terra,238,6914,29.1,56,0,17,2
california,2022-03,MODIS-Terra,93,4533,48.7,16,0,6,2
california,2022-04,MODIS-Terra,105,1640,15.6,15,0,7,2
california,2022-05,MODIS-Terra,47,3525,75.8,31,0,3,2
california,2022-06,MODIS-Terra,150,3883,25.9,60,0,10,2
california,2022-07,MODIS-Terra,388,20146,52.0,140,186,25,2
california,2022-08,MODIS-Terra,636,18843,29.7,326,496,41,2
california,2022-09,MODIS-Terra,2430,522762,215.1,1785,1395,162,2
california,2022-10,MODIS-Terra,16,119,7.7,0,0,1,2
california,2022-11,MODIS-Terra,15,111,7.4,0,0,1,2
california,2022-12,MODIS-Terra,93,1631,17.5,47,0,6,2
california,2023-01,MODIS-Terra,0,0,0.0,0,0,0,2
california,2023-02,MODIS-Terra,182,3678,20.2,28,0,13,2
california,2023-03,MODIS-Terra,0,0,0.0,0,0,0,2
california,2023-04,MODIS-Terra,30,387,12.9,0,0,2,2
california,2023-05,MODIS-Terra,248,11270,45.4,124,0,16,2
california,2023-06,MODIS-Terra,525,15882,30.3,210,60,35,2
california,2023-07,MODIS-Terra,109,1537,14.2,78,109,7,2
california,2023-08,MODIS-Terra,357,60202,168.9,124,202,23,2
california,2023-09,MODIS-Terra,1020,32310,31.7,360,210,68,2
california,2023-10,MODIS-Terra,264,8919,33.8,93,78,17,2
california,2023-11,MODIS-Terra,300,9461,31.5,60,180,20,2
california,2023-12,MODIS-Terra,248,4610,18.6,47,0,16,2
california,2024-01,MODIS-Terra,0,0,0.0,0,0,0,2
california,2024-02,MODIS-Terra,87,4037,46.4,29,29,6,2
california,2024-03,MODIS-Terra,93,1089,11.7,0,0,6,2
california,2024-04,MODIS-Terra,120,3371,28.1,30,0,8,2
california,2024-05,MODIS-Terra,279,3364,12.1,16,0,18,2
california,2024-06,MODIS-Terra,75,1366,18.2,0,45,5,2
california,2024-07,MODIS-Terra,2031,180297,88.8,1333,1163,131,2
california,2024-08,MODIS-Terra,1008,51854,51.5,543,744,65,2
california,2024-09,MODIS-Terra,1035,360908,348.7,750,585,69,2
california,2024-10,MODIS-Terra,589,80249,136.2,279,279,38,2
california,2024-11,MODIS-Terra,660,16959,25.7,75,105,44,2
california,2024-12,MODIS-Terra,0,0,0.0,0,0,0,2
california,2025-01,MODIS-Terra,1504,585163,389.2,961,698,97,2
california,2025-02,MODIS-Terra,0,0,0.0,0,0,0,2
california,2025-03,MODIS-Terra,186,2136,11.5,16,0,12,2
california,2025-04,MODIS-Terra,330,8689,26.3,90,15,22,2
california,2025-05,MODIS-Terra,527,28367,53.8,202,202,34,2
california,2025-06,MODIS-Terra,105,10855,103.4,75,0,7,2
california,2025-07,MODIS-Terra,791,22867,28.9,341,481,51,2
california,2025-08,MODIS-Terra,1333,56513,42.4,806,1178,86,2
california,2025-09,MODIS-Terra,1485,412469,277.8,1050,810,99,2
california,2025-10,MODIS-Terra,124,6657,53.7,62,0,8,2
california,2025-11,MODIS-Terra,90,2702,30.0,30,45,6,2
california,2025-12,MODIS-Terra,0,0,0.0,0,0,0,2
california,2026-01,MODIS-Terra,62,960,15.5,0,0,4,2
california,2026-02,MODIS-Terra,28,295,10.5,0,28,2,2
california,2026-03,MODIS-Terra,62,529,8.5,0,0,4,2
california,2026-04,MODIS-Terra,270,4071,15.1,30,0,18,2
california,2026-05,MODIS-Terra,16,377,24.3,0,0,1,2
california,2026-06,MODIS-Terra,360,14234,39.5,90,180,24,2
california,2026-07,MODIS-Terra,310,15278,49.3,62,140,20,2
california,2026-08,MODIS-Terra,341,28246,82.8,186,186,22,2
california,2026-09,MODIS-Terra,15,129,8.6,0,0,1,2
california,2012-01,VIIRS-SNPP,264,690,2.6,264,0,17,2
california,2012-02,VIIRS-SNPP,1523,6444,4.2,1523,0,105,2
california,2012-03,VIIRS-SNPP,2465,12209,5.0,2465,0,159,2
california,2012-04,VIIRS-SNPP,810,2488,3.1,810,0,54,2
california,2012-05,VIIRS-SNPP,806,5588,6.9,806,0,52,2
california,2012-06,VIIRS-SNPP,2235,39135,17.5,2235,0,149,2
california,2012-07,VIIRS-SNPP,1721,25907,15.1,1721,0,111,2
california,2012-08,VIIRS-SNPP,46206,1007006,21.8,46206,0,2981,2
california,2012-09,VIIRS-SNPP,5250,46980,8.9,5250,0,350,2
california,2012-10,VIIRS-SNPP,1721,29659,17.2,1721,0,111,2
california,2012-11,VIIRS-SNPP,1335,3395,2.5,1335,0,89,2
california,2012-12,VIIRS-SNPP,868,2066,2.4,868,0,56,2
california,2013-01,VIIRS-SNPP,915,2416,2.6,915,0,59,2
california,2013-02,VIIRS-SNPP,1330,10507,7.9,1330,0,95,2
california,2013-03,VIIRS-SNPP,1132,3461,3.1,1132,0,73,2
california,2013-04,VIIRS-SNPP,945,4254,4.5,945,0,63,2
california,2013-05,VIIRS-SNPP,1364,9512,7.0,1364,0,88,2
california,2013-06,VIIRS-SNPP,1800,8453,4.7,1800,0,120,2
california,2013-07,VIIRS-SNPP,8479,291166,34.3,8479,0,547,2
california,2013-08,VIIRS-SNPP,32411,2135669,65.9,32411,0,2091,2
california,2013-09,VIIRS-SNPP,11085,107643,9.7,11085,0,739,2
california,2013-10,VIIRS-SNPP,2480,11729,4.7,2480,0,160,2
california,2013-11,VIIRS-SNPP,3105,28058,9.0,3105,0,207,2
california,2013-12,VIIRS-SNPP,1132,4390,3.9,1132,0,73,2
california,2014-01,VIIRS-SNPP,651,5647,8.7,651,0,42,2
california,2014-02,VIIRS-SNPP,1036,4563,4.4,1036,0,74,2
california,2014-03,VIIRS-SNPP,2465,42338,17.2,2465,0,159,2
california,2014-04,VIIRS-SNPP,1305,5116,3.9,1305,0,87,2
california,2014-05,VIIRS-SNPP,946,1166,1.2,946,0,61,2
california,2014-06,VIIRS-SNPP,1575,9410,6.0,1575,0,105,2
california,2014-07,VIIRS-SNPP,4061,37581,9.3,4061,0,262,2
california,2014-08,VIIRS-SNPP,11594,75496,6.5,11594,0,748,2
california,2014-09,VIIRS-SNPP,12480,94129,7.5,12480,0,832,2
california,2014-10,VIIRS-SNPP,2837,16306,5.7,2837,0,183,2
california,2014-11,VIIRS-SNPP,1230,4178,3.4,1230,0,82,2
california,2014-12,VIIRS-SNPP,884,1792,2.0,884,0,57,2
california,2015-01,VIIRS-SNPP,1488,32428,21.8,1488,0,96,2
california,2015-02,VIIRS-SNPP,980,4430,4.5,980,0,70,2
california,2015-03,VIIRS-SNPP,1085,3766,3.5,1085,0,70,2
california,2015-04,VIIRS-SNPP,2130,12837,6.0,2130,0,142,2
california,2015-05,VIIRS-SNPP,713,1767,2.5,713,0,46,2
california,2015-06,VIIRS-SNPP,9960,88675,8.9,9960,0,664,2
california,2015-07,VIIRS-SNPP,1876,9509,5.1,1876,0,121,2
california,2015-08,VIIRS-SNPP,26459,481464,18.2,26459,0,1707,2
california,2015-09,VIIRS-SNPP,9870,261969,26.5,9870,0,658,2
california,2015-10,VIIRS-SNPP,2263,19170,8.5,2263,0,146,2
california,2015-11,VIIRS-SNPP,1470,10129,6.9,1470,0,98,2
california,2015-12,VIIRS-SNPP,450,2877,6.4,450,0,29,2
california,2016-01,VIIRS-SNPP,465,972,2.1,465,0,30,2
california,2016-02,VIIRS-SNPP,1494,6580,4.4,1494,0,103,2
california,2016-03,VIIRS-SNPP,1225,2761,2.3,1225,0,79,2
california,2016-04,VIIRS-SNPP,1140,4849,4.3,1140,0,76,2
california,2016-05,VIIRS-SNPP,992,1982,2.0,992,0,64,2
california,2016-06,VIIRS-SNPP,3240,43779,13.5,3240,0,216,2
california,2016-07,VIIRS-SNPP,3581,49522,13.8,3581,0,231,2
california,2016-08,VIIRS-SNPP,16229,542559,33.4,16229,0,1047,2
california,2016-09,VIIRS-SNPP,5700,74934,13.1,5700,0,380,2
california,2016-10,VIIRS-SNPP,2976,18310,6.2,2976,0,192,2
california,2016-11,VIIRS-SNPP,3825,24915,6.5,3825,0,255,2
california,2016-12,VIIRS-SNPP,589,2806,4.8,589,0,38,2
california,2017-01,VIIRS-SNPP,109,493,4.5,109,0,7,2
california,2017-02,VIIRS-SNPP,546,2451,4.5,546,0,39,2
california,2017-03,VIIRS-SNPP,1023,5410,5.3,1023,0,66,2
california,2017-04,VIIRS-SNPP,1170,3281,2.8,1170,0,78,2
california,2017-05,VIIRS-SNPP,2046,15384,7.5,2046,0,132,2
california,2017-06,VIIRS-SNPP,1635,6614,4.0,1635,0,109,2
california,2017-07,VIIRS-SNPP,15872,478198,30.1,15872,0,1024,2
california,2017-08,VIIRS-SNPP,13563,102112,7.5,13563,0,875,2
california,2017-09,VIIRS-SNPP,7485,57459,7.7,7485,0,499,2
california,2017-10,VIIRS-SNPP,6572,43439,6.6,6572,0,424,2
california,2017-11,VIIRS-SNPP,2310,12459,5.4,2310,0,154,2
california,2017-12,VIIRS-SNPP,13501,265031,19.6,13501,0,871,2
california,2018-01,VIIRS-SNPP,372,5410,14.5,372,0,24,2
california,2018-02,VIIRS-SNPP,2506,23650,9.4,2506,0,179,2
california,2018-03,VIIRS-SNPP,837,4077,4.9,837,0,54,2
california,2018-04,VIIRS-SNPP,1380,5187,3.8,1380,0,92,2
california,2018-05,VIIRS-SNPP,1721,10410,6.1,1721,0,111,2
california,2018-06,VIIRS-SNPP,2115,10061,4.8,2115,0,141,2
california,2018-07,VIIRS-SNPP,43276,1685636,39.0,43276,0,2792,2
california,2018-08,VIIRS-SNPP,44640,935504,21.0,44640,0,2880,2
california,2018-09,VIIRS-SNPP,16125,112374,7.0,16125,0,1075,2
california,2018-10,VIIRS-SNPP,4046,32277,8.0,4046,0,261,2
california,2018-11,VIIRS-SNPP,12030,685847,57.0,12030,0,802,2
california,2018-12,VIIRS-SNPP,1798,3632,2.0,1798,0,116,2
california,2019-01,VIIRS-SNPP,1318,4772,3.6,1318,0,85,2
california,2019-02,VIIRS-SNPP,1456,5012,3.4,1456,0,104,2
california,2019-03,VIIRS-SNPP,667,4061,6.1,667,0,43,2
california,2019-04,VIIRS-SNPP,1635,6518,4.0,1635,0,109,2
california,2019-05,VIIRS-SNPP,1659,9628,5.8,1659,0,107,2
california,2019-06,VIIRS-SNPP,2145,16147,7.5,2145,0,143,2
california,2019-07,VIIRS-SNPP,1535,10717,7.0,1535,0,99,2
california,2019-08,VIIRS-SNPP,3643,58393,16.0,3643,0,235,2
california,2019-09,VIIRS-SNPP,18330,392877,21.4,18330,0,1222,2
california,2019-10,VIIRS-SNPP,7084,145063,20.5,7084,0,457,2
california,2019-11,VIIRS-SNPP,3105,22498,7.2,3105,0,207,2
california,2019-12,VIIRS-SNPP,233,686,3.0,233,0,15,2
california,2020-01,VIIRS-SNPP,1550,14879,9.6,1550,0,100,2
california,2020-02,VIIRS-SNPP,2900,44916,15.5,2900,0,200,2
california,2020-03,VIIRS-SNPP,1023,4014,3.9,1023,0,66,2
california,2020-04,VIIRS-SNPP,1170,7150,6.1,1170,0,78,2
california,2020-05,VIIRS-SNPP,2124,7529,3.5,2124,0,137,2
california,2020-06,VIIRS-SNPP,3210,51980,16.2,3210,1425,214,2
california,2020-07,VIIRS-SNPP,13051,151057,11.6,13051,7828,842,2
california,2020-08,VIIRS-SNPP,63969,1079036,16.9,63969,46159,4127,2
california,2020-09,VIIRS-SNPP,268605,10460879,38.9,268605,159675,17907,2
california,2020-10,VIIRS-SNPP,21437,106029,4.9,21437,17283,1383,2
california,2020-11,VIIRS-SNPP,1005,3769,3.8,1005,750,67,2
california,2020-12,VIIRS-SNPP,4883,70142,14.4,4883,3023,315,2
california,2021-01,VIIRS-SNPP,1194,4555,3.8,1194,574,77,2
california,2021-02,VIIRS-SNPP,2604,27149,10.4,2604,854,186,2
california,2021-03,VIIRS-SNPP,1752,7042,4.0,1752,853,113,2
california,2021-04,VIIRS-SNPP,3525,23169,6.6,3525,1140,235,2
california,2021-05,VIIRS-SNPP,2015,17752,8.8,2015,1039,130,2
california,2021-06,VIIRS-SNPP,2535,46868,18.5,2535,1140,169,2
california,2021-07,VIIRS-SNPP,36456,1499839,41.1,36456,24893,2352,2
california,2021-08,VIIRS-SNPP,88784,1323347,14.9,88784,57536,5728,2
california,2021-09,VIIRS-SNPP,103290,2224691,21.5,103290,73440,6886,2
california,2021-10,VIIRS-SNPP,1736,14898,8.6,1736,512,112,2
california,2021-11,VIIRS-SNPP,2460,12209,5.0,2460,1065,164,2
california,2021-12,VIIRS-SNPP,899,7673,8.5,899,465,58,2
california,2022-01,VIIRS-SNPP,1845,6663,3.6,1845,1473,119,2
california,2022-02,VIIRS-SNPP,2170,12231,5.6,2170,686,155,2
california,2022-03,VIIRS-SNPP,3333,21808,6.5,3333,1349,215,2
california,2022-04,VIIRS-SNPP,1155,2980,2.6,1155,855,77,2
california,2022-05,VIIRS-SNPP,1101,1788,1.6,1101,1023,71,2
california,2022-06,VIIRS-SNPP,1530,6942,4.5,1530,975,102,2
california,2022-07,VIIRS-SNPP,2604,33096,12.7,2604,1705,168,2
california,2022-08,VIIRS-SNPP,0,0,0.0,0,0,0,2
california,2022-09,VIIRS-SNPP,17580,359823,20.5,17580,13035,1172,2
california,2022-10,VIIRS-SNPP,1395,3151,2.3,1395,1085,90,2
california,2022-11,VIIRS-SNPP,690,6719,9.7,690,405,46,2
california,2022-12,VIIRS-SNPP,1194,5621,4.7,1194,1008,77,2
california,2023-01,VIIRS-SNPP,481,5323,11.1,481,341,31,2
california,2023-02,VIIRS-SNPP,2282,9167,4.0,2282,924,163,2
california,2023-03,VIIRS-SNPP,1070,2949,2.8,1070,729,69,2
california,2023-04,VIIRS-SNPP,1590,2417,1.5,1590,1215,106,2
california,2023-05,VIIRS-SNPP,1349,5446,4.0,1349,775,87,2
california,2023-06,VIIRS-SNPP,2670,17094,6.4,2670,1305,178,2
california,2023-07,VIIRS-SNPP,2015,4784,2.4,2015,1767,130,2
california,2023-08,VIIRS-SNPP,5906,23318,3.9,5906,4278,381,2
california,2023-09,VIIRS-SNPP,8745,48898,5.6,8745,5670,583,2
california,2023-10,VIIRS-SNPP,5425,39246,7.2,5425,3751,350,2
california,2023-11,VIIRS-SNPP,5910,34527,5.8,5910,3165,394,2
california,2023-12,VIIRS-SNPP,2589,9112,3.5,2589,1519,167,2
california,2024-01,VIIRS-SNPP,496,1341,2.7,496,295,32,2
california,2024-02,VIIRS-SNPP,1131,3181,2.8,1131,769,78,2
california,2024-03,VIIRS-SNPP,2186,7498,3.4,2186,1008,141,2
california,2024-04,VIIRS-SNPP,2025,11775,5.8,2025,900,135,2
california,2024-05,VIIRS-SNPP,2077,10188,4.9,2077,1488,134,2
california,2024-06,VIIRS-SNPP,1830,43365,23.7,1830,915,122,2
california,2024-07,VIIRS-SNPP,15733,316545,20.1,15733,10075,1015,2
california,2024-08,VIIRS-SNPP,12183,145561,11.9,12183,7704,786,2
california,2024-09,VIIRS-SNPP,3360,101325,30.2,3360,2370,224,2
california,2024-10,VIIRS-SNPP,5875,55678,9.5,5875,3054,379,2
california,2024-11,VIIRS-SNPP,855,3597,4.2,855,720,57,2
california,2024-12,VIIRS-SNPP,636,1397,2.2,636,465,41,2
california,2025-01,VIIRS-SNPP,18135,527930,29.1,18135,9564,1170,2
california,2025-02,VIIRS-SNPP,1022,3044,3.0,1022,658,73,2
california,2025-03,VIIRS-SNPP,1349,6836,5.1,1349,884,87,2
california,2025-04,VIIRS-SNPP,3195,17287,5.4,3195,1065,213,2
california,2025-05,VIIRS-SNPP,3891,28855,7.4,3891,1736,251,2
california,2025-06,VIIRS-SNPP,1845,45978,24.9,1845,1245,123,2
california,2025-07,VIIRS-SNPP,6758,110644,16.4,6758,4232,436,2
california,2025-08,VIIRS-SNPP,11362,246098,21.7,11362,6355,733,2
california,2025-09,VIIRS-SNPP,12135,389857,32.1,12135,8280,809,2
california,2025-10,VIIRS-SNPP,2837,32518,11.5,2837,1333,183,2
california,2025-11,VIIRS-SNPP,2055,9844,4.8,2055,1140,137,2
california,2025-12,VIIRS-SNPP,1442,10604,7.4,1442,713,93,2
california,2026-01,VIIRS-SNPP,2434,81008,33.3,2434,558,157,2
california,2026-02,VIIRS-SNPP,1008,2442,2.4,1008,798,72,2
california,2026-03,VIIRS-SNPP,2279,9029,4.0,2279,1318,147,2
california,2026-04,VIIRS-SNPP,2910,31887,11.0,2910,1320,194,2
california,2026-05,VIIRS-SNPP,2201,9123,4.1,2201,1271,142,2
california,2026-06,VIIRS-SNPP,3975,89561,22.5,3975,1995,265,2
california,2026-07,VIIRS-SNPP,3100,20019,6.5,3100,2000,200,2
california,2020-01,VIIRS-NOAA20,1535,20851,13.6,1535,403,99,2
california,2020-02,VIIRS-NOAA20,3016,24637,8.2,3016,1131,208,2
california,2020-03,VIIRS-NOAA20,1209,4045,3.3,1209,760,78,2
california,2020-04,VIIRS-NOAA20,1650,8054,4.9,1650,945,110,2
california,2020-05,VIIRS-NOAA20,2589,11185,4.3,2589,1612,167,2
california,2020-06,VIIRS-NOAA20,3270,21894,6.7,3270,1170,218,2
california,2020-07,VIIRS-NOAA20,7254,46774,6.4,7254,5038,468,2
california,2020-08,VIIRS-NOAA20,70711,1793561,25.4,70711,40796,4562,2
california,2020-09,VIIRS-NOAA20,202950,5827962,28.7,202950,123660,13530,2
california,2020-10,VIIRS-NOAA20,17608,107612,6.1,17608,13005,1136,2
california,2020-11,VIIRS-NOAA20,1395,2689,1.9,1395,1140,93,2
california,2020-12,VIIRS-NOAA20,8510,155880,18.3,8510,4728,549,2
california,2021-01,VIIRS-NOAA20,806,6701,8.3,806,155,52,2
california,2021-02,VIIRS-NOAA20,1960,17711,9.0,1960,812,140,2
california,2021-03,VIIRS-NOAA20,1581,6484,4.1,1581,806,102,2
california,2021-04,VIIRS-NOAA20,3075,19997,6.5,3075,975,205,2
california,2021-05,VIIRS-NOAA20,1581,4934,3.1,1581,1163,102,2
california,2021-06,VIIRS-NOAA20,2430,86801,35.7,2430,945,162,2
california,2021-07,VIIRS-NOAA20,38347,997299,26.0,38347,29528,2474,2
california,2021-08,VIIRS-NOAA20,90939,1414166,15.6,90939,57226,5867,2
california,2021-09,VIIRS-NOAA20,91470,1559496,17.0,91470,67800,6098,2
california,2021-10,VIIRS-NOAA20,1736,7207,4.2,1736,1101,112,2
california,2021-11,VIIRS-NOAA20,2565,18812,7.3,2565,705,171,2
california,2021-12,VIIRS-NOAA20,667,12603,18.9,667,202,43,2
california,2022-01,VIIRS-NOAA20,1612,5402,3.4,1612,1178,104,2
california,2022-02,VIIRS-NOAA20,2870,13870,4.8,2870,1092,205,2
california,2022-03,VIIRS-NOAA20,3069,12904,4.2,3069,1411,198,2
california,2022-04,VIIRS-NOAA20,1470,4477,3.0,1470,1080,98,2
california,2022-05,VIIRS-NOAA20,1380,5196,3.8,1380,1178,89,2
california,2022-06,VIIRS-NOAA20,1365,5371,3.9,1365,855,91,2
california,2022-07,VIIRS-NOAA20,2620,37784,14.4,2620,2000,169,2
california,2022-08,VIIRS-NOAA20,5844,41850,7.2,5844,4061,377,2
california,2022-09,VIIRS-NOAA20,16980,429248,25.3,16980,11610,1132,2
california,2022-10,VIIRS-NOAA20,1442,9130,6.3,1442,729,93,2
california,2022-11,VIIRS-NOAA20,900,2657,3.0,900,615,60,2
california,2022-12,VIIRS-NOAA20,946,1792,1.9,946,806,61,2
california,2023-01,VIIRS-NOAA20,512,1277,2.5,512,403,33,2
california,2023-02,VIIRS-NOAA20,2590,12178,4.7,2590,798,185,2
california,2023-03,VIIRS-NOAA20,1597,25704,16.1,1597,527,103,2
california,2023-04,VIIRS-NOAA20,1425,2421,1.7,1425,1080,95,2
california,2023-05,VIIRS-NOAA20,2015,9649,4.8,2015,1271,130,2
california,2023-06,VIIRS-NOAA20,3840,20358,5.3,3840,1605,256,2
california,2023-07,VIIRS-NOAA20,1814,3100,1.7,1814,1690,117,2
california,2023-08,VIIRS-NOAA20,6541,26927,4.1,6541,4867,422,2
california,2023-09,VIIRS-NOAA20,10290,49896,4.8,10290,6570,686,2
california,2023-10,VIIRS-NOAA20,5611,32530,5.8,5611,4092,362,2
california,2023-11,VIIRS-NOAA20,5355,31993,6.0,5355,2325,357,2
california,2023-12,VIIRS-NOAA20,3255,10431,3.2,3255,1783,210,2
california,2024-01,VIIRS-NOAA20,899,2362,2.6,899,574,58,2
california,2024-02,VIIRS-NOAA20,1276,3377,2.6,1276,986,88,2
california,2024-03,VIIRS-NOAA20,1240,4739,3.8,1240,419,80,2
california,2024-04,VIIRS-NOAA20,2370,10937,4.6,2370,1050,158,2
california,2024-05,VIIRS-NOAA20,2713,20132,7.4,2713,1333,175,2
california,2024-06,VIIRS-NOAA20,1740,16650,9.6,1740,825,116,2
california,2024-07,VIIRS-NOAA20,20336,400015,19.7,20336,12555,1312,2
california,2024-08,VIIRS-NOAA20,10153,153597,15.1,10153,7440,655,2
california,2024-09,VIIRS-NOAA20,4065,80281,19.7,4065,3105,271,2
california,2024-10,VIIRS-NOAA20,5472,44412,8.1,5472,2821,353,2
california,2024-11,VIIRS-NOAA20,5805,87327,15.0,5805,2430,387,2
california,2024-12,VIIRS-NOAA20,1039,2108,2.0,1039,729,67,2
california,2025-01,VIIRS-NOAA20,22847,883920,38.7,22847,10680,1474,2
california,2025-02,VIIRS-NOAA20,812,2246,2.8,812,574,58,2
california,2025-03,VIIRS-NOAA20,1612,4789,3.0,1612,884,104,2
california,2025-04,VIIRS-NOAA20,2820,20448,7.3,2820,945,188,2
california,2025-05,VIIRS-NOAA20,2976,25750,8.7,2976,1891,192,2
california,2025-06,VIIRS-NOAA20,1875,98142,52.3,1875,1020,125,2
california,2025-07,VIIRS-NOAA20,4542,19767,4.4,4542,3503,293,2
california,2025-08,VIIRS-NOAA20,11315,417752,36.9,11315,6231,730,2
california,2025-09,VIIRS-NOAA20,21600,503617,23.3,21600,15885,1440,2
california,2025-10,VIIRS-NOAA20,3147,47090,15.0,3147,1240,203,2
california,2025-11,VIIRS-NOAA20,2490,9206,3.7,2490,1395,166,2
california,2025-12,VIIRS-NOAA20,1938,11747,6.1,1938,961,125,2
canada,2000-11,MODIS-Terra,630,21900,34.8,315,420,42,2
canada,2000-12,MODIS-Terra,0,0,0.0,0,0,0,2
canada,2001-01,MODIS-Terra,186,7973,42.9,47,31,12,2
canada,2001-02,MODIS-Terra,0,0,0.0,0,0,0,2
canada,2001-03,MODIS-Terra,62,888,14.3,0,16,4,2
canada,2001-04,MODIS-Terra,405,16865,41.6,135,45,27,2
canada,2001-05,MODIS-Terra,651,11200,17.2,202,93,42,2
canada,2001-06,MODIS-Terra,105,955,9.1,30,0,7,2
canada,2001-07,MODIS-Terra,496,30706,61.9,279,93,32,2
canada,2001-08,MODIS-Terra,62,587,9.5,0,31,4,2
canada,2001-09,MODIS-Terra,60,1143,19.0,30,15,4,2
canada,2001-10,MODIS-Terra,186,1951,10.5,16,16,12,2
canada,2001-11,MODIS-Terra,450,13382,29.7,135,165,30,2
canada,2001-12,MODIS-Terra,140,2677,19.2,78,0,9,2
canada,2002-01,MODIS-Terra,31,729,23.5,0,0,2,2
canada,2002-02,MODIS-Terra,0,0,0.0,0,0,0,2
canada,2002-03,MODIS-Terra,0,0,0.0,0,0,0,2
canada,2002-04,MODIS-Terra,105,2456,23.4,0,0,7,2
canada,2002-05,MODIS-Terra,744,114863,154.4,155,31,48,2
canada,2002-06,MODIS-Terra,4140,854717,206.5,2670,2805,276,2
canada,2002-07,MODIS-Terra,1442,336234,233.3,574,16,93,2
canada,2002-08,MODIS-Terra,264,5888,22.3,47,78,17,2
canada,2002-09,MODIS-Terra,135,1892,14.0,0,0,9,2
canada,2002-10,MODIS-Terra,713,31341,44.0,295,310,46,2
canada,2002-11,MODIS-Terra,570,24156,42.4,60,180,38,2
canada,2002-12,MODIS-Terra,109,11885,109.5,47,0,7,2
canada,2003-01,MODIS-Terra,388,12888,33.3,217,233,25,2
canada,2003-02,MODIS-Terra,28,7280,260.0,28,0,2,2
canada,2003-03,MODIS-Terra,0,0,0.0,0,0,0,2
canada,2003-04,MODIS-Terra,255,8427,33.0,75,30,17,2
canada,2003-05,MODIS-Terra,248,6963,28.1,0,47,16,2
canada,2003-06,MODIS-Terra,2610,347535,133.2,540,570,174,2
canada,2003-07,MODIS-Terra,3395,620914,182.9,1752,1039,219,2
canada,2003-08,MODIS-Terra,682,18645,27.3,155,295,44,2
canada,2003-09,MODIS-Terra,240,14513,60.5,60,15,16,2
canada,2003-10,MODIS-Terra,481,13868,28.9,47,248,31,2
canada,2003-11,MODIS-Terra,1125,76541,68.0,480,90,75,2
canada,2003-12,MODIS-Terra,0,0,0.0,0,0,0,2
canada,2004-01,MODIS-Terra,0,0,0.0,0,0,0,2
canada,2004-02,MODIS-Terra,145,10847,74.8,73,58,10,2
canada,2004-03,MODIS-Terra,109,3793,35.0,16,16,7,2
canada,2004-04,MODIS-Terra,240,10705,44.6,75,15,16,2
canada,2004-05,MODIS-Terra,124,2289,18.5,31,0,8,2
canada,2004-06,MODIS-Terra,5565,480699,86.4,2745,2580,371,2
canada,2004-07,MODIS-Terra,9533,591539,62.1,2527,3317,615,2
canada,2004-08,MODIS-Terra,13997,667424,47.7,4557,5859,903,2
canada,2004-09,MODIS-Terra,225,3511,15.6,15,0,15,2
canada,2004-10,MODIS-Terra,1163,78937,67.9,434,0,75,2
canada,2004-11,MODIS-Terra,105,5661,53.9,45,0,7,2
canada,2004-12,MODIS-Terra,0,0,0.0,0,0,0,2
canada,2005-01,MODIS-Terra,0,0,0.0,0,0,0,2
canada,2005-02,MODIS-Terra,238,13614,57.2,0,0,17,2
canada,2005-03,MODIS-Terra,78,1158,14.9,0,0,5,2
canada,2005-04,MODIS-Terra,555,11860,21.4,75,15,37,2
canada,2005-05,MODIS-Terra,1364,79524,58.3,357,155,88,2
canada,2005-06,MODIS-Terra,2010,362849,180.5,780,465,134,2
canada,2005-07,MODIS-Terra,3953,721711,182.6,1597,930,255,2
canada,2005-08,MODIS-Terra,47,549,11.8,16,31,3,2
canada,2005-09,MODIS-Terra,45,1266,28.1,30,15,3,2
canada,2005-10,MODIS-Terra,667,47174,70.8,186,31,43,2
canada,2005-11,MODIS-Terra,840,30467,36.3,435,300,56,2
canada,2005-12,MODIS-Terra,62,3756,60.6,16,47,4,2
canada,2006-01,MODIS-Terra,202,7138,35.4,47,0,13,2
canada,2006-02,MODIS-Terra,112,5340,47.7,28,0,8,2
canada,2006-03,MODIS-Terra,47,863,18.6,16,0,3,2
canada,2006-04,MODIS-Terra,270,11067,41.0,135,150,18,2
canada,2006-05,MODIS-Terra,946,18929,20.0,186,109,61,2
canada,2006-06,MODIS-Terra,4800,1057488,220.3,2280,1425,320,2
canada,2006-07,MODIS-Terra,2093,143124,68.4,698,729,135,2
canada,2006-08,MODIS-Terra,2093,212018,101.3,760,543,135,2
canada,2006-09,MODIS-Terra,480,12023,25.0,150,300,32,2
canada,2006-10,MODIS-Terra,279,6443,23.1,16,31,18,2
canada,2006-11,MODIS-Terra,45,1332,29.6,15,30,3,2
canada,2006-12,MODIS-Terra,419,13623,32.6,171,47,27,2
canada,2007-01,MODIS-Terra,78,9455,122.0,62,0,5,2
canada,2007-02,MODIS-Terra,0,0,0.0,0,0,0,2
canada,2007-03,MODIS-Terra,16,552,35.6,0,0,1,2
canada,2007-04,MODIS-Terra,60,674,11.2,0,0,4,2
canada,2007-05,MODIS-Terra,326,12464,38.3,47,62,21,2
canada,2007-06,MODIS-Terra,2160,141743,65.6,885,210,144,2
canada,2007-07,MODIS-Terra,5611,891971,159.0,2775,2201,362,2
canada,2007-08,MODIS-Terra,93,1271,13.7,0,0,6,2
canada,2007-09,MODIS-Terra,90,2861,31.8,30,45,6,2
canada,2007-10,MODIS-Terra,372,10425,28.0,124,31,24,2
canada,2007-11,MODIS-Terra,750,63756,85.0,375,240,50,2
canada,2007-12,MODIS-Terra,0,0,0.0,0,0,0,2
canada,2008-01,MODIS-Terra,31,3171,102.3,0,0,2,2
canada,2008-02,MODIS-Terra,406,13252,32.6,116,102,28,2
canada,2008-03,MODIS-Terra,0,0,0.0,0,0,0,2
canada,2008-04,MODIS-Terra,75,1521,20.3,30,45,5,2
canada,2008-05,MODIS-Terra,372,10777,29.0,109,16,24,2
canada,2008-06,MODIS-Terra,2820,256696,91.0,720,270,188,2
canada,2008-07,MODIS-Terra,4557,535226,117.5,1969,822,294,2
canada,2008-08,MODIS-Terra,2108,159182,75.5,419,667,136,2
canada,2008-09,MODIS-Terra,0,0,0.0,0,0,0,2
canada,2008-10,MODIS-Terra,1039,51421,49.5,450,388,67,2
canada,2008-11,MODIS-Terra,435,43591,100.2,150,15,29,2
canada,2008-12,MODIS-Terra,0,0,0.0,0,0,0,2
canada,2009-01,MODIS-Terra,0,0,0.0,0,0,0,2
canada,2009-02,MODIS-Terra,0,0,0.0,0,0,0,2
canada,2009-03,MODIS-Terra,0,0,0.0,0,0,0,2
canada,2009-04,MODIS-Terra,180,11865,65.9,45,0,12,2
canada,2009-05,MODIS-Terra,93,2581,27.8,0,47,6,2
canada,2009-06,MODIS-Terra,255,7812,30.6,90,150,17,2
canada,2009-07,MODIS-Terra,388,15193,39.2,171,295,25,2
canada,2009-08,MODIS-Terra,961,32769,34.1,481,605,62,2
canada,2009-09,MODIS-Terra,60,645,10.8,0,15,4,2
canada,2009-10,MODIS-Terra,1194,116050,97.2,605,233,77,2
canada,2009-11,MODIS-Terra,90,2966,33.0,45,15,6,2
canada,2009-12,MODIS-Terra,0,0,0.0,0,0,0,2
canada,2010-01,MODIS-Terra,372,15748,42.3,279,0,24,2
canada,2010-02,MODIS-Terra,56,2495,44.5,14,14,4,2
canada,2010-03,MODIS-Terra,62,1738,28.0,16,0,4,2
canada,2010-04,MODIS-Terra,825,23653,28.7,135,15,55,2
canada,2010-05,MODIS-Terra,357,10915,30.6,140,140,23,2
canada,2010-06,MODIS-Terra,5400,342988,63.5,2250,1755,360,2
canada,2010-07,MODIS-Terra,4914,435601,88.7,1829,2139,317,2
canada,2010-08,MODIS-Terra,3488,241915,69.4,744,527,225,2
canada,2010-09,MODIS-Terra,105,3120,29.7,30,0,7,2
canada,2010-10,MODIS-Terra,543,27130,50.0,279,93,35,2
canada,2010-11,MODIS-Terra,675,55398,82.1,360,105,45,2
canada,2010-12,MODIS-Terra,0,0,0.0,0,0,0,2
canada,2011-01,MODIS-Terra,16,367,23.7,16,16,1,2
canada,2011-02,MODIS-Terra,0,0,0.0,0,0,0,2
canada,2011-03,MODIS-Terra,0,0,0.0,0,0,0,2
canada,2011-04,MODIS-Terra,15,744,49.6,15,0,1,2
canada,2011-05,MODIS-Terra,1256,114799,91.4,341,357,81,2
canada,2011-06,MODIS-Terra,7770,803156,103.4,3645,2235,518,2
canada,2011-07,MODIS-Terra,1132,138438,122.3,450,233,73,2
canada,2011-08,MODIS-Terra,403,9140,22.7,31,109,26,2
canada,2011-09,MODIS-Terra,390,10653,27.3,120,255,26,2
canada,2011-10,MODIS-Terra,605,16377,27.1,403,496,39,2
canada,2011-11,MODIS-Terra,1530,248708,162.6,705,60,102,2
canada,2011-12,MODIS-Terra,155,49586,319.9,78,0,10,2
canada,2012-01,MODIS-Terra,155,14293,92.2,47,0,10,2
canada,2012-02,MODIS-Terra,276,18776,68.2,87,15,19,2
canada,2012-03,MODIS-Terra,0,0,0.0,0,0,0,2
canada,2012-04,MODIS-Terra,120,2177,18.1,0,15,8,2
canada,2012-05,MODIS-Terra,93,2857,30.7,31,16,6,2
canada,2012-06,MODIS-Terra,4320,238872,55.3,1515,1800,288,2
canada,2012-07,MODIS-Terra,4960,290741,58.6,1643,1628,320,2
canada,2012-08,MODIS-Terra,4604,271566,59.0,1845,3178,297,2
canada,2012-09,MODIS-Terra,1905,66264,34.8,480,945,127,2
canada,2012-10,MODIS-Terra,1457,81662,56.0,698,248,94,2
canada,2012-11,MODIS-Terra,60,3469,57.8,30,15,4,2
canada,2012-12,MODIS-Terra,0,0,0.0,0,0,0,2
canada,2013-01,MODIS-Terra,326,24569,75.5,109,31,21,2
canada,2013-02,MODIS-Terra,126,4101,32.5,56,56,9,2
canada,2013-03,MODIS-Terra,78,3819,49.3,0,0,5,2
canada,2013-04,MODIS-Terra,60,1005,16.8,15,0,4,2
canada,2013-05,MODIS-Terra,295,6426,21.8,62,0,19,2
canada,2013-06,MODIS-Terra,4710,964557,204.8,1905,1680,314,2
canada,2013-07,MODIS-Terra,6572,788911,120.0,2821,1147,424,2
canada,2013-08,MODIS-Terra,5084,491550,96.7,1814,1566,328,2
canada,2013-09,MODIS-Terra,840,27262,32.5,120,360,56,2
canada,2013-10,MODIS-Terra,1209,87823,72.6,326,341,78,2
canada,2013-11,MODIS-Terra,210,15153,72.2,45,30,14,2
canada,2013-12,MODIS-Terra,31,1311,42.3,0,0,2,2
canada,2014-01,MODIS-Terra,155,11958,77.2,124,0,10,2
canada,2014-02,MODIS-Terra,0,0,0.0,0,0,0,2
canada,2014-03,MODIS-Terra,0,0,0.0,0,0,0,2
canada,2014-04,MODIS-Terra,225,8972,39.9,90,0,15,2
canada,2014-05,MODIS-Terra,481,42165,87.8,171,124,31,2
canada,2014-06,MODIS-Terra,705,33874,48.0,270,210,47,2
canada,2014-07,MODIS-Terra,20135,1674237,83.2,6433,8076,1299,2
canada,2014-08,MODIS-Terra,4464,294095,65.9,1504,1814,288,2
canada,2014-09,MODIS-Terra,645,31845,49.4,225,555,43,2
canada,2014-10,MODIS-Terra,822,38328,46.7,264,264,53,2
canada,2014-11,MODIS-Terra,195,12759,65.4,150,15,13,2
canada,2014-12,MODIS-Terra,62,3164,51.0,31,0,4,2
canada,2015-01,MODIS-Terra,186,4489,24.1,16,16,12,2
canada,2015-02,MODIS-Terra,56,11915,212.8,28,14,4,2
canada,2015-03,MODIS-Terra,0,0,0.0,0,0,0,2
canada,2015-04,MODIS-Terra,345,13533,39.2,75,45,23,2
canada,2015-05,MODIS-Terra,2403,171391,71.3,930,729,155,2
canada,2015-06,MODIS-Terra,4065,542380,133.4,1920,2190,271,2
canada,2015-07,MODIS-Terra,23746,3832344,161.4,10478,7456,1532,2
canada,2015-08,MODIS-Terra,713,19452,27.3,155,326,46,2
canada,2015-09,MODIS-Terra,240,5866,24.4,15,30,16,2
canada,2015-10,MODIS-Terra,2015,130679,64.9,1054,636,130,2
canada,2015-11,MODIS-Terra,1080,69498,64.3,615,840,72,2
canada,2015-12,MODIS-Terra,31,346,11.1,0,31,2,2
canada,2016-01,MODIS-Terra,78,4724,61.0,78,0,5,2
canada,2016-02,MODIS-Terra,29,1660,57.3,0,0,2,2
canada,2016-03,MODIS-Terra,16,946,61.0,16,16,1,2
canada,2016-04,MODIS-Terra,0,0,0.0,0,0,0,2
canada,2016-05,MODIS-Terra,1488,43270,29.1,543,992,96,2
canada,2016-06,MODIS-Terra,450,18552,41.2,90,270,30,2
canada,2016-07,MODIS-Terra,434,27491,63.3,93,78,28,2
canada,2016-08,MODIS-Terra,574,30321,52.9,140,264,37,2
canada,2016-09,MODIS-Terra,675,38260,56.7,225,120,45,2
canada,2016-10,MODIS-Terra,1116,87288,78.2,713,713,72,2
canada,2016-11,MODIS-Terra,780,23292,29.9,285,120,52,2
canada,2016-12,MODIS-Terra,171,5997,35.2,93,171,11,2
canada,2017-01,MODIS-Terra,0,0,0.0,0,0,0,2
canada,2017-02,MODIS-Terra,14,483,34.5,0,0,1,2
canada,2017-03,MODIS-Terra,0,0,0.0,0,0,0,2
canada,2017-04,MODIS-Terra,45,477,10.6,0,30,3,2
canada,2017-05,MODIS-Terra,884,15060,17.0,186,16,57,2
canada,2017-06,MODIS-Terra,1260,148437,117.8,450,60,84,2
canada,2017-07,MODIS-Terra,11687,1331148,113.9,5673,3953,754,2
canada,2017-08,MODIS-Terra,11036,584552,53.0,4015,4588,712,2
canada,2017-09,MODIS-Terra,6495,720460,110.9,2565,3240,433,2
canada,2017-10,MODIS-Terra,1333,58931,44.2,698,806,86,2
canada,2017-11,MODIS-Terra,975,141483,145.1,360,15,65,2
canada,2017-12,MODIS-Terra,605,19301,31.9,233,217,39,2
canada,2018-01,MODIS-Terra,47,6997,150.5,47,0,3,2
canada,2018-02,MODIS-Terra,0,0,0.0,0,0,0,2
canada,2018-03,MODIS-Terra,0,0,0.0,0,0,0,2
canada,2018-04,MODIS-Terra,0,0,0.0,0,0,0,2
canada,2018-05,MODIS-Terra,1752,186291,106.4,713,620,113,2
canada,2018-06,MODIS-Terra,675,31986,47.4,150,120,45,2
canada,2018-07,MODIS-Terra,279,7259,26.0,62,62,18,2
canada,2018-08,MODIS-Terra,54452,5118553,94.0,33930,32101,3513,2
canada,2018-09,MODIS-Terra,180,2751,15.3,0,120,12,2
canada,2018-10,MODIS-Terra,186,6068,32.6,93,0,12,2
canada,2018-11,MODIS-Terra,1290,86761,67.3,390,450,86,2
canada,2018-12,MODIS-Terra,310,40060,129.2,47,0,20,2
canada,2019-01,MODIS-Terra,47,4053,87.2,0,0,3,2
canada,2019-02,MODIS-Terra,14,960,68.6,14,0,1,2
canada,2019-03,MODIS-Terra,124,3672,29.6,31,31,8,2
canada,2019-04,MODIS-Terra,180,4335,24.1,45,0,12,2
canada,2019-05,MODIS-Terra,3271,366067,111.9,1581,2434,211,2
canada,2019-06,MODIS-Terra,300,14828,49.4,75,165,20,2
canada,2019-07,MODIS-Terra,14431,1329722,92.1,6541,6510,931,2
canada,2019-08,MODIS-Terra,248,15452,62.3,124,155,16,2
canada,2019-09,MODIS-Terra,240,2805,11.7,30,60,16,2
canada,2019-10,MODIS-Terra,1736,123470,71.1,605,0,112,2
canada,2019-11,MODIS-Terra,75,2430,32.4,15,30,5,2
canada,2019-12,MODIS-Terra,62,2629,42.4,31,47,4,2
canada,2020-01,MODIS-Terra,124,2434,19.6,0,0,8,2
canada,2020-02,MODIS-Terra,44,1599,36.8,29,15,3,2
canada,2020-03,MODIS-Terra,0,0,0.0,0,0,0,2
canada,2020-04,MODIS-Terra,30,204,6.8,0,0,2,2
canada,2020-05,MODIS-Terra,186,6118,32.9,0,0,12,2
canada,2020-06,MODIS-Terra,210,37157,176.9,15,0,14,2
canada,2020-07,MODIS-Terra,202,11013,54.7,62,47,13,2
canada,2020-08,MODIS-Terra,140,2486,17.8,78,93,9,2
canada,2020-09,MODIS-Terra,165,7504,45.5,45,0,11,2
canada,2020-10,MODIS-Terra,0,0,0.0,0,0,0,2
canada,2020-11,MODIS-Terra,375,8650,23.1,120,105,25,2
canada,2020-12,MODIS-Terra,636,50470,79.4,310,0,41,2
canada,2021-01,MODIS-Terra,78,1784,23.0,31,0,5,2
canada,2021-02,MODIS-Terra,28,1445,51.6,14,0,2,2
canada,2021-03,MODIS-Terra,47,888,19.1,0,0,3,2
canada,2021-04,MODIS-Terra,0,0,0.0,0,0,0,2
canada,2021-05,MODIS-Terra,140,4210,30.2,31,0,9,2
canada,2021-06,MODIS-Terra,405,61866,152.8,195,150,27,2
canada,2021-07,MODIS-Terra,11517,1392926,121.0,5193,6061,743,2
canada,2021-08,MODIS-Terra,884,37455,42.4,186,713,57,2
canada,2021-09,MODIS-Terra,45,1783,39.6,45,45,3,2
canada,2021-10,MODIS-Terra,2403,129196,53.8,1054,574,155,2
canada,2021-11,MODIS-Terra,510,42740,83.8,180,105,34,2
canada,2021-12,MODIS-Terra,109,3935,36.3,16,0,7,2
canada,2022-01,MODIS-Terra,31,1523,49.1,16,0,2,2
canada,2022-02,MODIS-Terra,126,1063,8.4,56,0,9,2
canada,2022-03,MODIS-Terra,62,4498,72.5,31,0,4,2
canada,2022-04,MODIS-Terra,120,1038,8.7,0,0,8,2
canada,2022-05,MODIS-Terra,124,2912,23.5,62,0,8,2
canada,2022-06,MODIS-Terra,585,18410,31.5,90,0,39,2
canada,2022-07,MODIS-Terra,16151,1232935,76.3,6154,2217,1042,2
canada,2022-08,MODIS-Terra,2728,193674,71.0,760,1085,176,2
canada,2022-09,MODIS-Terra,720,26805,37.2,210,315,48,2
canada,2022-10,MODIS-Terra,1426,78716,55.2,605,791,92,2
canada,2022-11,MODIS-Terra,405,12145,30.0,195,45,27,2
canada,2022-12,MODIS-Terra,124,11122,89.7,31,31,8,2
canada,2023-01,MODIS-Terra,589,31896,54.2,310,186,38,2
canada,2023-02,MODIS-Terra,210,17845,85.0,112,0,15,2
canada,2023-03,MODIS-Terra,0,0,0.0,0,0,0,2
canada,2023-04,MODIS-Terra,45,1450,32.2,0,0,3,2
canada,2023-05,MODIS-Terra,5642,316139,56.0,1860,2992,364,2
canada,2023-06,MODIS-Terra,19860,3864120,194.6,11130,7710,1324,2
canada,2023-07,MODIS-Terra,35526,2717000,76.5,16043,9827,2292,2
canada,2023-08,MODIS-Terra,63008,4428855,70.3,27900,21390,4065,2
canada,2023-09,MODIS-Terra,31425,4012807,127.7,15345,11715,2095,2
canada,2023-10,MODIS-Terra,450,15083,33.6,155,171,29,2
canada,2023-11,MODIS-Terra,660,32749,49.6,210,210,44,2
canada,2023-12,MODIS-Terra,186,28716,154.4,78,62,12,2
canada,2024-01,MODIS-Terra,0,0,0.0,0,0,0,2
canada,2024-02,MODIS-Terra,102,4089,40.3,58,29,7,2
canada,2024-03,MODIS-Terra,47,559,12.0,0,0,3,2
canada,2024-04,MODIS-Terra,150,6770,45.1,15,45,10,2
canada,2024-05,MODIS-Terra,124,3979,32.1,16,0,8,2
canada,2024-06,MODIS-Terra,1710,111728,65.3,615,255,114,2
canada,2024-07,MODIS-Terra,38812,2861665,73.7,17283,13253,2504,2
canada,2024-08,MODIS-Terra,38890,3103555,79.8,18647,10959,2509,2
canada,2024-09,MODIS-Terra,3960,365044,92.2,1920,3315,264,2
canada,2024-10,MODIS-Terra,837,34483,41.2,326,357,54,2
canada,2024-11,MODIS-Terra,225,5596,24.9,75,105,15,2
canada,2024-12,MODIS-Terra,16,0,0.0,16,16,1,2
canada,2025-01,MODIS-Terra,899,27855,31.0,372,310,58,2
canada,2025-02,MODIS-Terra,0,0,0.0,0,0,0,2
canada,2025-03,MODIS-Terra,78,2250,29.0,62,78,5,2
canada,2025-04,MODIS-Terra,105,4393,41.8,30,15,7,2
canada,2025-05,MODIS-Terra,4108,546918,133.2,2356,2232,265,2
canada,2025-06,MODIS-Terra,10740,2226058,207.3,5355,1080,716,2
canada,2025-07,MODIS-Terra,15686,907990,57.9,6743,2480,1012,2
canada,2025-08,MODIS-Terra,6123,284636,46.5,2744,3674,395,2
canada,2025-09,MODIS-Terra,8850,583530,65.9,4815,7215,590,2
canada,2025-10,MODIS-Terra,403,29890,74.2,140,140,26,2
canada,2025-11,MODIS-Terra,435,30042,69.1,255,360,29,2
canada,2025-12,MODIS-Terra,0,0,0.0,0,0,0,2
canada,2026-01,MODIS-Terra,31,0,0.0,31,31,2,2
canada,2026-02,MODIS-Terra,28,735,26.3,14,0,2,2
canada,2026-03,MODIS-Terra,62,1338,21.6,31,62,4,2
canada,2026-04,MODIS-Terra,0,0,0.0,0,0,0,2
canada,2026-05,MODIS-Terra,186,23252,125.0,109,0,12,2
canada,2026-06,MODIS-Terra,1155,81819,70.8,390,0,77,2
canada,2026-07,MODIS-Terra,24289,1963796,80.9,5549,326,1567,2
canada,2026-08,MODIS-Terra,4960,149940,30.2,1566,2651,320,2
canada,2026-09,MODIS-Terra,465,9011,19.4,120,330,31,2
canada,2012-01,VIIRS-SNPP,744,11999,16.1,744,0,48,2
canada,2012-02,VIIRS-SNPP,2117,39644,18.7,2117,0,146,2
canada,2012-03,VIIRS-SNPP,109,541,5.0,109,0,7,2
canada,2012-04,VIIRS-SNPP,1560,16520,10.6,1560,0,104,2
canada,2012-05,VIIRS-SNPP,372,3794,10.2,372,0,24,2
canada,2012-06,VIIRS-SNPP,17535,328813,18.8,17535,0,1169,2
canada,2012-07,VIIRS-SNPP,38161,658992,17.3,38161,0,2462,2
canada,2012-08,VIIRS-SNPP,33852,174222,5.1,33852,0,2184,2
canada,2012-09,VIIRS-SNPP,17730,122236,6.9,17730,0,1182,2
canada,2012-10,VIIRS-SNPP,6836,163252,23.9,6836,0,441,2
canada,2012-11,VIIRS-SNPP,1065,15440,14.5,1065,0,71,2
canada,2012-12,VIIRS-SNPP,155,800,5.2,155,0,10,2
canada,2013-01,VIIRS-SNPP,2139,44792,20.9,2139,0,138,2
canada,2013-02,VIIRS-SNPP,966,27671,28.6,966,0,69,2
canada,2013-03,VIIRS-SNPP,961,14993,15.6,961,0,62,2
canada,2013-04,VIIRS-SNPP,390,2378,6.1,390,0,26,2
canada,2013-05,VIIRS-SNPP,1798,13646,7.6,1798,0,116,2
canada,2013-06,VIIRS-SNPP,39525,661755,16.7,39525,0,2635,2
canada,2013-07,VIIRS-SNPP,59226,1661395,28.1,59226,0,3821,2
canada,2013-08,VIIRS-SNPP,67611,966554,14.3,67611,0,4362,2
canada,2013-09,VIIRS-SNPP,14625,125559,8.6,14625,0,975,2
canada,2013-10,VIIRS-SNPP,7735,150479,19.5,7735,0,499,2
canada,2013-11,VIIRS-SNPP,1980,81348,41.1,1980,0,132,2
canada,2013-12,VIIRS-SNPP,310,11042,35.6,310,0,20,2
canada,2014-01,VIIRS-SNPP,2666,47306,17.7,2666,0,172,2
canada,2014-02,VIIRS-SNPP,56,143,2.5,56,0,4,2
canada,2014-03,VIIRS-SNPP,155,2376,15.3,155,0,10,2
canada,2014-04,VIIRS-SNPP,1230,7737,6.3,1230,0,82,2
canada,2014-05,VIIRS-SNPP,2682,28580,10.7,2682,0,173,2
canada,2014-06,VIIRS-SNPP,7125,90793,12.7,7125,0,475,2
canada,2014-07,VIIRS-SNPP,256680,4650302,18.1,256680,0,16560,2
canada,2014-08,VIIRS-SNPP,62140,805687,13.0,62140,0,4009,2
canada,2014-09,VIIRS-SNPP,4005,17751,4.4,4005,0,267,2
canada,2014-10,VIIRS-SNPP,4604,59703,13.0,4604,0,297,2
canada,2014-11,VIIRS-SNPP,1410,49925,35.4,1410,0,94,2
canada,2014-12,VIIRS-SNPP,899,18715,20.8,899,0,58,2
canada,2015-01,VIIRS-SNPP,1690,19222,11.4,1690,0,109,2
canada,2015-02,VIIRS-SNPP,434,10310,23.8,434,0,31,2
canada,2015-03,VIIRS-SNPP,574,1290,2.2,574,0,37,2
canada,2015-04,VIIRS-SNPP,2325,21867,9.4,2325,0,155,2
canada,2015-05,VIIRS-SNPP,14446,325547,22.5,14446,0,932,2
canada,2015-06,VIIRS-SNPP,20445,294110,14.4,20445,0,1363,2
canada,2015-07,VIIRS-SNPP,222952,5206886,23.4,222952,0,14384,2
canada,2015-08,VIIRS-SNPP,12261,67865,5.5,12261,0,791,2
canada,2015-09,VIIRS-SNPP,1815,12547,6.9,1815,0,121,2
canada,2015-10,VIIRS-SNPP,8866,123148,13.9,8866,0,572,2
canada,2015-11,VIIRS-SNPP,6675,45530,6.8,6675,0,445,2
canada,2015-12,VIIRS-SNPP,3534,95573,27.0,3534,0,228,2
canada,2016-01,VIIRS-SNPP,326,2142,6.6,326,0,21,2
canada,2016-02,VIIRS-SNPP,1378,6508,4.7,1378,0,95,2
canada,2016-03,VIIRS-SNPP,419,1215,2.9,419,0,27,2
canada,2016-04,VIIRS-SNPP,570,4842,8.5,570,0,38,2
canada,2016-05,VIIRS-SNPP,5239,39420,7.5,5239,0,338,2
canada,2016-06,VIIRS-SNPP,6450,102100,15.8,6450,0,430,2
canada,2016-07,VIIRS-SNPP,5084,49113,9.7,5084,0,328,2
canada,2016-08,VIIRS-SNPP,5766,42292,7.3,5766,0,372,2
canada,2016-09,VIIRS-SNPP,4740,86780,18.3,4740,0,316,2
canada,2016-10,VIIRS-SNPP,5131,70199,13.7,5131,0,331,2
canada,2016-11,VIIRS-SNPP,4890,93329,19.1,4890,0,326,2
canada,2016-12,VIIRS-SNPP,1209,13411,11.1,1209,0,78,2
canada,2017-01,VIIRS-SNPP,124,1187,9.6,124,0,8,2
canada,2017-02,VIIRS-SNPP,280,2842,10.2,280,0,20,2
canada,2017-03,VIIRS-SNPP,155,508,3.3,155,0,10,2
canada,2017-04,VIIRS-SNPP,315,771,2.4,315,0,21,2
canada,2017-05,VIIRS-SNPP,4356,49879,11.5,4356,0,281,2
canada,2017-06,VIIRS-SNPP,8895,168005,18.9,8895,0,593,2
canada,2017-07,VIIRS-SNPP,83716,1276687,15.3,83716,0,5401,2
canada,2017-08,VIIRS-SNPP,112282,1169498,10.4,112282,0,7244,2
canada,2017-09,VIIRS-SNPP,75270,1030880,13.7,75270,0,5018,2
canada,2017-10,VIIRS-SNPP,5162,33066,6.4,5162,0,333,2
canada,2017-11,VIIRS-SNPP,5355,133850,25.0,5355,0,357,2
canada,2017-12,VIIRS-SNPP,6386,75990,11.9,6386,0,412,2
canada,2018-01,VIIRS-SNPP,822,19429,23.7,822,0,53,2
canada,2018-02,VIIRS-SNPP,336,3160,9.4,336,0,24,2
canada,2018-03,VIIRS-SNPP,47,233,5.0,47,0,3,2
canada,2018-04,VIIRS-SNPP,360,1427,4.0,360,0,24,2
canada,2018-05,VIIRS-SNPP,17965,336587,18.7,17965,0,1159,2
canada,2018-06,VIIRS-SNPP,4380,73733,16.8,4380,0,292,2
canada,2018-07,VIIRS-SNPP,2697,16628,6.2,2697,0,174,2
canada,2018-08,VIIRS-SNPP,578522,10297693,17.8,578522,0,37324,2
canada,2018-09,VIIRS-SNPP,2115,6900,3.3,2115,0,141,2
canada,2018-10,VIIRS-SNPP,2759,28546,10.3,2759,0,178,2
canada,2018-11,VIIRS-SNPP,11475,123765,10.8,11475,0,765,2
canada,2018-12,VIIRS-SNPP,2263,46511,20.6,2263,0,146,2
canada,2019-01,VIIRS-SNPP,450,5335,11.9,450,0,29,2
canada,2019-02,VIIRS-SNPP,56,285,5.1,56,0,4,2
canada,2019-03,VIIRS-SNPP,1581,8378,5.3,1581,0,102,2
canada,2019-04,VIIRS-SNPP,1575,8614,5.5,1575,0,105,2
canada,2019-05,VIIRS-SNPP,14989,83448,5.6,14989,0,967,2
canada,2019-06,VIIRS-SNPP,6255,19394,3.1,6255,0,417,2
canada,2019-07,VIIRS-SNPP,118932,1488154,12.5,118932,0,7673,2
canada,2019-08,VIIRS-SNPP,2031,27237,13.4,2031,0,131,2
canada,2019-09,VIIRS-SNPP,3075,26882,8.7,3075,0,205,2
canada,2019-10,VIIRS-SNPP,6851,140568,20.5,6851,0,442,2
canada,2019-11,VIIRS-SNPP,3105,43541,14.0,3105,0,207,2
canada,2019-12,VIIRS-SNPP,729,4830,6.6,729,0,47,2
canada,2020-01,VIIRS-SNPP,992,15633,15.8,992,0,64,2
canada,2020-02,VIIRS-SNPP,740,7184,9.7,740,0,51,2
canada,2020-03,VIIRS-SNPP,248,955,3.9,248,0,16,2
canada,2020-04,VIIRS-SNPP,240,1017,4.2,240,0,16,2
canada,2020-05,VIIRS-SNPP,2899,119827,41.3,2899,0,187,2
canada,2020-06,VIIRS-SNPP,1140,38264,33.6,1140,135,76,2
canada,2020-07,VIIRS-SNPP,3116,56394,18.1,3116,1333,201,2
canada,2020-08,VIIRS-SNPP,946,4667,4.9,946,713,61,2
canada,2020-09,VIIRS-SNPP,1350,9507,7.0,1350,510,90,2
canada,2020-10,VIIRS-SNPP,1845,8444,4.6,1845,1333,119,2
canada,2020-11,VIIRS-SNPP,2760,46755,16.9,2760,945,184,2
canada,2020-12,VIIRS-SNPP,3689,58795,15.9,3689,791,238,2
canada,2021-01,VIIRS-SNPP,1736,31845,18.3,1736,341,112,2
canada,2021-02,VIIRS-SNPP,826,4063,4.9,826,574,59,2
canada,2021-03,VIIRS-SNPP,853,11189,13.1,853,155,55,2
canada,2021-04,VIIRS-SNPP,360,3819,10.6,360,60,24,2
canada,2021-05,VIIRS-SNPP,1535,15709,10.2,1535,341,99,2
canada,2021-06,VIIRS-SNPP,2940,83021,28.2,2940,780,196,2
canada,2021-07,VIIRS-SNPP,99014,1562107,15.8,99014,60109,6388,2
canada,2021-08,VIIRS-SNPP,17081,46747,2.7,17081,15082,1102,2
canada,2021-09,VIIRS-SNPP,3345,66468,19.9,3345,1200,223,2
canada,2021-10,VIIRS-SNPP,14276,185540,13.0,14276,3519,921,2
canada,2021-11,VIIRS-SNPP,4365,62871,14.4,4365,1485,291,2
canada,2021-12,VIIRS-SNPP,1395,42975,30.8,1395,403,90,2
canada,2022-01,VIIRS-SNPP,527,8006,15.2,527,186,34,2
canada,2022-02,VIIRS-SNPP,420,3582,8.5,420,210,30,2
canada,2022-03,VIIRS-SNPP,1147,14665,12.8,1147,589,74,2
canada,2022-04,VIIRS-SNPP,585,2707,4.6,585,255,39,2
canada,2022-05,VIIRS-SNPP,651,2343,3.6,651,450,42,2
canada,2022-06,VIIRS-SNPP,4875,59062,12.1,4875,1035,325,2
canada,2022-07,VIIRS-SNPP,119846,1643943,13.7,119846,53057,7732,2
canada,2022-08,VIIRS-SNPP,0,0,0.0,0,0,0,2
canada,2022-09,VIIRS-SNPP,5100,42548,8.3,5100,3165,340,2
canada,2022-10,VIIRS-SNPP,9719,89245,9.2,9719,5565,627,2
canada,2022-11,VIIRS-SNPP,5205,44413,8.5,5205,3195,347,2
canada,2022-12,VIIRS-SNPP,2341,39861,17.0,2341,1209,151,2
canada,2023-01,VIIRS-SNPP,4077,123174,30.2,4077,915,263,2
canada,2023-02,VIIRS-SNPP,1176,29205,24.8,1176,70,84,2
canada,2023-03,VIIRS-SNPP,698,2766,4.0,698,434,45,2
canada,2023-04,VIIRS-SNPP,675,2734,4.1,675,375,45,2
canada,2023-05,VIIRS-SNPP,44113,395987,9.0,44113,33015,2846,2
canada,2023-06,VIIRS-SNPP,171000,3678446,21.5,171000,85935,11400,2
canada,2023-07,VIIRS-SNPP,404426,3999799,9.9,404426,258246,26092,2
canada,2023-08,VIIRS-SNPP,693207,7565966,10.9,693207,391887,44723,2
canada,2023-09,VIIRS-SNPP,363975,9773709,26.9,363975,163845,24265,2
canada,2023-10,VIIRS-SNPP,3674,39397,10.7,3674,1318,237,2
canada,2023-11,VIIRS-SNPP,7455,80382,10.8,7455,4335,497,2
canada,2023-12,VIIRS-SNPP,1659,40631,24.5,1659,357,107,2
canada,2024-01,VIIRS-SNPP,93,299,3.2,93,93,6,2
canada,2024-02,VIIRS-SNPP,1146,9344,8.2,1146,566,79,2
canada,2024-03,VIIRS-SNPP,651,7855,12.1,651,109,42,2
canada,2024-04,VIIRS-SNPP,1815,18444,10.2,1815,600,121,2
canada,2024-05,VIIRS-SNPP,1907,23897,12.5,1907,558,123,2
canada,2024-06,VIIRS-SNPP,21195,580920,27.4,21195,8985,1413,2
canada,2024-07,VIIRS-SNPP,363770,3827235,10.5,363770,215574,23469,2
canada,2024-08,VIIRS-SNPP,456134,7326021,16.1,456134,210211,29428,2
canada,2024-09,VIIRS-SNPP,37725,338822,9.0,37725,26910,2515,2
canada,2024-10,VIIRS-SNPP,5534,59384,10.7,5534,2403,357,2
canada,2024-11,VIIRS-SNPP,690,5147,7.5,690,540,46,2
canada,2024-12,VIIRS-SNPP,1132,13902,12.3,1132,341,73,2
canada,2025-01,VIIRS-SNPP,7022,84817,12.1,7022,3224,453,2
canada,2025-02,VIIRS-SNPP,756,5471,7.2,756,560,54,2
canada,2025-03,VIIRS-SNPP,1054,5301,5.0,1054,837,68,2
canada,2025-04,VIIRS-SNPP,450,818,1.8,450,330,30,2
canada,2025-05,VIIRS-SNPP,38378,1157476,30.2,38378,15888,2476,2
canada,2025-06,VIIRS-SNPP,103755,3431135,33.1,103755,25470,6917,2
canada,2025-07,VIIRS-SNPP,177739,2145350,12.1,177739,108903,11467,2
canada,2025-08,VIIRS-SNPP,92210,867298,9.4,92210,52840,5949,2
canada,2025-09,VIIRS-SNPP,89790,688032,7.7,89790,67185,5986,2
canada,2025-10,VIIRS-SNPP,4108,46313,11.3,4108,1411,265,2
canada,2025-11,VIIRS-SNPP,3690,26600,7.2,3690,2385,246,2
canada,2025-12,VIIRS-SNPP,186,700,3.8,186,155,12,2
canada,2026-01,VIIRS-SNPP,1690,38570,22.8,1690,450,109,2
canada,2026-02,VIIRS-SNPP,546,4479,8.2,546,84,39,2
canada,2026-03,VIIRS-SNPP,481,941,2.0,481,465,31,2
canada,2026-04,VIIRS-SNPP,525,1336,2.5,525,315,35,2
canada,2026-05,VIIRS-SNPP,1767,44318,25.1,1767,574,114,2
canada,2026-06,VIIRS-SNPP,5085,56378,11.1,5085,420,339,2
canada,2026-07,VIIRS-SNPP,368435,6644508,18.0,368435,113724,23770,2
canada,2020-01,VIIRS-NOAA20,1767,32947,18.6,1767,279,114,2
canada,2020-02,VIIRS-NOAA20,1030,10634,10.3,1030,566,71,2
canada,2020-03,VIIRS-NOAA20,217,2762,12.7,217,124,14,2
canada,2020-04,VIIRS-NOAA20,585,1893,3.2,585,360,39,2
canada,2020-05,VIIRS-NOAA20,6510,51784,8.0,6510,6262,420,2
canada,2020-06,VIIRS-NOAA20,615,3219,5.2,615,180,41,2
canada,2020-07,VIIRS-NOAA20,2139,44583,20.8,2139,868,138,2
canada,2020-08,VIIRS-NOAA20,930,3624,3.9,930,729,60,2
canada,2020-09,VIIRS-NOAA20,1260,15273,12.1,1260,360,84,2
canada,2020-10,VIIRS-NOAA20,1721,12491,7.3,1721,1147,111,2
canada,2020-11,VIIRS-NOAA20,2820,49140,17.4,2820,1050,188,2
canada,2020-12,VIIRS-NOAA20,3627,68233,18.8,3627,791,234,2
canada,2021-01,VIIRS-NOAA20,2108,39719,18.8,2108,481,136,2
canada,2021-02,VIIRS-NOAA20,714,7202,10.1,714,280,51,2
canada,2021-03,VIIRS-NOAA20,760,4033,5.3,760,326,49,2
canada,2021-04,VIIRS-NOAA20,525,3418,6.5,525,165,35,2
canada,2021-05,VIIRS-NOAA20,1690,27709,16.4,1690,434,109,2
canada,2021-06,VIIRS-NOAA20,2535,71629,28.3,2535,1050,169,2
canada,2021-07,VIIRS-NOAA20,90334,1258930,13.9,90334,55149,5828,2
canada,2021-08,VIIRS-NOAA20,16213,48303,3.0,16213,13904,1046,2
canada,2021-09,VIIRS-NOAA20,2280,24139,10.6,2280,855,152,2
canada,2021-10,VIIRS-NOAA20,14880,150755,10.1,14880,3550,960,2
canada,2021-11,VIIRS-NOAA20,3915,60516,15.5,3915,1140,261,2
canada,2021-12,VIIRS-NOAA20,1473,23219,15.8,1473,326,95,2
canada,2022-01,VIIRS-NOAA20,713,3158,4.4,713,589,46,2
canada,2022-02,VIIRS-NOAA20,560,7208,12.9,560,294,40,2
canada,2022-03,VIIRS-NOAA20,1085,8217,7.6,1085,651,70,2
canada,2022-04,VIIRS-NOAA20,525,1959,3.7,525,255,35,2
canada,2022-05,VIIRS-NOAA20,775,4473,5.8,775,574,50,2
canada,2022-06,VIIRS-NOAA20,4485,53554,11.9,4485,1125,299,2
canada,2022-07,VIIRS-NOAA20,111306,1690844,15.2,111306,48174,7181,2
canada,2022-08,VIIRS-NOAA20,39215,495227,12.6,39215,20615,2530,2
canada,2022-09,VIIRS-NOAA20,5505,55431,10.1,5505,3405,367,2
canada,2022-10,VIIRS-NOAA20,12183,111649,9.2,12183,7549,786,2
canada,2022-11,VIIRS-NOAA20,5640,57277,10.2,5640,3300,376,2
canada,2022-12,VIIRS-NOAA20,2620,68012,26.0,2620,1023,169,2
canada,2023-01,VIIRS-NOAA20,3302,86618,26.2,3302,791,213,2
canada,2023-02,VIIRS-NOAA20,1512,39182,25.9,1512,70,108,2
canada,2023-03,VIIRS-NOAA20,605,3256,5.4,605,326,39,2
canada,2023-04,VIIRS-NOAA20,570,4006,7.0,570,240,38,2
canada,2023-05,VIIRS-NOAA20,47446,581046,12.2,47446,29884,3061,2
canada,2023-06,VIIRS-NOAA20,166215,3268907,19.7,166215,81825,11081,2
canada,2023-07,VIIRS-NOAA20,322106,3526616,10.9,322106,198121,20781,2
canada,2023-08,VIIRS-NOAA20,683318,8262494,12.1,683318,385702,44085,2
canada,2023-09,VIIRS-NOAA20,371490,10062074,27.1,371490,160275,24766,2
canada,2023-10,VIIRS-NOAA20,4123,79542,19.3,4123,1349,266,2
canada,2023-11,VIIRS-NOAA20,6825,67995,10.0,6825,4080,455,2
canada,2023-12,VIIRS-NOAA20,1659,35717,21.5,1659,388,107,2
canada,2024-01,VIIRS-NOAA20,93,488,5.3,93,93,6,2
canada,2024-02,VIIRS-NOAA20,1189,12210,10.3,1189,464,82,2
canada,2024-03,VIIRS-NOAA20,93,672,7.2,93,0,6,2
canada,2024-04,VIIRS-NOAA20,2115,44043,20.8,2115,645,141,2
canada,2024-05,VIIRS-NOAA20,2418,41159,17.0,2418,899,156,2
canada,2024-06,VIIRS-NOAA20,23595,525087,22.3,23595,11715,1573,2
canada,2024-07,VIIRS-NOAA20,395591,4471235,11.3,395591,240359,25522,2
canada,2024-08,VIIRS-NOAA20,410936,6225883,15.2,410936,216830,26512,2
canada,2024-09,VIIRS-NOAA20,37020,432331,11.7,37020,24705,2468,2
canada,2024-10,VIIRS-NOAA20,5146,53336,10.4,5146,2418,332,2
canada,2024-11,VIIRS-NOAA20,3120,24312,7.8,3120,1515,208,2
canada,2024-12,VIIRS-NOAA20,1194,13002,10.9,1194,357,77,2
canada,2025-01,VIIRS-NOAA20,6526,72426,11.1,6526,3131,421,2
canada,2025-02,VIIRS-NOAA20,700,6276,9.0,700,546,50,2
canada,2025-03,VIIRS-NOAA20,992,5457,5.5,992,775,64,2
canada,2025-04,VIIRS-NOAA20,570,1390,2.4,570,420,38,2
canada,2025-05,VIIRS-NOAA20,37634,1157080,30.7,37634,15175,2428,2
canada,2025-06,VIIRS-NOAA20,93780,2383408,25.4,93780,24855,6252,2
canada,2025-07,VIIRS-NOAA20,177491,1987895,11.2,177491,116064,11451,2
canada,2025-08,VIIRS-NOAA20,86940,743994,8.6,86940,53134,5609,2
canada,2025-09,VIIRS-NOAA20,80985,649264,8.0,80985,57585,5399,2
canada,2025-10,VIIRS-NOAA20,3844,54376,14.1,3844,1581,248,2
canada,2025-11,VIIRS-NOAA20,3465,26021,7.5,3465,2490,231,2
canada,2025-12,VIIRS-NOAA20,62,389,6.3,62,62,4,2
congo,2000-11,MODIS-Terra,9855,313323,31.8,1965,285,657,2
congo,2000-12,MODIS-Terra,27838,1203767,43.2,11284,3658,1796,2
congo,2001-01,MODIS-Terra,53630,1823759,34.0,12028,6154,3460,2
congo,2001-02,MODIS-Terra,24948,1004258,40.3,7896,3556,1782,2
congo,2001-03,MODIS-Terra,3054,109870,36.0,760,853,197,2
congo,2001-04,MODIS-Terra,465,13157,28.3,90,165,31,2
congo,2001-05,MODIS-Terra,5146,148612,28.9,1519,744,332,2
congo,2001-06,MODIS-Terra,6300,488117,77.5,2025,840,420,2
congo,2001-07,MODIS-Terra,18724,780084,41.7,4139,3348,1208,2
congo,2001-08,MODIS-Terra,17996,665914,37.0,4821,4526,1161,2
congo,2001-09,MODIS-Terra,10095,426258,42.2,3570,2280,673,2
congo,2001-10,MODIS-Terra,2248,54735,24.4,202,78,145,2
congo,2001-11,MODIS-Terra,11055,218601,19.8,1785,225,737,2
congo,2001-12,MODIS-Terra,46578,1473518,31.6,8928,7983,3005,2
congo,2002-01,MODIS-Terra,31899,1393740,43.7,10106,4573,2058,2
congo,2002-02,MODIS-Terra,25256,894624,35.4,7826,8064,1804,2
congo,2002-03,MODIS-Terra,4185,122848,29.4,1194,698,270,2
congo,2002-04,MODIS-Terra,4335,101660,23.5,375,555,289,2
congo,2002-05,MODIS-Terra,10401,292135,28.1,2217,2604,671,2
congo,2002-06,MODIS-Terra,18930,886766,46.8,5190,1620,1262,2
congo,2002-07,MODIS-Terra,12276,666171,54.3,3209,2263,792,2
congo,2002-08,MODIS-Terra,17903,525569,29.4,4790,3503,1155,2
congo,2002-09,MODIS-Terra,2880,102830,35.7,960,915,192,2
congo,2002-10,MODIS-Terra,2310,59456,25.7,403,450,149,2
congo,2002-11,MODIS-Terra,4035,111627,27.7,570,120,269,2
congo,2002-12,MODIS-Terra,15268,738597,48.4,3488,1674,985,2
congo,2003-01,MODIS-Terra,42362,1771052,41.8,14462,8200,2733,2
congo,2003-02,MODIS-Terra,23842,763291,32.0,6552,2814,1703,2
congo,2003-03,MODIS-Terra,5797,135923,23.4,1147,1147,374,2
congo,2003-04,MODIS-Terra,2610,74463,28.5,390,675,174,2
congo,2003-05,MODIS-Terra,16988,567120,33.4,3875,1938,1096,2
congo,2003-06,MODIS-Terra,18060,461664,25.6,4065,2850,1204,2
congo,2003-07,MODIS-Terra,28024,903193,32.2,6588,1798,1808,2
congo,2003-08,MODIS-Terra,18073,763789,42.3,4759,3534,1166,2
congo,2003-09,MODIS-Terra,930,49188,52.9,255,405,62,2
congo,2003-10,MODIS-Terra,2031,44268,21.8,264,357,131,2
congo,2003-11,MODIS-Terra,2145,43867,20.5,330,105,143,2
congo,2003-12,MODIS-Terra,22010,650137,29.5,6092,310,1420,2
congo,2004-01,MODIS-Terra,19034,695832,36.6,4712,5131,1228,2
congo,2004-02,MODIS-Terra,41760,1203774,28.8,11383,5438,2880,2
congo,2004-03,MODIS-Terra,10726,345762,32.2,3255,2620,692,2
congo,2004-04,MODIS-Terra,4440,61713,13.9,345,720,296,2
congo,2004-05,MODIS-Terra,12152,884416,72.8,2914,2341,784,2
congo,2004-06,MODIS-Terra,31785,1020612,32.1,8040,4605,2119,2
congo,2004-07,MODIS-Terra,28644,1021662,35.7,7223,4418,1848,2
congo,2004-08,MODIS-Terra,11827,289920,24.5,2558,2031,763,2
congo,2004-09,MODIS-Terra,2910,97068,33.4,795,945,194,2
congo,2004-10,MODIS-Terra,1922,66759,34.7,295,605,124,2
congo,2004-11,MODIS-Terra,5835,129796,22.2,1305,75,389,2
congo,2004-12,MODIS-Terra,35728,1638669,45.9,12106,2077,2305,2
congo,2005-01,MODIS-Terra,57257,1977538,34.5,12152,11067,3694,2
congo,2005-02,MODIS-Terra,7798,345629,44.3,2240,2268,557,2
congo,2005-03,MODIS-Terra,5518,108105,19.6,1039,853,356,2
congo,2005-04,MODIS-Terra,4215,94310,22.4,705,705,281,2
congo,2005-05,MODIS-Terra,4247,135758,32.0,760,527,274,2
congo,2005-06,MODIS-Terra,21315,701360,32.9,6045,5460,1421,2
congo,2005-07,MODIS-Terra,38471,1102179,28.6,11625,10137,2482,2
congo,2005-08,MODIS-Terra,13811,565533,40.9,3209,1349,891,2
congo,2005-09,MODIS-Terra,3645,119223,32.7,735,915,243,2
congo,2005-10,MODIS-Terra,1969,77215,39.2,372,372,127,2
congo,2005-11,MODIS-Terra,9015,217297,24.1,1860,1035,601,2
congo,2005-12,MODIS-Terra,50220,2187520,43.6,19344,10168,3240,2
congo,2006-01,MODIS-Terra,32442,1575851,48.6,9161,3317,2093,2
congo,2006-02,MODIS-Terra,10248,327914,32.0,2912,1722,732,2
congo,2006-03,MODIS-Terra,3953,140990,35.7,961,698,255,2
congo,2006-04,MODIS-Terra,1935,78537,40.6,630,330,129,2
congo,2006-05,MODIS-Terra,2899,78035,26.9,636,977,187,2
congo,2006-06,MODIS-Terra,23190,1362643,58.8,7215,2700,1546,2
congo,2006-07,MODIS-Terra,17438,1104029,63.3,5053,2620,1125,2
congo,2006-08,MODIS-Terra,16585,928469,56.0,4697,3379,1070,2
congo,2006-09,MODIS-Terra,7155,298186,41.7,1830,1830,477,2
congo,2006-10,MODIS-Terra,2976,64113,21.5,713,682,192,2
congo,2006-11,MODIS-Terra,5340,105133,19.7,555,225,356,2
congo,2006-12,MODIS-Terra,30070,826795,27.5,5022,3302,1940,2
congo,2007-01,MODIS-Terra,79996,2662554,33.3,23638,7580,5161,2
congo,2007-02,MODIS-Terra,10794,422346,39.1,3066,3514,771,2
congo,2007-03,MODIS-Terra,9300,285800,30.7,2821,1736,600,2
congo,2007-04,MODIS-Terra,1740,29841,17.1,195,210,116,2
congo,2007-05,MODIS-Terra,3503,71377,20.4,605,744,226,2
congo,2007-06,MODIS-Terra,8895,250614,28.2,1785,885,593,2
congo,2007-07,MODIS-Terra,15640,687788,44.0,4247,3116,1009,2
congo,2007-08,MODIS-Terra,16012,386400,24.1,3906,2356,1033,2
congo,2007-09,MODIS-Terra,7020,220946,31.5,1665,1290,468,2
congo,2007-10,MODIS-Terra,1132,20878,18.5,186,543,73,2
congo,2007-11,MODIS-Terra,6270,155175,24.7,1335,195,418,2
congo,2007-12,MODIS-Terra,35480,1484158,41.8,8897,1845,2289,2
congo,2008-01,MODIS-Terra,31310,1123305,35.9,6309,6619,2020,2
congo,2008-02,MODIS-Terra,22649,619979,27.4,5191,3176,1562,2
congo,2008-03,MODIS-Terra,4123,127706,31.0,1209,667,266,2
congo,2008-04,MODIS-Terra,2310,51837,22.4,345,525,154,2
congo,2008-05,MODIS-Terra,4185,137257,32.8,806,1116,270,2
congo,2008-06,MODIS-Terra,8535,305057,35.7,1905,1485,569,2
congo,2008-07,MODIS-Terra,8680,730279,84.1,2790,1442,560,2
congo,2008-08,MODIS-Terra,10649,282999,26.6,2310,1860,687,2
congo,2008-09,MODIS-Terra,5655,209818,37.1,1335,585,377,2
congo,2008-10,MODIS-Terra,1411,38697,27.4,403,620,91,2
congo,2008-11,MODIS-Terra,7245,164166,22.7,765,375,483,2
congo,2008-12,MODIS-Terra,6588,399731,60.7,2015,357,425,2
congo,2009-01,MODIS-Terra,38332,1708650,44.6,13299,10075,2473,2
congo,2009-02,MODIS-Terra,7756,326056,42.0,1792,980,554,2
congo,2009-03,MODIS-Terra,2480,85963,34.7,667,1132,160,2
congo,2009-04,MODIS-Terra,5700,127568,22.4,705,675,380,2
congo,2009-05,MODIS-Terra,2604,63046,24.2,605,992,168,2
congo,2009-06,MODIS-Terra,20415,418614,20.5,5190,2925,1361,2
congo,2009-07,MODIS-Terra,51925,1576282,30.4,14353,7890,3350,2
congo,2009-08,MODIS-Terra,8851,321888,36.4,1767,1209,571,2
congo,2009-09,MODIS-Terra,7095,197394,27.8,1185,1785,473,2
congo,2009-10,MODIS-Terra,620,11848,19.1,155,341,40,2
congo,2009-11,MODIS-Terra,4335,144210,33.3,1500,90,289,2
congo,2009-12,MODIS-Terra,36782,1398387,38.0,14074,4216,2373,2
congo,2010-01,MODIS-Terra,43276,1389621,32.1,9719,9905,2792,2
congo,2010-02,MODIS-Terra,10822,370339,34.2,3346,1246,773,2
congo,2010-03,MODIS-Terra,8308,219615,26.4,1380,1085,536,2
congo,2010-04,MODIS-Terra,1485,59345,40.0,360,60,99,2
congo,2010-05,MODIS-Terra,15268,355162,23.3,3348,1287,985,2
congo,2010-06,MODIS-Terra,19965,1132266,56.7,4545,2715,1331,2
congo,2010-07,MODIS-Terra,22196,865215,39.0,5534,4139,1432,2
congo,2010-08,MODIS-Terra,8308,286649,34.5,1736,1783,536,2
congo,2010-09,MODIS-Terra,3060,71972,23.5,735,345,204,2
congo,2010-10,MODIS-Terra,1984,46460,23.4,465,217,128,2
congo,2010-11,MODIS-Terra,2220,44394,20.0,465,585,148,2
congo,2010-12,MODIS-Terra,30752,866566,28.2,6169,3720,1984,2
congo,2011-01,MODIS-Terra,43090,1696441,39.4,12431,3193,2780,2
congo,2011-02,MODIS-Terra,10556,347875,33.0,3486,1862,754,2
congo,2011-03,MODIS-Terra,9843,277424,28.2,2387,1566,635,2
congo,2011-04,MODIS-Terra,2745,46134,16.8,435,420,183,2
congo,2011-05,MODIS-Terra,3596,106631,29.7,667,992,232,2
congo,2011-06,MODIS-Terra,6720,171298,25.5,1575,870,448,2
congo,2011-07,MODIS-Terra,18011,1077748,59.8,4774,2372,1162,2
congo,2011-08,MODIS-Terra,10230,275009,26.9,2403,2310,660,2
congo,2011-09,MODIS-Terra,7095,201361,28.4,2055,870,473,2
congo,2011-10,MODIS-Terra,1845,42114,22.8,465,78,119,2
congo,2011-11,MODIS-Terra,7935,186581,23.5,1260,90,529,2
congo,2011-12,MODIS-Terra,31791,1046867,32.9,6247,3426,2051,2
congo,2012-01,MODIS-Terra,41447,1483792,35.8,14462,5859,2674,2
congo,2012-02,MODIS-Terra,15443,621083,40.2,4017,4205,1065,2
congo,2012-03,MODIS-Terra,10122,291146,28.8,2465,961,653,2
congo,2012-04,MODIS-Terra,855,20793,24.3,135,180,57,2
congo,2012-05,MODIS-Terra,5177,93428,18.0,1085,682,334,2
congo,2012-06,MODIS-Terra,9150,354392,38.7,2100,1425,610,2
congo,2012-07,MODIS-Terra,10649,752496,70.7,2573,2480,687,2
congo,2012-08,MODIS-Terra,11036,332247,30.1,2480,1488,712,2
congo,2012-09,MODIS-Terra,4620,117676,25.5,1020,735,308,2
congo,2012-10,MODIS-Terra,899,21886,24.3,155,155,58,2
congo,2012-11,MODIS-Terra,2505,46691,18.6,195,330,167,2
congo,2012-12,MODIS-Terra,16446,536551,32.6,3395,3581,1061,2
congo,2013-01,MODIS-Terra,25064,1033932,41.3,8277,2418,1617,2
congo,2013-02,MODIS-Terra,14700,432057,29.4,2408,2730,1050,2
congo,2013-03,MODIS-Terra,2387,52088,21.8,403,465,154,2
congo,2013-04,MODIS-Terra,1995,43323,21.7,420,780,133,2
congo,2013-05,MODIS-Terra,5580,225393,40.4,853,1101,360,2
congo,2013-06,MODIS-Terra,38640,1300277,33.7,10635,4410,2576,2
congo,2013-07,MODIS-Terra,18228,847214,46.5,4759,4030,1176,2
congo,2013-08,MODIS-Terra,15593,476941,30.6,2682,1798,1006,2
congo,2013-09,MODIS-Terra,2955,55511,18.8,570,465,197,2
congo,2013-10,MODIS-Terra,1659,81311,49.0,434,450,107,2
congo,2013-11,MODIS-Terra,4515,84009,18.6,600,30,301,2
congo,2013-12,MODIS-Terra,22429,746917,33.3,5317,961,1447,2
congo,2014-01,MODIS-Terra,40951,1367474,33.4,10339,11207,2642,2
congo,2014-02,MODIS-Terra,8162,376855,46.2,2044,770,583,2
congo,2014-03,MODIS-Terra,2914,76031,26.1,388,357,188,2
congo,2014-04,MODIS-Terra,855,13502,15.8,45,165,57,2
congo,2014-05,MODIS-Terra,5270,214807,40.8,791,388,340,2
congo,2014-06,MODIS-Terra,32430,845310,26.1,8910,5460,2162,2
congo,2014-07,MODIS-Terra,17267,594265,34.4,4418,4247,1114,2
congo,2014-08,MODIS-Terra,15407,433301,28.1,3767,2294,994,2
congo,2014-09,MODIS-Terra,2070,72330,34.9,375,330,138,2
congo,2014-10,MODIS-Terra,1256,51697,41.2,279,186,81,2
congo,2014-11,MODIS-Terra,4305,94505,22.0,675,240,287,2
congo,2014-12,MODIS-Terra,34007,991375,29.2,10029,2759,2194,2
congo,2015-01,MODIS-Terra,62093,2212464,35.6,14307,8339,4006,2
congo,2015-02,MODIS-Terra,10178,367703,36.1,3318,266,727,2
congo,2015-03,MODIS-Terra,2620,167324,63.9,512,171,169,2
congo,2015-04,MODIS-Terra,2670,105621,39.6,720,525,178,2
congo,2015-05,MODIS-Terra,12106,215833,17.8,2961,1442,781,2
congo,2015-06,MODIS-Terra,10710,610469,57.0,2385,1590,714,2
congo,2015-07,MODIS-Terra,26273,1470018,56.0,6138,4123,1695,2
congo,2015-08,MODIS-Terra,11331,343821,30.3,3209,3240,731,2
congo,2015-09,MODIS-Terra,5730,136821,23.9,900,795,382,2
congo,2015-10,MODIS-Terra,1705,35614,20.9,481,140,110,2
congo,2015-11,MODIS-Terra,3195,173388,54.3,555,405,213,2
congo,2015-12,MODIS-Terra,53351,1714108,32.1,10509,5673,3442,2
congo,2016-01,MODIS-Terra,66976,2095323,31.3,17655,7890,4321,2
congo,2016-02,MODIS-Terra,9947,356482,35.8,2335,3335,686,2
congo,2016-03,MODIS-Terra,2015,61081,30.3,450,884,130,2
congo,2016-04,MODIS-Terra,930,26318,28.3,120,15,62,2
congo,2016-05,MODIS-Terra,12555,268821,21.4,2558,1302,810,2
congo,2016-06,MODIS-Terra,15915,1029868,64.7,3765,3465,1061,2
congo,2016-07,MODIS-Terra,26288,883619,33.6,6898,6200,1696,2
congo,2016-08,MODIS-Terra,9750,422828,43.4,2170,2232,629,2
congo,2016-09,MODIS-Terra,4620,120222,26.0,975,795,308,2
congo,2016-10,MODIS-Terra,1736,52047,30.0,357,155,112,2
congo,2016-11,MODIS-Terra,3675,101319,27.6,735,855,245,2
congo,2016-12,MODIS-Terra,40889,1920551,47.0,11052,10509,2638,2
congo,2017-01,MODIS-Terra,36751,1871586,50.9,10819,2837,2371,2
congo,2017-02,MODIS-Terra,17584,583531,33.2,4004,4172,1256,2
congo,2017-03,MODIS-Terra,4433,154028,34.7,1364,341,286,2
congo,2017-04,MODIS-Terra,2730,75298,27.6,615,825,182,2
congo,2017-05,MODIS-Terra,17562,458924,26.1,4759,5007,1133,2
congo,2017-06,MODIS-Terra,19980,753789,37.7,4920,1875,1332,2
congo,2017-07,MODIS-Terra,13470,655063,48.6,4015,2496,869,2
congo,2017-08,MODIS-Terra,7595,222851,29.3,1736,1132,490,2
congo,2017-09,MODIS-Terra,6405,154097,24.1,1275,1455,427,2
congo,2017-10,MODIS-Terra,1535,31440,20.5,341,512,99,2
congo,2017-11,MODIS-Terra,6195,195196,31.5,705,135,413,2
congo,2017-12,MODIS-Terra,26552,1101711,41.5,4898,2806,1713,2
congo,2018-01,MODIS-Terra,53599,1633649,30.5,15965,6975,3458,2
congo,2018-02,MODIS-Terra,13846,495992,35.8,3052,2464,989,2
congo,2018-03,MODIS-Terra,3968,176040,44.4,915,775,256,2
congo,2018-04,MODIS-Terra,1395,23687,17.0,225,360,93,2
congo,2018-05,MODIS-Terra,2356,41419,17.6,388,512,152,2
congo,2018-06,MODIS-Terra,15240,373510,24.5,3645,2010,1016,2
congo,2018-07,MODIS-Terra,30117,1072633,35.6,8060,4015,1943,2
congo,2018-08,MODIS-Terra,13284,477947,36.0,2728,1643,857,2
congo,2018-09,MODIS-Terra,4305,126008,29.3,630,510,287,2
congo,2018-10,MODIS-Terra,1271,34740,27.3,248,202,82,2
congo,2018-11,MODIS-Terra,16215,684012,42.2,6480,450,1081,2
congo,2018-12,MODIS-Terra,50825,1614193,31.8,14260,1411,3279,2
congo,2019-01,MODIS-Terra,30458,822495,27.0,5456,6867,1965,2
congo,2019-02,MODIS-Terra,12544,276072,22.0,3024,1218,896,2
congo,2019-03,MODIS-Terra,6355,269626,42.4,1488,1845,410,2
congo,2019-04,MODIS-Terra,1470,68883,46.9,435,105,98,2
congo,2019-05,MODIS-Terra,6262,126650,20.2,946,605,404,2
congo,2019-06,MODIS-Terra,19875,739297,37.2,4470,4395,1325,2
congo,2019-07,MODIS-Terra,20259,604272,29.8,5890,6231,1307,2
congo,2019-08,MODIS-Terra,11610,465189,40.1,3085,2852,749,2
congo,2019-09,MODIS-Terra,5715,137078,24.0,1500,525,381,2
congo,2019-10,MODIS-Terra,729,31667,43.5,186,0,47,2
congo,2019-11,MODIS-Terra,1905,34849,18.3,240,300,127,2
congo,2019-12,MODIS-Terra,19918,567849,28.5,3534,2372,1285,2
congo,2020-01,MODIS-Terra,62853,2165079,34.4,15407,4263,4055,2
congo,2020-02,MODIS-Terra,29769,819405,27.5,7975,5162,2053,2
congo,2020-03,MODIS-Terra,1860,32150,17.3,341,434,120,2
congo,2020-04,MODIS-Terra,3225,77277,24.0,645,390,215,2
congo,2020-05,MODIS-Terra,8882,209844,23.6,1395,403,573,2
congo,2020-06,MODIS-Terra,14835,663373,44.7,3315,3045,989,2
congo,2020-07,MODIS-Terra,22940,542635,23.7,5177,4805,1480,2
congo,2020-08,MODIS-Terra,18476,541215,29.3,4294,3054,1192,2
congo,2020-09,MODIS-Terra,4500,100737,22.4,840,600,300,2
congo,2020-10,MODIS-Terra,1101,31045,28.2,186,78,71,2
congo,2020-11,MODIS-Terra,6705,156726,23.4,1260,390,447,2
congo,2020-12,MODIS-Terra,15299,464265,30.3,3891,2093,987,2
congo,2021-01,MODIS-Terra,36518,1101131,30.2,6572,4573,2356,2
congo,2021-02,MODIS-Terra,26740,861297,32.2,7784,5124,1910,2
congo,2021-03,MODIS-Terra,3023,113527,37.6,853,853,195,2
congo,2021-04,MODIS-Terra,1710,42847,25.1,345,195,114,2
congo,2021-05,MODIS-Terra,5611,111657,19.9,1349,186,362,2
congo,2021-06,MODIS-Terra,16845,1135739,67.4,4770,1890,1123,2
congo,2021-07,MODIS-Terra,20522,1087621,53.0,5611,4867,1324,2
congo,2021-08,MODIS-Terra,5472,146989,26.9,1147,2217,353,2
congo,2021-09,MODIS-Terra,5880,239612,40.8,1215,240,392,2
congo,2021-10,MODIS-Terra,1891,36170,19.1,403,78,122,2
congo,2021-11,MODIS-Terra,1815,26439,14.6,210,225,121,2
congo,2021-12,MODIS-Terra,23405,655906,28.0,3798,3922,1510,2
congo,2022-01,MODIS-Terra,48934,1496227,30.6,13764,2480,3157,2
congo,2022-02,MODIS-Terra,19180,531784,27.7,3178,4074,1370,2
congo,2022-03,MODIS-Terra,2775,76894,27.7,899,357,179,2
congo,2022-04,MODIS-Terra,2025,34117,16.8,315,285,135,2
congo,2022-05,MODIS-Terra,1473,38203,25.9,93,481,95,2
congo,2022-06,MODIS-Terra,22845,737313,32.3,5490,1785,1523,2
congo,2022-07,MODIS-Terra,16523,617207,37.4,3782,3658,1066,2
congo,2022-08,MODIS-Terra,14632,320722,21.9,3674,3193,944,2
congo,2022-09,MODIS-Terra,1740,53315,30.6,435,705,116,2
congo,2022-10,MODIS-Terra,1054,29797,28.3,202,341,68,2
congo,2022-11,MODIS-Terra,5265,115224,21.9,915,525,351,2
congo,2022-12,MODIS-Terra,22723,670566,29.5,5859,1132,1466,2
congo,2023-01,MODIS-Terra,33883,1245299,36.8,8494,2992,2186,2
congo,2023-02,MODIS-Terra,22148,787832,35.6,5068,2870,1582,2
congo,2023-03,MODIS-Terra,2387,69512,29.1,775,496,154,2
congo,2023-04,MODIS-Terra,1635,68180,41.7,690,0,109,2
congo,2023-05,MODIS-Terra,2248,65322,29.1,326,434,145,2
congo,2023-06,MODIS-Terra,5160,168313,32.6,1050,1215,344,2
congo,2023-07,MODIS-Terra,10587,366850,34.7,2899,4092,683,2
congo,2023-08,MODIS-Terra,15624,445112,28.5,3317,3426,1008,2
congo,2023-09,MODIS-Terra,2265,76813,33.9,600,525,151,2
congo,2023-10,MODIS-Terra,992,19213,19.4,124,93,64,2
congo,2023-11,MODIS-Terra,1140,19426,17.0,105,45,76,2
congo,2023-12,MODIS-Terra,5751,203407,35.4,992,636,371,2
congo,2024-01,MODIS-Terra,35867,1214888,33.9,8525,2790,2314,2
congo,2024-02,MODIS-Terra,20097,487312,24.2,4495,2161,1386,2
congo,2024-03,MODIS-Terra,5115,150631,29.4,1659,558,330,2
congo,2024-04,MODIS-Terra,405,7673,18.9,45,210,27,2
congo,2024-05,MODIS-Terra,19360,476029,24.6,5131,4945,1249,2
congo,2024-06,MODIS-Terra,21555,450840,20.9,5265,7260,1437,2
congo,2024-07,MODIS-Terra,7316,167068,22.8,1597,3922,472,2
congo,2024-08,MODIS-Terra,12927,298564,23.1,3162,4464,834,2
congo,2024-09,MODIS-Terra,4440,114251,25.7,1320,1320,296,2
congo,2024-10,MODIS-Terra,512,68023,133.0,62,233,33,2
congo,2024-11,MODIS-Terra,1485,24073,16.2,90,240,99,2
congo,2024-12,MODIS-Terra,12493,387343,31.0,3193,3891,806,2
congo,2025-01,MODIS-Terra,17391,573299,33.0,4418,6851,1122,2
congo,2025-02,MODIS-Terra,10430,272683,26.1,2310,3010,745,2
congo,2025-03,MODIS-Terra,2511,55685,22.2,543,481,162,2
congo,2025-04,MODIS-Terra,1170,102344,87.5,450,555,78,2
congo,2025-05,MODIS-Terra,760,16096,21.2,140,357,49,2
congo,2025-06,MODIS-Terra,4890,156645,32.0,1185,1980,326,2
congo,2025-07,MODIS-Terra,6076,249512,41.1,1504,3054,392,2
congo,2025-08,MODIS-Terra,9238,287331,31.1,2077,4697,596,2
congo,2025-09,MODIS-Terra,2490,118869,47.7,615,1005,166,2
congo,2025-10,MODIS-Terra,775,31043,40.1,186,357,50,2
congo,2025-11,MODIS-Terra,1125,29763,26.5,420,720,75,2
congo,2025-12,MODIS-Terra,7270,180398,24.8,2046,2651,469,2
congo,2026-01,MODIS-Terra,11873,374599,31.6,2635,3147,766,2
congo,2026-02,MODIS-Terra,5488,128764,23.5,1442,3878,392,2
congo,2026-03,MODIS-Terra,6619,164988,24.9,1333,2046,427,2
congo,2026-04,MODIS-Terra,780,23230,29.8,135,345,52,2
congo,2026-05,MODIS-Terra,2248,59161,26.3,543,1705,145,2
congo,2026-06,MODIS-Terra,6885,279113,40.5,1710,4260,459,2
congo,2026-07,MODIS-Terra,8804,273419,31.1,2759,6882,568,2
congo,2026-08,MODIS-Terra,5766,181881,31.5,1395,3705,372,2
congo,2026-09,MODIS-Terra,1575,46777,29.7,480,1185,105,2
congo,2012-01,VIIRS-SNPP,264446,2487610,9.4,264446,0,17061,2
congo,2012-02,VIIRS-SNPP,339880,3275127,9.6,339880,0,23440,2
congo,2012-03,VIIRS-SNPP,257068,2420237,9.4,257068,0,16585,2
congo,2012-04,VIIRS-SNPP,42780,324544,7.6,42780,0,2852,2
congo,2012-05,VIIRS-SNPP,105199,883801,8.4,105199,0,6787,2
congo,2012-06,VIIRS-SNPP,120000,1191525,9.9,120000,0,8000,2
congo,2012-07,VIIRS-SNPP,266988,3069511,11.5,266988,0,17225,2
congo,2012-08,VIIRS-SNPP,387376,4615602,11.9,387376,0,24992,2
congo,2012-09,VIIRS-SNPP,55890,570799,10.2,55890,0,3726,2
congo,2012-10,VIIRS-SNPP,34782,373097,10.7,34782,0,2244,2
congo,2012-11,VIIRS-SNPP,53865,443561,8.2,53865,0,3591,2
congo,2012-12,VIIRS-SNPP,270026,2628853,9.7,270026,0,17421,2
congo,2013-01,VIIRS-SNPP,248853,2298097,9.2,248853,0,16055,2
congo,2013-02,VIIRS-SNPP,390530,3296356,8.4,390530,0,27895,2
congo,2013-03,VIIRS-SNPP,94411,752665,8.0,94411,0,6091,2
congo,2013-04,VIIRS-SNPP,64200,485425,7.6,64200,0,4280,2
congo,2013-05,VIIRS-SNPP,161696,1554261,9.6,161696,0,10432,2
congo,2013-06,VIIRS-SNPP,512910,6524578,12.7,512910,0,34194,2
congo,2013-07,VIIRS-SNPP,428110,5670700,13.2,428110,0,27620,2
congo,2013-08,VIIRS-SNPP,484716,5070242,10.5,484716,0,31272,2
congo,2013-09,VIIRS-SNPP,79785,894120,11.2,79785,0,5319,2
congo,2013-10,VIIRS-SNPP,63101,598588,9.5,63101,0,4071,2
congo,2013-11,VIIRS-SNPP,66225,528176,8.0,66225,0,4415,2
congo,2013-12,VIIRS-SNPP,244249,2399842,9.8,244249,0,15758,2
congo,2014-01,VIIRS-SNPP,626169,5615010,9.0,626169,0,40398,2
congo,2014-02,VIIRS-SNPP,308966,3067980,9.9,308966,0,22069,2
congo,2014-03,VIIRS-SNPP,134277,1156917,8.6,134277,0,8663,2
congo,2014-04,VIIRS-SNPP,42180,285189,6.8,42180,0,2812,2
congo,2014-05,VIIRS-SNPP,114747,1068187,9.3,114747,0,7403,2
congo,2014-06,VIIRS-SNPP,248445,2732765,11.0,248445,0,16563,2
congo,2014-07,VIIRS-SNPP,401512,4714249,11.7,401512,0,25904,2
congo,2014-08,VIIRS-SNPP,317022,3698188,11.7,317022,0,20453,2
congo,2014-09,VIIRS-SNPP,111765,1297402,11.6,111765,0,7451,2
congo,2014-10,VIIRS-SNPP,39122,363190,9.3,39122,0,2524,2
congo,2014-11,VIIRS-SNPP,55035,447861,8.1,55035,0,3669,2
congo,2014-12,VIIRS-SNPP,350517,3005216,8.6,350517,0,22614,2
congo,2015-01,VIIRS-SNPP,897373,8018195,8.9,897373,0,57895,2
congo,2015-02,VIIRS-SNPP,150024,1310061,8.7,150024,0,10716,2
congo,2015-03,VIIRS-SNPP,112019,973953,8.7,112019,0,7227,2
congo,2015-04,VIIRS-SNPP,127905,967312,7.6,127905,0,8527,2
congo,2015-05,VIIRS-SNPP,168640,1407274,8.3,168640,0,10880,2
congo,2015-06,VIIRS-SNPP,273750,3288656,12.0,273750,0,18250,2
congo,2015-07,VIIRS-SNPP,628401,7164937,11.4,628401,0,40542,2
congo,2015-08,VIIRS-SNPP,383424,4525699,11.8,383424,0,24737,2
congo,2015-09,VIIRS-SNPP,142950,1602519,11.2,142950,0,9530,2
congo,2015-10,VIIRS-SNPP,39200,381625,9.7,39200,0,2529,2
congo,2015-11,VIIRS-SNPP,52725,527706,10.0,52725,0,3515,2
congo,2015-12,VIIRS-SNPP,580615,5468890,9.4,580615,0,37459,2
congo,2016-01,VIIRS-SNPP,812820,6924177,8.5,812820,0,52440,2
congo,2016-02,VIIRS-SNPP,334399,3320784,9.9,334399,0,23062,2
congo,2016-03,VIIRS-SNPP,65317,487455,7.5,65317,0,4214,2
congo,2016-04,VIIRS-SNPP,34305,230001,6.7,34305,0,2287,2
congo,2016-05,VIIRS-SNPP,152412,1300151,8.5,152412,0,9833,2
congo,2016-06,VIIRS-SNPP,429645,5137377,12.0,429645,0,28643,2
congo,2016-07,VIIRS-SNPP,422546,5119537,12.1,422546,0,27261,2
congo,2016-08,VIIRS-SNPP,293307,3450196,11.8,293307,0,18923,2
congo,2016-09,VIIRS-SNPP,86985,971012,11.2,86985,0,5799,2
congo,2016-10,VIIRS-SNPP,45555,382576,8.4,45555,0,2939,2
congo,2016-11,VIIRS-SNPP,58380,492530,8.4,58380,0,3892,2
congo,2016-12,VIIRS-SNPP,578910,5812150,10.0,578910,0,37349,2
congo,2017-01,VIIRS-SNPP,451779,4201694,9.3,451779,0,29147,2
congo,2017-02,VIIRS-SNPP,460446,4060938,8.8,460446,0,32889,2
congo,2017-03,VIIRS-SNPP,137470,1320437,9.6,137470,0,8869,2
congo,2017-04,VIIRS-SNPP,56895,419658,7.4,56895,0,3793,2
congo,2017-05,VIIRS-SNPP,222642,2281668,10.2,222642,0,14364,2
congo,2017-06,VIIRS-SNPP,368655,5244857,14.2,368655,0,24577,2
congo,2017-07,VIIRS-SNPP,313488,3824912,12.2,313488,0,20225,2
congo,2017-08,VIIRS-SNPP,222100,2344575,10.6,222100,0,14329,2
congo,2017-09,VIIRS-SNPP,146460,1440371,9.8,146460,0,9764,2
congo,2017-10,VIIRS-SNPP,25389,194141,7.6,25389,0,1638,2
congo,2017-11,VIIRS-SNPP,98235,775515,7.9,98235,0,6549,2
congo,2017-12,VIIRS-SNPP,388988,4291595,11.0,388988,0,25096,2
congo,2018-01,VIIRS-SNPP,682589,6296785,9.2,682589,0,44038,2
congo,2018-02,VIIRS-SNPP,222754,1999252,9.0,222754,0,15911,2
congo,2018-03,VIIRS-SNPP,208336,1792563,8.6,208336,0,13441,2
congo,2018-04,VIIRS-SNPP,34620,269210,7.8,34620,0,2308,2
congo,2018-05,VIIRS-SNPP,66387,531972,8.0,66387,0,4283,2
congo,2018-06,VIIRS-SNPP,289095,3115401,10.8,289095,0,19273,2
congo,2018-07,VIIRS-SNPP,443548,4954516,11.2,443548,0,28616,2
congo,2018-08,VIIRS-SNPP,442882,4866261,11.0,442882,0,28573,2
congo,2018-09,VIIRS-SNPP,178530,1875939,10.5,178530,0,11902,2
congo,2018-10,VIIRS-SNPP,74400,616819,8.3,74400,0,4800,2
congo,2018-11,VIIRS-SNPP,160215,1523232,9.5,160215,0,10681,2
congo,2018-12,VIIRS-SNPP,479803,4033382,8.4,479803,0,30955,2
congo,2019-01,VIIRS-SNPP,509873,4347791,8.5,509873,0,32895,2
congo,2019-02,VIIRS-SNPP,267638,2185691,8.2,267638,0,19117,2
congo,2019-03,VIIRS-SNPP,186140,1806758,9.7,186140,0,12009,2
congo,2019-04,VIIRS-SNPP,56610,443303,7.8,56610,0,3774,2
congo,2019-05,VIIRS-SNPP,82584,691785,8.4,82584,0,5328,2
congo,2019-06,VIIRS-SNPP,417090,5308835,12.7,417090,0,27806,2
congo,2019-07,VIIRS-SNPP,443021,5463784,12.3,443021,0,28582,2
congo,2019-08,VIIRS-SNPP,235988,2550973,10.8,235988,0,15225,2
congo,2019-09,VIIRS-SNPP,106740,1014244,9.5,106740,0,7116,2
congo,2019-10,VIIRS-SNPP,19391,177147,9.1,19391,0,1251,2
congo,2019-11,VIIRS-SNPP,45660,345867,7.6,45660,0,3044,2
congo,2019-12,VIIRS-SNPP,293989,2645201,9.0,293989,0,18967,2
congo,2020-01,VIIRS-SNPP,757795,6442427,8.5,757795,0,48890,2
congo,2020-02,VIIRS-SNPP,658126,6602452,10.0,658126,0,45388,2
congo,2020-03,VIIRS-SNPP,59877,493325,8.2,59877,0,3863,2
congo,2020-04,VIIRS-SNPP,82605,658278,8.0,82605,0,5507,2
congo,2020-05,VIIRS-SNPP,150273,1251691,8.3,150273,0,9695,2
congo,2020-06,VIIRS-SNPP,337665,4037623,12.0,337665,30675,22511,2
congo,2020-07,VIIRS-SNPP,423352,4472756,10.6,423352,45741,27313,2
congo,2020-08,VIIRS-SNPP,322958,3766819,11.7,322958,20693,20836,2
congo,2020-09,VIIRS-SNPP,135345,1567881,11.6,135345,7725,9023,2
congo,2020-10,VIIRS-SNPP,30179,320320,10.6,30179,2511,1947,2
congo,2020-11,VIIRS-SNPP,99345,807179,8.1,99345,5145,6623,2
congo,2020-12,VIIRS-SNPP,311070,2387335,7.7,311070,13950,20069,2
congo,2021-01,VIIRS-SNPP,507672,4067048,8.0,507672,71068,32753,2
congo,2021-02,VIIRS-SNPP,484932,4546959,9.4,484932,58884,34638,2
congo,2021-03,VIIRS-SNPP,163882,1626807,9.9,163882,10122,10573,2
congo,2021-04,VIIRS-SNPP,80700,608164,7.5,80700,3285,5380,2
congo,2021-05,VIIRS-SNPP,76927,611822,8.0,76927,2620,4963,2
congo,2021-06,VIIRS-SNPP,283275,4092906,14.4,283275,12450,18885,2
congo,2021-07,VIIRS-SNPP,472781,5007709,10.6,472781,67317,30502,2
congo,2021-08,VIIRS-SNPP,172515,1932618,11.2,172515,14431,11130,2
congo,2021-09,VIIRS-SNPP,203715,2119790,10.4,203715,10635,13581,2
congo,2021-10,VIIRS-SNPP,49755,393947,7.9,49755,1581,3210,2
congo,2021-11,VIIRS-SNPP,49290,349135,7.1,49290,2010,3286,2
congo,2021-12,VIIRS-SNPP,377053,3433543,9.1,377053,21251,24326,2
congo,2022-01,VIIRS-SNPP,590178,4936794,8.4,590178,66759,38076,2
congo,2022-02,VIIRS-SNPP,523348,4461216,8.5,523348,38458,37382,2
congo,2022-03,VIIRS-SNPP,84196,696764,8.3,84196,8742,5432,2
congo,2022-04,VIIRS-SNPP,47280,322647,6.8,47280,2355,3152,2
congo,2022-05,VIIRS-SNPP,47120,382449,8.1,47120,3782,3040,2
congo,2022-06,VIIRS-SNPP,360165,4144527,11.5,360165,16515,24011,2
congo,2022-07,VIIRS-SNPP,446276,5589517,12.5,446276,34038,28792,2
congo,2022-08,VIIRS-SNPP,0,0,0.0,0,0,0,2
congo,2022-09,VIIRS-SNPP,100350,882858,8.8,100350,5925,6690,2
congo,2022-10,VIIRS-SNPP,56079,440275,7.9,56079,11098,3618,2
congo,2022-11,VIIRS-SNPP,96570,740438,7.7,96570,2145,6438,2
congo,2022-12,VIIRS-SNPP,298034,2370946,8.0,298034,15423,19228,2
congo,2023-01,VIIRS-SNPP,437736,3512271,8.0,437736,87560,28241,2
congo,2023-02,VIIRS-SNPP,432824,3692230,8.5,432824,57498,30916,2
congo,2023-03,VIIRS-SNPP,147669,1189551,8.1,147669,6107,9527,2
congo,2023-04,VIIRS-SNPP,25365,240141,9.5,25365,1920,1691,2
congo,2023-05,VIIRS-SNPP,118792,1076585,9.1,118792,3937,7664,2
congo,2023-06,VIIRS-SNPP,237255,2560573,10.8,237255,7905,15817,2
congo,2023-07,VIIRS-SNPP,535138,5849816,10.9,535138,12633,34525,2
congo,2023-08,VIIRS-SNPP,419911,4416995,10.5,419911,38270,27091,2
congo,2023-09,VIIRS-SNPP,120105,1159637,9.7,120105,6915,8007,2
congo,2023-10,VIIRS-SNPP,28412,236745,8.3,28412,1473,1833,2
congo,2023-11,VIIRS-SNPP,28920,191028,6.6,28920,390,1928,2
congo,2023-12,VIIRS-SNPP,188201,1575427,8.4,188201,6681,12142,2
congo,2024-01,VIIRS-SNPP,607879,5294166,8.7,607879,29078,39218,2
congo,2024-02,VIIRS-SNPP,404173,3294112,8.2,404173,32335,27874,2
congo,2024-03,VIIRS-SNPP,110980,941911,8.5,110980,12803,7160,2
congo,2024-04,VIIRS-SNPP,88575,628845,7.1,88575,1590,5905,2
congo,2024-05,VIIRS-SNPP,328259,3047798,9.3,328259,26474,21178,2
congo,2024-06,VIIRS-SNPP,414105,4648960,11.2,414105,42390,27607,2
congo,2024-07,VIIRS-SNPP,263981,2783489,10.5,263981,15593,17031,2
congo,2024-08,VIIRS-SNPP,497907,5162160,10.4,497907,27311,32123,2
congo,2024-09,VIIRS-SNPP,59820,585081,9.8,59820,5775,3988,2
congo,2024-10,VIIRS-SNPP,31946,243939,7.6,31946,1643,2061,2
congo,2024-11,VIIRS-SNPP,46710,296394,6.3,46710,645,3114,2
congo,2024-12,VIIRS-SNPP,330615,2943349,8.9,330615,22661,21330,2
congo,2025-01,VIIRS-SNPP,467418,3671322,7.9,467418,77965,30156,2
congo,2025-02,VIIRS-SNPP,344120,2993126,8.7,344120,36946,24580,2
congo,2025-03,VIIRS-SNPP,99960,979736,9.8,99960,10618,6449,2
congo,2025-04,VIIRS-SNPP,76215,522456,6.9,76215,2955,5081,2
congo,2025-05,VIIRS-SNPP,86459,628814,7.3,86459,3550,5578,2
congo,2025-06,VIIRS-SNPP,179070,1771034,9.9,179070,13155,11938,2
congo,2025-07,VIIRS-SNPP,312806,3586930,11.5,312806,38394,20181,2
congo,2025-08,VIIRS-SNPP,459017,4941039,10.8,459017,20383,29614,2
congo,2025-09,VIIRS-SNPP,155280,1667122,10.7,155280,18195,10352,2
congo,2025-10,VIIRS-SNPP,32411,263278,8.1,32411,2496,2091,2
congo,2025-11,VIIRS-SNPP,68145,475075,7.0,68145,7590,4543,2
congo,2025-12,VIIRS-SNPP,224006,2115296,9.4,224006,13640,14452,2
congo,2026-01,VIIRS-SNPP,362731,2972655,8.2,362731,41618,23402,2
congo,2026-02,VIIRS-SNPP,155274,1324724,8.5,155274,10752,11091,2
congo,2026-03,VIIRS-SNPP,266120,2278231,8.6,266120,27792,17169,2
congo,2026-04,VIIRS-SNPP,69600,488103,7.0,69600,1845,4640,2
congo,2026-05,VIIRS-SNPP,74075,623396,8.4,74075,2976,4779,2
congo,2026-06,VIIRS-SNPP,319320,3804082,11.9,319320,17265,21288,2
congo,2026-07,VIIRS-SNPP,368466,4272938,11.6,368466,18647,23772,2
congo,2020-01,VIIRS-NOAA20,795491,6033076,7.6,795491,170733,51322,2
congo,2020-02,VIIRS-NOAA20,584365,5605601,9.6,584365,41528,40301,2
congo,2020-03,VIIRS-NOAA20,49259,389327,7.9,49259,4681,3178,2
congo,2020-04,VIIRS-NOAA20,91740,713646,7.8,91740,3375,6116,2
congo,2020-05,VIIRS-NOAA20,136292,1170672,8.6,136292,4836,8793,2
congo,2020-06,VIIRS-NOAA20,347235,5320080,15.3,347235,11550,23149,2
congo,2020-07,VIIRS-NOAA20,424282,4677179,11.0,424282,35666,27373,2
congo,2020-08,VIIRS-NOAA20,399683,4322082,10.8,399683,15702,25786,2
congo,2020-09,VIIRS-NOAA20,132345,1739677,13.1,132345,5430,8823,2
congo,2020-10,VIIRS-NOAA20,31915,271924,8.5,31915,2310,2059,2
congo,2020-11,VIIRS-NOAA20,81525,633883,7.8,81525,6420,5435,2
congo,2020-12,VIIRS-NOAA20,243335,2032052,8.4,243335,20445,15699,2
congo,2021-01,VIIRS-NOAA20,538966,4196656,7.8,538966,120637,34772,2
congo,2021-02,VIIRS-NOAA20,460348,4321771,9.4,460348,46060,32882,2
congo,2021-03,VIIRS-NOAA20,153822,1385999,9.0,153822,17484,9924,2
congo,2021-04,VIIRS-NOAA20,111300,807120,7.3,111300,2040,7420,2
congo,2021-05,VIIRS-NOAA20,69037,540800,7.8,69037,3999,4454,2
congo,2021-06,VIIRS-NOAA20,261720,3251994,12.4,261720,21465,17448,2
congo,2021-07,VIIRS-NOAA20,495334,5403616,10.9,495334,36906,31957,2
congo,2021-08,VIIRS-NOAA20,152365,1549543,10.2,152365,11718,9830,2
congo,2021-09,VIIRS-NOAA20,197505,1894973,9.6,197505,5505,13167,2
congo,2021-10,VIIRS-NOAA20,47120,357592,7.6,47120,1752,3040,2
congo,2021-11,VIIRS-NOAA20,54450,389475,7.2,54450,1830,3630,2
congo,2021-12,VIIRS-NOAA20,362158,3184205,8.8,362158,26552,23365,2
congo,2022-01,VIIRS-NOAA20,562139,4816536,8.6,562139,71920,36267,2
congo,2022-02,VIIRS-NOAA20,510538,4147773,8.1,510538,39634,36467,2
congo,2022-03,VIIRS-NOAA20,88381,662488,7.5,88381,4526,5702,2
congo,2022-04,VIIRS-NOAA20,59625,391243,6.6,59625,1200,3975,2
congo,2022-05,VIIRS-NOAA20,45679,347687,7.6,45679,2620,2947,2
congo,2022-06,VIIRS-NOAA20,361575,4661536,12.9,361575,18015,24105,2
congo,2022-07,VIIRS-NOAA20,427661,4812304,11.3,427661,54390,27591,2
congo,2022-08,VIIRS-NOAA20,437860,4887252,11.2,437860,23018,28249,2
congo,2022-09,VIIRS-NOAA20,97230,993328,10.2,97230,5805,6482,2
congo,2022-10,VIIRS-NOAA20,41680,332265,8.0,41680,4821,2689,2
congo,2022-11,VIIRS-NOAA20,83730,592535,7.1,83730,5145,5582,2
congo,2022-12,VIIRS-NOAA20,283216,2393784,8.5,283216,27342,18272,2
congo,2023-01,VIIRS-NOAA20,417477,3742948,9.0,417477,66201,26934,2
congo,2023-02,VIIRS-NOAA20,401156,3579304,8.9,401156,44520,28654,2
congo,2023-03,VIIRS-NOAA20,163448,1254473,7.7,163448,6386,10545,2
congo,2023-04,VIIRS-NOAA20,38790,324256,8.4,38790,1740,2586,2
congo,2023-05,VIIRS-NOAA20,110190,811237,7.4,110190,7037,7109,2
congo,2023-06,VIIRS-NOAA20,200460,2597690,13.0,200460,8910,13364,2
congo,2023-07,VIIRS-NOAA20,642413,8201150,12.8,642413,27404,41446,2
congo,2023-08,VIIRS-NOAA20,399575,4300740,10.8,399575,20088,25779,2
congo,2023-09,VIIRS-NOAA20,156765,1543995,9.8,156765,3960,10451,2
congo,2023-10,VIIRS-NOAA20,53537,480402,9.0,53537,2682,3454,2
congo,2023-11,VIIRS-NOAA20,32940,204967,6.2,32940,315,2196,2
congo,2023-12,VIIRS-NOAA20,196478,1623118,8.3,196478,8603,12676,2
congo,2024-01,VIIRS-NOAA20,620403,5391766,8.7,620403,83328,40026,2
congo,2024-02,VIIRS-NOAA20,469684,3883828,8.3,469684,34467,32392,2
congo,2024-03,VIIRS-NOAA20,53398,431606,8.1,53398,4774,3445,2
congo,2024-04,VIIRS-NOAA20,59115,423443,7.2,59115,1380,3941,2
congo,2024-05,VIIRS-NOAA20,288114,2953654,10.3,288114,13702,18588,2
congo,2024-06,VIIRS-NOAA20,435300,5015382,11.5,435300,30345,29020,2
congo,2024-07,VIIRS-NOAA20,302591,3107465,10.3,302591,13764,19522,2
congo,2024-08,VIIRS-NOAA20,525373,5556903,10.6,525373,30768,33895,2
congo,2024-09,VIIRS-NOAA20,60345,543885,9.0,60345,8895,4023,2
congo,2024-10,VIIRS-NOAA20,27187,273820,10.1,27187,2480,1754,2
congo,2024-11,VIIRS-NOAA20,90570,581820,6.4,90570,720,6038,2
congo,2024-12,VIIRS-NOAA20,331514,2940413,8.9,331514,40626,21388,2
congo,2025-01,VIIRS-NOAA20,420267,3644039,8.7,420267,65999,27114,2
congo,2025-02,VIIRS-NOAA20,356244,2994892,8.4,356244,56798,25446,2
congo,2025-03,VIIRS-NOAA20,97309,890152,9.1,97309,11579,6278,2
congo,2025-04,VIIRS-NOAA20,63345,459815,7.3,63345,1920,4223,2
congo,2025-05,VIIRS-NOAA20,104780,773588,7.4,104780,2558,6760,2
congo,2025-06,VIIRS-NOAA20,159585,1805444,11.3,159585,12735,10639,2
congo,2025-07,VIIRS-NOAA20,294919,3469878,11.8,294919,37355,19027,2
congo,2025-08,VIIRS-NOAA20,200167,2007457,10.0,200167,31310,12914,2
congo,2025-09,VIIRS-NOAA20,135780,1465712,10.8,135780,10305,9052,2
congo,2025-10,VIIRS-NOAA20,34162,303266,8.9,34162,2868,2204,2
congo,2025-11,VIIRS-NOAA20,79485,545893,6.9,79485,5160,5299,2
congo,2025-12,VIIRS-NOAA20,225463,1992978,8.8,225463,8618,14546,2
mediterranean,2000-11,MODIS-Terra,330,4246,12.9,45,45,22,2
mediterranean,2000-12,MODIS-Terra,155,4118,26.6,16,93,10,2
mediterranean,2001-01,MODIS-Terra,434,7674,17.7,31,78,28,2
mediterranean,2001-02,MODIS-Terra,742,42077,56.7,112,98,53,2
mediterranean,2001-03,MODIS-Terra,713,10072,14.1,186,295,46,2
mediterranean,2001-04,MODIS-Terra,600,6595,11.0,30,15,40,2
mediterranean,2001-05,MODIS-Terra,295,4785,16.2,47,155,19,2
mediterranean,2001-06,MODIS-Terra,375,6072,16.2,120,135,25,2
mediterranean,2001-07,MODIS-Terra,4340,247084,56.9,1597,1364,280,2
mediterranean,2001-08,MODIS-Terra,7626,307700,40.3,2806,1457,492,2
mediterranean,2001-09,MODIS-Terra,3060,81195,26.5,690,510,204,2
mediterranean,2001-10,MODIS-Terra,2465,52371,21.3,171,186,159,2
mediterranean,2001-11,MODIS-Terra,1560,28463,18.2,300,285,104,2
mediterranean,2001-12,MODIS-Terra,527,33992,64.5,31,155,34,2
mediterranean,2002-01,MODIS-Terra,217,3629,16.7,62,155,14,2
mediterranean,2002-02,MODIS-Terra,784,12415,15.8,70,70,56,2
mediterranean,2002-03,MODIS-Terra,1101,18688,17.0,62,62,71,2
mediterranean,2002-04,MODIS-Terra,1710,25218,14.7,180,420,114,2
mediterranean,2002-05,MODIS-Terra,279,2911,10.4,0,62,18,2
mediterranean,2002-06,MODIS-Terra,1185,26097,22.0,405,405,79,2
mediterranean,2002-07,MODIS-Terra,3069,107692,35.1,915,775,198,2
mediterranean,2002-08,MODIS-Terra,2372,84601,35.7,729,543,153,2
mediterranean,2002-09,MODIS-Terra,1155,16713,14.5,210,225,77,2
mediterranean,2002-10,MODIS-Terra,1054,16897,16.0,109,202,68,2
mediterranean,2002-11,MODIS-Terra,405,6524,16.1,105,225,27,2
mediterranean,2002-12,MODIS-Terra,403,7976,19.8,47,186,26,2
mediterranean,2003-01,MODIS-Terra,140,1153,8.3,47,62,9,2
mediterranean,2003-02,MODIS-Terra,574,22625,39.4,112,252,41,2
mediterranean,2003-03,MODIS-Terra,1581,23667,15.0,155,248,102,2
mediterranean,2003-04,MODIS-Terra,1650,20813,12.6,165,300,110,2
mediterranean,2003-05,MODIS-Terra,1178,25725,21.8,326,481,76,2
mediterranean,2003-06,MODIS-Terra,1170,28362,24.2,330,375,78,2
mediterranean,2003-07,MODIS-Terra,3395,153743,45.3,961,341,219,2
mediterranean,2003-08,MODIS-Terra,5286,153628,29.1,1907,2573,341,2
mediterranean,2003-09,MODIS-Terra,3765,111360,29.6,630,690,251,2
mediterranean,2003-10,MODIS-Terra,2620,43355,16.6,496,388,169,2
mediterranean,2003-11,MODIS-Terra,240,6698,27.9,45,120,16,2
mediterranean,2003-12,MODIS-Terra,93,2629,28.3,47,31,6,2
mediterranean,2004-01,MODIS-Terra,326,6211,19.1,47,140,21,2
mediterranean,2004-02,MODIS-Terra,305,3622,11.9,0,174,21,2
mediterranean,2004-03,MODIS-Terra,713,26486,37.1,0,31,46,2
mediterranean,2004-04,MODIS-Terra,795,12953,16.3,255,345,53,2
mediterranean,2004-05,MODIS-Terra,713,8874,12.4,93,295,46,2
mediterranean,2004-06,MODIS-Terra,780,13680,17.5,75,210,52,2
mediterranean,2004-07,MODIS-Terra,5115,185606,36.3,1566,1333,330,2
mediterranean,2004-08,MODIS-Terra,3410,99178,29.1,853,837,220,2
mediterranean,2004-09,MODIS-Terra,4860,97809,20.1,720,585,324,2
mediterranean,2004-10,MODIS-Terra,3534,54431,15.4,667,884,228,2
mediterranean,2004-11,MODIS-Terra,375,7493,20.0,60,135,25,2
mediterranean,2004-12,MODIS-Terra,171,2482,14.6,16,78,11,2
mediterranean,2005-01,MODIS-Terra,651,9681,14.9,93,140,42,2
mediterranean,2005-02,MODIS-Terra,294,5806,19.7,70,196,21,2
mediterranean,2005-03,MODIS-Terra,2403,31758,13.2,217,140,155,2
mediterranean,2005-04,MODIS-Terra,1380,22858,16.6,255,315,92,2
mediterranean,2005-05,MODIS-Terra,729,9469,13.0,124,326,47,2
mediterranean,2005-06,MODIS-Terra,1125,39659,35.3,270,255,75,2
mediterranean,2005-07,MODIS-Terra,3023,123428,40.8,1333,1023,195,2
mediterranean,2005-08,MODIS-Terra,5146,200692,39.0,1938,2062,332,2
mediterranean,2005-09,MODIS-Terra,1680,65409,38.9,540,600,112,2
mediterranean,2005-10,MODIS-Terra,2248,53876,24.0,419,760,145,2
mediterranean,2005-11,MODIS-Terra,1200,19922,16.6,105,180,80,2
mediterranean,2005-12,MODIS-Terra,481,13332,27.7,155,279,31,2
mediterranean,2006-01,MODIS-Terra,279,4435,15.9,62,186,18,2
mediterranean,2006-02,MODIS-Terra,294,9996,34.0,42,28,21,2
mediterranean,2006-03,MODIS-Terra,1612,25277,15.7,310,388,104,2
mediterranean,2006-04,MODIS-Terra,570,10829,19.0,60,195,38,2
mediterranean,2006-05,MODIS-Terra,558,12470,22.3,31,186,36,2
mediterranean,2006-06,MODIS-Terra,1605,49304,30.7,510,630,107,2
mediterranean,2006-07,MODIS-Terra,5518,136484,24.7,1225,806,356,2
mediterranean,2006-08,MODIS-Terra,3116,247706,79.5,1209,744,201,2
mediterranean,2006-09,MODIS-Terra,1980,42423,21.4,345,750,132,2
mediterranean,2006-10,MODIS-Terra,760,22150,29.2,109,310,49,2
mediterranean,2006-11,MODIS-Terra,1125,17903,15.9,240,450,75,2
mediterranean,2006-12,MODIS-Terra,372,7039,18.9,78,233,24,2
mediterranean,2007-01,MODIS-Terra,326,8570,26.3,62,140,21,2
mediterranean,2007-02,MODIS-Terra,406,6649,16.4,56,154,29,2
mediterranean,2007-03,MODIS-Terra,946,25516,27.0,109,31,61,2
mediterranean,2007-04,MODIS-Terra,1485,19214,12.9,225,360,99,2
mediterranean,2007-05,MODIS-Terra,946,14722,15.6,109,310,61,2
mediterranean,2007-06,MODIS-Terra,1260,29988,23.8,420,600,84,2
mediterranean,2007-07,MODIS-Terra,9145,388611,42.5,3364,4619,590,2
mediterranean,2007-08,MODIS-Terra,7471,181507,24.3,3379,3519,482,2
mediterranean,2007-09,MODIS-Terra,1710,34004,19.9,480,510,114,2
mediterranean,2007-10,MODIS-Terra,2015,32206,16.0,341,527,130,2
mediterranean,2007-11,MODIS-Terra,570,10139,17.8,45,75,38,2
mediterranean,2007-12,MODIS-Terra,357,8947,25.1,124,248,23,2
mediterranean,2008-01,MODIS-Terra,202,5676,28.2,62,47,13,2
mediterranean,2008-02,MODIS-Terra,1102,24042,21.8,160,102,76,2
mediterranean,2008-03,MODIS-Terra,636,16104,25.3,93,310,41,2
mediterranean,2008-04,MODIS-Terra,1110,23744,21.4,255,420,74,2
mediterranean,2008-05,MODIS-Terra,868,23151,26.7,124,341,56,2
mediterranean,2008-06,MODIS-Terra,1380,19733,14.3,495,720,92,2
mediterranean,2008-07,MODIS-Terra,3813,124512,32.7,1519,1240,246,2
mediterranean,2008-08,MODIS-Terra,6340,252929,39.9,2155,1891,409,2
mediterranean,2008-09,MODIS-Terra,3030,52905,17.5,675,420,202,2
mediterranean,2008-10,MODIS-Terra,4960,48193,9.7,341,171,320,2
mediterranean,2008-11,MODIS-Terra,735,18844,25.6,180,285,49,2
mediterranean,2008-12,MODIS-Terra,78,1703,22.0,31,31,5,2
mediterranean,2009-01,MODIS-Terra,109,4903,45.2,16,78,7,2
mediterranean,2009-02,MODIS-Terra,266,3669,13.8,14,84,19,2
mediterranean,2009-03,MODIS-Terra,4030,93164,23.1,1349,636,260,2
mediterranean,2009-04,MODIS-Terra,1260,12839,10.2,45,225,84,2
mediterranean,2009-05,MODIS-Terra,1116,18180,16.3,279,543,72,2
mediterranean,2009-06,MODIS-Terra,765,56895,74.4,150,300,51,2
mediterranean,2009-07,MODIS-Terra,4604,199034,43.2,2077,2294,297,2
mediterranean,2009-08,MODIS-Terra,5410,474046,87.6,2558,2248,349,2
mediterranean,2009-09,MODIS-Terra,2835,73436,25.9,585,555,189,2
mediterranean,2009-10,MODIS-Terra,3426,90663,26.5,496,651,221,2
mediterranean,2009-11,MODIS-Terra,1425,26802,18.8,270,195,95,2
mediterranean,2009-12,MODIS-Terra,140,1955,14.0,0,93,9,2
mediterranean,2010-01,MODIS-Terra,186,4800,25.8,93,124,12,2
mediterranean,2010-02,MODIS-Terra,224,4550,20.3,42,112,16,2
mediterranean,2010-03,MODIS-Terra,884,13411,15.2,140,171,57,2
mediterranean,2010-04,MODIS-Terra,750,15312,20.4,180,300,50,2
mediterranean,2010-05,MODIS-Terra,620,7874,12.7,62,186,40,2
mediterranean,2010-06,MODIS-Terra,1320,28337,21.5,360,600,88,2
mediterranean,2010-07,MODIS-Terra,2341,146274,62.5,636,651,151,2
mediterranean,2010-08,MODIS-Terra,3674,97252,26.5,1085,1209,237,2
mediterranean,2010-09,MODIS-Terra,2070,56448,27.3,300,390,138,2
mediterranean,2010-10,MODIS-Terra,961,12302,12.8,93,217,62,2
mediterranean,2010-11,MODIS-Terra,735,19322,26.3,210,390,49,2
mediterranean,2010-12,MODIS-Terra,295,10613,36.0,62,140,19,2
mediterranean,2011-01,MODIS-Terra,388,5930,15.3,78,155,25,2
mediterranean,2011-02,MODIS-Terra,1008,23222,23.0,280,266,72,2
mediterranean,2011-03,MODIS-Terra,1364,25205,18.5,186,279,88,2
mediterranean,2011-04,MODIS-Terra,2040,57299,28.1,495,705,136,2
mediterranean,2011-05,MODIS-Terra,946,14206,15.0,62,248,61,2
mediterranean,2011-06,MODIS-Terra,1260,21940,17.4,225,390,84,2
mediterranean,2011-07,MODIS-Terra,2713,54797,20.2,791,775,175,2
mediterranean,2011-08,MODIS-Terra,4712,136516,29.0,1411,1473,304,2
mediterranean,2011-09,MODIS-Terra,2370,53016,22.4,525,540,158,2
mediterranean,2011-10,MODIS-Terra,4805,96367,20.1,884,744,310,2
mediterranean,2011-11,MODIS-Terra,1260,33114,26.3,270,390,84,2
mediterranean,2011-12,MODIS-Terra,558,11544,20.7,171,295,36,2
mediterranean,2012-01,MODIS-Terra,326,6400,19.7,78,171,21,2
mediterranean,2012-02,MODIS-Terra,914,13459,14.7,87,174,63,2
mediterranean,2012-03,MODIS-Terra,3178,57961,18.2,233,388,205,2
mediterranean,2012-04,MODIS-Terra,675,22188,32.9,75,210,45,2
mediterranean,2012-05,MODIS-Terra,326,13194,40.5,62,109,21,2
mediterranean,2012-06,MODIS-Terra,1605,30487,19.0,345,630,107,2
mediterranean,2012-07,MODIS-Terra,3581,136005,38.0,1271,1891,231,2
mediterranean,2012-08,MODIS-Terra,9936,615770,62.0,3643,4030,641,2
mediterranean,2012-09,MODIS-Terra,6435,270126,42.0,1935,2070,429,2
mediterranean,2012-10,MODIS-Terra,2496,44663,17.9,434,233,161,2
mediterranean,2012-11,MODIS-Terra,735,11198,15.2,120,375,49,2
mediterranean,2012-12,MODIS-Terra,388,7341,18.9,93,233,25,2
mediterranean,2013-01,MODIS-Terra,248,8539,34.4,78,78,16,2
mediterranean,2013-02,MODIS-Terra,140,3549,25.4,28,70,10,2
mediterranean,2013-03,MODIS-Terra,667,27799,41.7,62,233,43,2
mediterranean,2013-04,MODIS-Terra,930,15957,17.2,180,495,62,2
mediterranean,2013-05,MODIS-Terra,713,11365,15.9,62,326,46,2
mediterranean,2013-06,MODIS-Terra,1335,24767,18.6,300,525,89,2
mediterranean,2013-07,MODIS-Terra,2310,57781,25.0,605,899,149,2
mediterranean,2013-08,MODIS-Terra,5410,254109,47.0,2418,1860,349,2
mediterranean,2013-09,MODIS-Terra,3285,55791,17.0,675,810,219,2
mediterranean,2013-10,MODIS-Terra,4480,64074,14.3,574,574,289,2
mediterranean,2013-11,MODIS-Terra,450,9899,22.0,45,195,30,2
mediterranean,2013-12,MODIS-Terra,388,8341,21.5,78,202,25,2
mediterranean,2014-01,MODIS-Terra,202,5588,27.7,31,78,13,2
mediterranean,2014-02,MODIS-Terra,616,8683,14.1,126,252,44,2
mediterranean,2014-03,MODIS-Terra,1938,25412,13.1,264,326,125,2
mediterranean,2014-04,MODIS-Terra,690,13806,20.0,105,330,46,2
mediterranean,2014-05,MODIS-Terra,1736,26424,15.2,419,713,112,2
mediterranean,2014-06,MODIS-Terra,1020,22067,21.6,255,405,68,2
mediterranean,2014-07,MODIS-Terra,1938,87174,45.0,543,636,125,2
mediterranean,2014-08,MODIS-Terra,3906,139667,35.8,1597,1442,252,2
mediterranean,2014-09,MODIS-Terra,2055,42987,20.9,480,765,137,2
mediterranean,2014-10,MODIS-Terra,3875,64925,16.8,760,1008,250,2
mediterranean,2014-11,MODIS-Terra,465,13679,29.4,135,330,31,2
mediterranean,2014-12,MODIS-Terra,248,10115,40.8,16,47,16,2
mediterranean,2015-01,MODIS-Terra,248,4582,18.5,62,109,16,2
mediterranean,2015-02,MODIS-Terra,140,4269,30.5,0,84,10,2
mediterranean,2015-03,MODIS-Terra,2000,41470,20.7,357,682,129,2
mediterranean,2015-04,MODIS-Terra,1320,20810,15.8,120,165,88,2
mediterranean,2015-05,MODIS-Terra,930,28977,31.2,341,605,60,2
mediterranean,2015-06,MODIS-Terra,1440,37770,26.2,540,795,96,2
mediterranean,2015-07,MODIS-Terra,4557,178097,39.1,1876,2015,294,2
mediterranean,2015-08,MODIS-Terra,2542,116346,45.8,760,915,164,2
mediterranean,2015-09,MODIS-Terra,1830,53202,29.1,465,540,122,2
mediterranean,2015-10,MODIS-Terra,729,18200,25.0,78,171,47,2
mediterranean,2015-11,MODIS-Terra,1305,19090,14.6,225,585,87,2
mediterranean,2015-12,MODIS-Terra,729,11417,15.7,140,372,47,2
mediterranean,2016-01,MODIS-Terra,465,13749,29.6,155,248,30,2
mediterranean,2016-02,MODIS-Terra,218,3595,16.5,15,73,15,2
mediterranean,2016-03,MODIS-Terra,915,11949,13.1,140,419,59,2
mediterranean,2016-04,MODIS-Terra,270,4016,14.9,45,60,18,2
mediterranean,2016-05,MODIS-Terra,1395,24749,17.7,310,543,90,2
mediterranean,2016-06,MODIS-Terra,1350,29140,21.6,480,825,90,2
mediterranean,2016-07,MODIS-Terra,4588,210062,45.8,1473,1643,296,2
mediterranean,2016-08,MODIS-Terra,3782,136172,36.0,1132,1519,244,2
mediterranean,2016-09,MODIS-Terra,1620,52156,32.2,390,540,108,2
mediterranean,2016-10,MODIS-Terra,1643,30909,18.8,295,636,106,2
mediterranean,2016-11,MODIS-Terra,1125,19935,17.7,255,405,75,2
mediterranean,2016-12,MODIS-Terra,1147,17757,15.5,124,357,74,2
mediterranean,2017-01,MODIS-Terra,682,23095,33.9,341,496,44,2
mediterranean,2017-02,MODIS-Terra,644,10899,16.9,42,84,46,2
mediterranean,2017-03,MODIS-Terra,1349,36007,26.7,140,248,87,2
mediterranean,2017-04,MODIS-Terra,1575,37947,24.1,450,495,105,2
mediterranean,2017-05,MODIS-Terra,636,13266,20.9,16,295,41,2
mediterranean,2017-06,MODIS-Terra,2070,30421,14.7,540,675,138,2
mediterranean,2017-07,MODIS-Terra,5549,162132,29.2,1891,2155,358,2
mediterranean,2017-08,MODIS-Terra,5503,298978,54.3,2527,1783,355,2
mediterranean,2017-09,MODIS-Terra,2565,91971,35.9,705,1350,171,2
mediterranean,2017-10,MODIS-Terra,3689,158929,43.1,1116,1318,238,2
mediterranean,2017-11,MODIS-Terra,1095,29537,27.0,240,480,73,2
mediterranean,2017-12,MODIS-Terra,465,7826,16.8,140,357,30,2
mediterranean,2018-01,MODIS-Terra,264,6367,24.2,109,171,17,2
mediterranean,2018-02,MODIS-Terra,462,7984,17.3,42,126,33,2
mediterranean,2018-03,MODIS-Terra,388,11041,28.5,93,233,25,2
mediterranean,2018-04,MODIS-Terra,1230,15680,12.7,150,555,82,2
mediterranean,2018-05,MODIS-Terra,884,16139,18.3,217,465,57,2
mediterranean,2018-06,MODIS-Terra,510,12767,25.0,135,300,34,2
mediterranean,2018-07,MODIS-Terra,1783,52478,29.4,465,496,115,2
mediterranean,2018-08,MODIS-Terra,1426,29197,20.5,326,496,92,2
mediterranean,2018-09,MODIS-Terra,2250,34191,15.2,615,810,150,2
mediterranean,2018-10,MODIS-Terra,2496,38428,15.4,248,217,161,2
mediterranean,2018-11,MODIS-Terra,405,9348,23.1,30,105,27,2
mediterranean,2018-12,MODIS-Terra,403,10538,26.1,124,295,26,2
mediterranean,2019-01,MODIS-Terra,574,23552,41.1,217,388,37,2
mediterranean,2019-02,MODIS-Terra,1302,23598,18.1,210,336,93,2
mediterranean,2019-03,MODIS-Terra,3286,42284,12.9,326,264,212,2
mediterranean,2019-04,MODIS-Terra,255,3907,15.3,15,135,17,2
mediterranean,2019-05,MODIS-Terra,1008,25629,25.4,248,589,65,2
mediterranean,2019-06,MODIS-Terra,960,28581,29.8,255,435,64,2
mediterranean,2019-07,MODIS-Terra,1628,34816,21.4,496,605,105,2
mediterranean,2019-08,MODIS-Terra,1814,34280,18.9,760,884,117,2
mediterranean,2019-09,MODIS-Terra,2625,104061,39.6,510,390,175,2
mediterranean,2019-10,MODIS-Terra,2573,56877,22.1,295,403,166,2
mediterranean,2019-11,MODIS-Terra,1125,16964,15.1,195,180,75,2
mediterranean,2019-12,MODIS-Terra,248,4405,17.8,31,140,16,2
mediterranean,2020-01,MODIS-Terra,760,12774,16.8,279,527,49,2
mediterranean,2020-02,MODIS-Terra,711,16308,23.0,44,174,49,2
mediterranean,2020-03,MODIS-Terra,698,7269,10.4,0,109,45,2
mediterranean,2020-04,MODIS-Terra,4155,88624,21.3,675,735,277,2
mediterranean,2020-05,MODIS-Terra,992,18814,19.0,372,419,64,2
mediterranean,2020-06,MODIS-Terra,645,19662,30.5,150,330,43,2
mediterranean,2020-07,MODIS-Terra,1736,70412,40.6,419,729,112,2
mediterranean,2020-08,MODIS-Terra,3255,157389,48.4,1612,915,210,2
mediterranean,2020-09,MODIS-Terra,1275,42925,33.7,300,420,85,2
mediterranean,2020-10,MODIS-Terra,2170,30191,13.9,357,481,140,2
mediterranean,2020-11,MODIS-Terra,615,11228,18.3,45,120,41,2
mediterranean,2020-12,MODIS-Terra,140,8206,58.8,16,124,9,2
mediterranean,2021-01,MODIS-Terra,357,7541,21.2,78,264,23,2
mediterranean,2021-02,MODIS-Terra,308,5141,16.7,56,70,22,2
mediterranean,2021-03,MODIS-Terra,1566,73172,46.7,496,791,101,2
mediterranean,2021-04,MODIS-Terra,390,13293,34.1,45,135,26,2
mediterranean,2021-05,MODIS-Terra,527,14165,26.9,155,372,34,2
mediterranean,2021-06,MODIS-Terra,1170,23906,20.4,345,600,78,2
mediterranean,2021-07,MODIS-Terra,2449,129075,52.7,1023,729,158,2
mediterranean,2021-08,MODIS-Terra,5131,367807,71.7,1659,1767,331,2
mediterranean,2021-09,MODIS-Terra,1050,78448,74.7,315,315,70,2
mediterranean,2021-10,MODIS-Terra,713,13797,19.4,109,217,46,2
mediterranean,2021-11,MODIS-Terra,690,10236,14.8,60,105,46,2
mediterranean,2021-12,MODIS-Terra,372,9043,24.3,140,140,24,2
mediterranean,2022-01,MODIS-Terra,233,7817,33.6,109,62,15,2
mediterranean,2022-02,MODIS-Terra,728,16408,22.5,168,112,52,2
mediterranean,2022-03,MODIS-Terra,2852,65840,23.1,341,295,184,2
mediterranean,2022-04,MODIS-Terra,885,16584,18.7,135,285,59,2
mediterranean,2022-05,MODIS-Terra,465,9944,21.4,62,124,30,2
mediterranean,2022-06,MODIS-Terra,1485,46668,31.4,480,660,99,2
mediterranean,2022-07,MODIS-Terra,2697,71854,26.6,713,946,174,2
mediterranean,2022-08,MODIS-Terra,2806,163904,58.4,1287,1287,181,2
mediterranean,2022-09,MODIS-Terra,1560,77226,49.5,660,780,104,2
mediterranean,2022-10,MODIS-Terra,853,9356,11.0,31,109,55,2
mediterranean,2022-11,MODIS-Terra,300,5589,18.6,15,45,20,2
mediterranean,2022-12,MODIS-Terra,140,1934,13.9,16,31,9,2
mediterranean,2023-01,MODIS-Terra,233,4344,18.7,62,171,15,2
mediterranean,2023-02,MODIS-Terra,560,12143,21.7,70,84,40,2
mediterranean,2023-03,MODIS-Terra,465,10886,23.4,62,78,30,2
mediterranean,2023-04,MODIS-Terra,615,18601,30.2,120,225,41,2
mediterranean,2023-05,MODIS-Terra,1426,15828,11.1,140,248,92,2
mediterranean,2023-06,MODIS-Terra,1050,14656,14.0,285,420,70,2
mediterranean,2023-07,MODIS-Terra,2279,575989,252.8,1690,1380,147,2
mediterranean,2023-08,MODIS-Terra,7022,733817,104.5,4728,3565,453,2
mediterranean,2023-09,MODIS-Terra,2325,132242,56.9,675,1020,155,2
mediterranean,2023-10,MODIS-Terra,2666,60548,22.7,388,605,172,2
mediterranean,2023-11,MODIS-Terra,285,13915,48.8,135,105,19,2
mediterranean,2023-12,MODIS-Terra,543,8549,15.8,109,388,35,2
mediterranean,2024-01,MODIS-Terra,140,1910,13.7,16,16,9,2
mediterranean,2024-02,MODIS-Terra,493,12330,25.0,58,73,34,2
mediterranean,2024-03,MODIS-Terra,419,4896,11.7,0,47,27,2
mediterranean,2024-04,MODIS-Terra,660,13896,21.1,150,225,44,2
mediterranean,2024-05,MODIS-Terra,853,9666,11.3,78,233,55,2
mediterranean,2024-06,MODIS-Terra,750,12345,16.5,150,270,50,2
mediterranean,2024-07,MODIS-Terra,1736,39746,22.9,419,744,112,2
mediterranean,2024-08,MODIS-Terra,1333,25887,19.4,310,713,86,2
mediterranean,2024-09,MODIS-Terra,1605,28555,17.8,330,510,107,2
mediterranean,2024-10,MODIS-Terra,1039,16068,15.5,93,202,67,2
mediterranean,2024-11,MODIS-Terra,675,8233,12.2,15,165,45,2
mediterranean,2024-12,MODIS-Terra,93,2327,25.0,16,62,6,2
mediterranean,2025-01,MODIS-Terra,202,3258,16.2,31,155,13,2
mediterranean,2025-02,MODIS-Terra,266,18388,69.1,70,28,19,2
mediterranean,2025-03,MODIS-Terra,1752,28703,16.4,357,636,113,2
mediterranean,2025-04,MODIS-Terra,600,10897,18.2,15,165,40,2
mediterranean,2025-05,MODIS-Terra,372,6897,18.5,124,186,24,2
mediterranean,2025-06,MODIS-Terra,1935,35792,18.5,345,750,129,2
mediterranean,2025-07,MODIS-Terra,3488,120549,34.6,1504,1829,225,2
mediterranean,2025-08,MODIS-Terra,3426,190275,55.5,1581,2093,221,2
mediterranean,2025-09,MODIS-Terra,1170,50648,43.3,330,555,78,2
mediterranean,2025-10,MODIS-Terra,806,11073,13.7,109,326,52,2
mediterranean,2025-11,MODIS-Terra,345,4629,13.4,60,75,23,2
mediterranean,2025-12,MODIS-Terra,16,189,12.2,0,0,1,2
mediterranean,2026-01,MODIS-Terra,78,1485,19.2,0,78,5,2
mediterranean,2026-02,MODIS-Terra,308,4021,13.1,0,84,22,2
mediterranean,2026-03,MODIS-Terra,388,5871,15.2,62,186,25,2
mediterranean,2026-04,MODIS-Terra,825,9838,11.9,30,255,55,2
mediterranean,2026-05,MODIS-Terra,775,6564,8.5,62,264,50,2
mediterranean,2026-06,MODIS-Terra,1875,35345,18.9,450,705,125,2
mediterranean,2026-07,MODIS-Terra,8618,777679,90.2,5224,5921,556,2
mediterranean,2026-08,MODIS-Terra,3240,90251,27.9,1163,1829,209,2
mediterranean,2026-09,MODIS-Terra,2205,51375,23.3,570,1455,147,2
mediterranean,2012-01,VIIRS-SNPP,3736,9674,2.6,3736,0,241,2
mediterranean,2012-02,VIIRS-SNPP,8352,61780,7.4,8352,0,576,2
mediterranean,2012-03,VIIRS-SNPP,47260,239921,5.1,47260,0,3049,2
mediterranean,2012-04,VIIRS-SNPP,15300,59231,3.9,15300,0,1020,2
mediterranean,2012-05,VIIRS-SNPP,14958,48858,3.3,14958,0,965,2
mediterranean,2012-06,VIIRS-SNPP,9795,36350,3.7,9795,0,653,2
mediterranean,2012-07,VIIRS-SNPP,39727,322380,8.1,39727,0,2563,2
mediterranean,2012-08,VIIRS-SNPP,102548,1179961,11.5,102548,0,6616,2
mediterranean,2012-09,VIIRS-SNPP,55005,426714,7.8,55005,0,3667,2
mediterranean,2012-10,VIIRS-SNPP,26598,124197,4.7,26598,0,1716,2
mediterranean,2012-11,VIIRS-SNPP,11265,42714,3.8,11265,0,751,2
mediterranean,2012-12,VIIRS-SNPP,6355,21264,3.3,6355,0,410,2
mediterranean,2013-01,VIIRS-SNPP,10308,44263,4.3,10308,0,665,2
mediterranean,2013-02,VIIRS-SNPP,7574,28727,3.8,7574,0,541,2
mediterranean,2013-03,VIIRS-SNPP,12679,63826,5.0,12679,0,818,2
mediterranean,2013-04,VIIRS-SNPP,9510,44727,4.7,9510,0,634,2
mediterranean,2013-05,VIIRS-SNPP,11982,47659,4.0,11982,0,773,2
mediterranean,2013-06,VIIRS-SNPP,18900,92558,4.9,18900,0,1260,2
mediterranean,2013-07,VIIRS-SNPP,23421,146977,6.3,23421,0,1511,2
mediterranean,2013-08,VIIRS-SNPP,50902,683500,13.4,50902,0,3284,2
mediterranean,2013-09,VIIRS-SNPP,31620,171618,5.4,31620,0,2108,2
mediterranean,2013-10,VIIRS-SNPP,38425,188263,4.9,38425,0,2479,2
mediterranean,2013-11,VIIRS-SNPP,12840,52247,4.1,12840,0,856,2
mediterranean,2013-12,VIIRS-SNPP,12090,47906,4.0,12090,0,780,2
mediterranean,2014-01,VIIRS-SNPP,9734,40745,4.2,9734,0,628,2
mediterranean,2014-02,VIIRS-SNPP,13272,152870,11.5,13272,0,948,2
mediterranean,2014-03,VIIRS-SNPP,21096,104960,5.0,21096,0,1361,2
mediterranean,2014-04,VIIRS-SNPP,14880,71627,4.8,14880,0,992,2
mediterranean,2014-05,VIIRS-SNPP,15299,57375,3.8,15299,0,987,2
mediterranean,2014-06,VIIRS-SNPP,20190,82779,4.1,20190,0,1346,2
mediterranean,2014-07,VIIRS-SNPP,27978,181241,6.5,27978,0,1805,2
mediterranean,2014-08,VIIRS-SNPP,36100,455468,12.6,36100,0,2329,2
mediterranean,2014-09,VIIRS-SNPP,23445,172431,7.4,23445,0,1563,2
mediterranean,2014-10,VIIRS-SNPP,33356,204553,6.1,33356,0,2152,2
mediterranean,2014-11,VIIRS-SNPP,12570,64413,5.1,12570,0,838,2
mediterranean,2014-12,VIIRS-SNPP,8510,40054,4.7,8510,0,549,2
mediterranean,2015-01,VIIRS-SNPP,7022,23343,3.3,7022,0,453,2
mediterranean,2015-02,VIIRS-SNPP,6370,27790,4.4,6370,0,455,2
mediterranean,2015-03,VIIRS-SNPP,16368,93294,5.7,16368,0,1056,2
mediterranean,2015-04,VIIRS-SNPP,16980,71707,4.2,16980,0,1132,2
mediterranean,2015-05,VIIRS-SNPP,18135,74053,4.1,18135,0,1170,2
mediterranean,2015-06,VIIRS-SNPP,14655,68802,4.7,14655,0,977,2
mediterranean,2015-07,VIIRS-SNPP,40796,405217,9.9,40796,0,2632,2
mediterranean,2015-08,VIIRS-SNPP,33403,394565,11.8,33403,0,2155,2
mediterranean,2015-09,VIIRS-SNPP,22410,120028,5.4,22410,0,1494,2
mediterranean,2015-10,VIIRS-SNPP,14307,64556,4.5,14307,0,923,2
mediterranean,2015-11,VIIRS-SNPP,15780,60761,3.9,15780,0,1052,2
mediterranean,2015-12,VIIRS-SNPP,11594,58967,5.1,11594,0,748,2
mediterranean,2016-01,VIIRS-SNPP,9145,37296,4.1,9145,0,590,2
mediterranean,2016-02,VIIRS-SNPP,10150,50721,5.0,10150,0,700,2
mediterranean,2016-03,VIIRS-SNPP,7425,26722,3.6,7425,0,479,2
mediterranean,2016-04,VIIRS-SNPP,13770,57597,4.2,13770,0,918,2
mediterranean,2016-05,VIIRS-SNPP,14958,65739,4.4,14958,0,965,2
mediterranean,2016-06,VIIRS-SNPP,16485,74016,4.5,16485,0,1099,2
mediterranean,2016-07,VIIRS-SNPP,46330,455951,9.8,46330,0,2989,2
mediterranean,2016-08,VIIRS-SNPP,39897,355973,8.9,39897,0,2574,2
mediterranean,2016-09,VIIRS-SNPP,29070,211369,7.3,29070,0,1938,2
mediterranean,2016-10,VIIRS-SNPP,20321,86013,4.2,20321,0,1311,2
mediterranean,2016-11,VIIRS-SNPP,13080,64788,5.0,13080,0,872,2
mediterranean,2016-12,VIIRS-SNPP,12989,69356,5.3,12989,0,838,2
mediterranean,2017-01,VIIRS-SNPP,11222,55909,5.0,11222,0,724,2
mediterranean,2017-02,VIIRS-SNPP,12180,52622,4.3,12180,0,870,2
mediterranean,2017-03,VIIRS-SNPP,24149,138900,5.8,24149,0,1558,2
mediterranean,2017-04,VIIRS-SNPP,14910,88542,5.9,14910,0,994,2
mediterranean,2017-05,VIIRS-SNPP,15531,57674,3.7,15531,0,1002,2
mediterranean,2017-06,VIIRS-SNPP,20400,94201,4.6,20400,0,1360,2
mediterranean,2017-07,VIIRS-SNPP,38208,275635,7.2,38208,0,2465,2
mediterranean,2017-08,VIIRS-SNPP,59086,530821,9.0,59086,0,3812,2
mediterranean,2017-09,VIIRS-SNPP,23250,222386,9.6,23250,0,1550,2
mediterranean,2017-10,VIIRS-SNPP,30427,508426,16.7,30427,0,1963,2
mediterranean,2017-11,VIIRS-SNPP,10920,43365,4.0,10920,0,728,2
mediterranean,2017-12,VIIRS-SNPP,7084,21339,3.0,7084,0,457,2
mediterranean,2018-01,VIIRS-SNPP,11083,35352,3.2,11083,0,715,2
mediterranean,2018-02,VIIRS-SNPP,6020,25210,4.2,6020,0,430,2
mediterranean,2018-03,VIIRS-SNPP,11811,41655,3.5,11811,0,762,2
mediterranean,2018-04,VIIRS-SNPP,17820,70359,3.9,17820,0,1188,2
mediterranean,2018-05,VIIRS-SNPP,10695,45652,4.3,10695,0,690,2
mediterranean,2018-06,VIIRS-SNPP,13830,46593,3.4,13830,0,922,2
mediterranean,2018-07,VIIRS-SNPP,22630,127562,5.6,22630,0,1460,2
mediterranean,2018-08,VIIRS-SNPP,20553,120534,5.9,20553,0,1326,2
mediterranean,2018-09,VIIRS-SNPP,23040,110505,4.8,23040,0,1536,2
mediterranean,2018-10,VIIRS-SNPP,29140,150968,5.2,29140,0,1880,2
mediterranean,2018-11,VIIRS-SNPP,13545,51261,3.8,13545,0,903,2
mediterranean,2018-12,VIIRS-SNPP,9750,44801,4.6,9750,0,629,2
mediterranean,2019-01,VIIRS-SNPP,7998,30688,3.8,7998,0,516,2
mediterranean,2019-02,VIIRS-SNPP,14308,68758,4.8,14308,0,1022,2
mediterranean,2019-03,VIIRS-SNPP,20956,125446,6.0,20956,0,1352,2
mediterranean,2019-04,VIIRS-SNPP,11265,36697,3.3,11265,0,751,2
mediterranean,2019-05,VIIRS-SNPP,15624,58582,3.7,15624,0,1008,2
mediterranean,2019-06,VIIRS-SNPP,16065,64333,4.0,16065,0,1071,2
mediterranean,2019-07,VIIRS-SNPP,21995,156246,7.1,21995,0,1419,2
mediterranean,2019-08,VIIRS-SNPP,29667,181979,6.1,29667,0,1914,2
mediterranean,2019-09,VIIRS-SNPP,34830,231187,6.6,34830,0,2322,2
mediterranean,2019-10,VIIRS-SNPP,36534,210434,5.8,36534,0,2357,2
mediterranean,2019-11,VIIRS-SNPP,9405,48334,5.1,9405,0,627,2
mediterranean,2019-12,VIIRS-SNPP,9657,49888,5.2,9657,0,623,2
mediterranean,2020-01,VIIRS-SNPP,13222,103100,7.8,13222,0,853,2
mediterranean,2020-02,VIIRS-SNPP,14341,71534,5.0,14341,0,989,2
mediterranean,2020-03,VIIRS-SNPP,12292,60668,4.9,12292,0,793,2
mediterranean,2020-04,VIIRS-SNPP,48495,221058,4.6,48495,0,3233,2
mediterranean,2020-05,VIIRS-SNPP,11036,33677,3.1,11036,0,712,2
mediterranean,2020-06,VIIRS-SNPP,11220,36276,3.2,11220,8550,748,2
mediterranean,2020-07,VIIRS-SNPP,24289,176241,7.3,24289,13284,1567,2
mediterranean,2020-08,VIIRS-SNPP,32907,388283,11.8,32907,13594,2123,2
mediterranean,2020-09,VIIRS-SNPP,24150,132608,5.5,24150,11235,1610,2
mediterranean,2020-10,VIIRS-SNPP,23250,94742,4.1,23250,10819,1500,2
mediterranean,2020-11,VIIRS-SNPP,12375,48359,3.9,12375,7305,825,2
mediterranean,2020-12,VIIRS-SNPP,6743,35568,5.3,6743,5720,435,2
mediterranean,2021-01,VIIRS-SNPP,7177,23202,3.2,7177,5658,463,2
mediterranean,2021-02,VIIRS-SNPP,12348,216006,17.5,12348,9590,882,2
mediterranean,2021-03,VIIRS-SNPP,11362,92161,8.1,11362,5828,733,2
mediterranean,2021-04,VIIRS-SNPP,13200,56027,4.2,13200,9525,880,2
mediterranean,2021-05,VIIRS-SNPP,15283,57480,3.8,15283,11439,986,2
mediterranean,2021-06,VIIRS-SNPP,18060,83450,4.6,18060,12600,1204,2
mediterranean,2021-07,VIIRS-SNPP,23917,163069,6.8,23917,11920,1543,2
mediterranean,2021-08,VIIRS-SNPP,56916,582097,10.2,56916,29652,3672,2
mediterranean,2021-09,VIIRS-SNPP,15585,77430,5.0,15585,8130,1039,2
mediterranean,2021-10,VIIRS-SNPP,17050,70959,4.2,17050,9812,1100,2
mediterranean,2021-11,VIIRS-SNPP,9285,36971,4.0,9285,5070,619,2
mediterranean,2021-12,VIIRS-SNPP,7874,30214,3.8,7874,6727,508,2
mediterranean,2022-01,VIIRS-SNPP,9471,40207,4.2,9471,6712,611,2
mediterranean,2022-02,VIIRS-SNPP,13034,60581,4.6,13034,8680,931,2
mediterranean,2022-03,VIIRS-SNPP,30132,169689,5.6,30132,10122,1944,2
mediterranean,2022-04,VIIRS-SNPP,13620,40621,3.0,13620,9720,908,2
mediterranean,2022-05,VIIRS-SNPP,13082,37063,2.8,13082,10029,844,2
mediterranean,2022-06,VIIRS-SNPP,17250,183899,10.7,17250,12090,1150,2
mediterranean,2022-07,VIIRS-SNPP,28567,196569,6.9,28567,17391,1843,2
mediterranean,2022-08,VIIRS-SNPP,0,0,0.0,0,0,0,2
mediterranean,2022-09,VIIRS-SNPP,13965,119880,8.6,13965,7245,931,2
mediterranean,2022-10,VIIRS-SNPP,22646,104096,4.6,22646,11424,1461,2
mediterranean,2022-11,VIIRS-SNPP,10995,31761,2.9,10995,9060,733,2
mediterranean,2022-12,VIIRS-SNPP,7409,23288,3.1,7409,5921,478,2
mediterranean,2023-01,VIIRS-SNPP,8572,18382,2.1,8572,7378,553,2
mediterranean,2023-02,VIIRS-SNPP,11368,39605,3.5,11368,6244,812,2
mediterranean,2023-03,VIIRS-SNPP,10804,29008,2.7,10804,7084,697,2
mediterranean,2023-04,VIIRS-SNPP,11295,35748,3.2,11295,8385,753,2
mediterranean,2023-05,VIIRS-SNPP,10478,30873,2.9,10478,8324,676,2
mediterranean,2023-06,VIIRS-SNPP,11925,34025,2.9,11925,9240,795,2
mediterranean,2023-07,VIIRS-SNPP,28505,768472,27.0,28505,16074,1839,2
mediterranean,2023-08,VIIRS-SNPP,60435,1735182,28.7,60435,32333,3899,2
mediterranean,2023-09,VIIRS-SNPP,28560,200135,7.0,28560,14325,1904,2
mediterranean,2023-10,VIIRS-SNPP,26955,134725,5.0,26955,11424,1739,2
mediterranean,2023-11,VIIRS-SNPP,9990,35543,3.6,9990,6990,666,2
mediterranean,2023-12,VIIRS-SNPP,8773,22317,2.5,8773,7595,566,2
mediterranean,2024-01,VIIRS-SNPP,7611,20364,2.7,7611,6541,491,2
mediterranean,2024-02,VIIRS-SNPP,15153,68775,4.5,15153,7453,1045,2
mediterranean,2024-03,VIIRS-SNPP,12896,41210,3.2,12896,7115,832,2
mediterranean,2024-04,VIIRS-SNPP,17190,49593,2.9,17190,12030,1146,2
mediterranean,2024-05,VIIRS-SNPP,10711,34467,3.2,10711,8014,691,2
mediterranean,2024-06,VIIRS-SNPP,16410,78804,4.8,16410,10740,1094,2
mediterranean,2024-07,VIIRS-SNPP,25017,133853,5.4,25017,15330,1614,2
mediterranean,2024-08,VIIRS-SNPP,23142,174824,7.6,23142,12400,1493,2
mediterranean,2024-09,VIIRS-SNPP,22965,148254,6.5,22965,7980,1531,2
mediterranean,2024-10,VIIRS-SNPP,17407,74174,4.3,17407,8556,1123,2
mediterranean,2024-11,VIIRS-SNPP,6690,20448,3.1,6690,5400,446,2
mediterranean,2024-12,VIIRS-SNPP,7719,22030,2.9,7719,6727,498,2
mediterranean,2025-01,VIIRS-SNPP,7301,19353,2.7,7301,5906,471,2
mediterranean,2025-02,VIIRS-SNPP,10766,61092,5.7,10766,6244,769,2
mediterranean,2025-03,VIIRS-SNPP,24676,126332,5.1,24676,10881,1592,2
mediterranean,2025-04,VIIRS-SNPP,12825,40847,3.2,12825,8565,855,2
mediterranean,2025-05,VIIRS-SNPP,11982,42677,3.6,11982,9409,773,2
mediterranean,2025-06,VIIRS-SNPP,19320,95899,5.0,19320,12165,1288,2
mediterranean,2025-07,VIIRS-SNPP,41664,435424,10.5,41664,26366,2688,2
mediterranean,2025-08,VIIRS-SNPP,33806,407085,12.0,33806,19019,2181,2
mediterranean,2025-09,VIIRS-SNPP,24480,144207,5.9,24480,12675,1632,2
mediterranean,2025-10,VIIRS-SNPP,16647,70546,4.2,16647,9579,1074,2
mediterranean,2025-11,VIIRS-SNPP,9180,23201,2.5,9180,6660,612,2
mediterranean,2025-12,VIIRS-SNPP,7967,17233,2.2,7967,6960,514,2
mediterranean,2026-01,VIIRS-SNPP,4743,10061,2.1,4743,4325,306,2
mediterranean,2026-02,VIIRS-SNPP,8344,26011,3.1,8344,6622,596,2
mediterranean,2026-03,VIIRS-SNPP,12152,40983,3.4,12152,6743,784,2
mediterranean,2026-04,VIIRS-SNPP,16485,57846,3.5,16485,9975,1099,2
mediterranean,2026-05,VIIRS-SNPP,10959,29235,2.7,10959,8479,707,2
mediterranean,2026-06,VIIRS-SNPP,16500,179419,10.9,16500,9645,1100,2
mediterranean,2026-07,VIIRS-SNPP,60016,952873,15.9,60016,33046,3872,2
mediterranean,2020-01,VIIRS-NOAA20,14725,114593,7.8,14725,8153,950,2
mediterranean,2020-02,VIIRS-NOAA20,16530,77207,4.7,16530,9222,1140,2
mediterranean,2020-03,VIIRS-NOAA20,11904,53297,4.5,11904,7688,768,2
mediterranean,2020-04,VIIRS-NOAA20,41055,231243,5.6,41055,15435,2737,2
mediterranean,2020-05,VIIRS-NOAA20,13454,48667,3.6,13454,10013,868,2
mediterranean,2020-06,VIIRS-NOAA20,13155,41544,3.2,13155,9630,877,2
mediterranean,2020-07,VIIRS-NOAA20,23033,189749,8.2,23033,11811,1486,2
mediterranean,2020-08,VIIRS-NOAA20,26846,263528,9.8,26846,14415,1732,2
mediterranean,2020-09,VIIRS-NOAA20,21750,136842,6.3,21750,10275,1450,2
mediterranean,2020-10,VIIRS-NOAA20,20290,97112,4.8,20290,9595,1309,2
mediterranean,2020-11,VIIRS-NOAA20,12450,54305,4.4,12450,7485,830,2
mediterranean,2020-12,VIIRS-NOAA20,7440,36702,4.9,7440,6634,480,2
mediterranean,2021-01,VIIRS-NOAA20,7533,28542,3.8,7533,5983,486,2
mediterranean,2021-02,VIIRS-NOAA20,9786,41989,4.3,9786,6230,699,2
mediterranean,2021-03,VIIRS-NOAA20,13702,125652,9.2,13702,6479,884,2
mediterranean,2021-04,VIIRS-NOAA20,15525,60192,3.9,15525,11295,1035,2
mediterranean,2021-05,VIIRS-NOAA20,13175,60938,4.6,13175,9533,850,2
mediterranean,2021-06,VIIRS-NOAA20,18345,111586,6.1,18345,12570,1223,2
mediterranean,2021-07,VIIRS-NOAA20,29125,264529,9.1,29125,16399,1879,2
mediterranean,2021-08,VIIRS-NOAA20,56017,616658,11.0,56017,29729,3614,2
mediterranean,2021-09,VIIRS-NOAA20,16065,75000,4.7,16065,8355,1071,2
mediterranean,2021-10,VIIRS-NOAA20,17763,65033,3.7,17763,10184,1146,2
mediterranean,2021-11,VIIRS-NOAA20,10800,42579,3.9,10800,6930,720,2
mediterranean,2021-12,VIIRS-NOAA20,8076,27264,3.4,8076,6882,521,2
mediterranean,2022-01,VIIRS-NOAA20,8432,70110,8.3,8432,5193,544,2
mediterranean,2022-02,VIIRS-NOAA20,12810,61944,4.8,12810,7910,915,2
mediterranean,2022-03,VIIRS-NOAA20,26443,132967,5.0,26443,9719,1706,2
mediterranean,2022-04,VIIRS-NOAA20,12705,34682,2.7,12705,9420,847,2
mediterranean,2022-05,VIIRS-NOAA20,17267,48745,2.8,17267,13020,1114,2
mediterranean,2022-06,VIIRS-NOAA20,15585,131335,8.4,15585,10995,1039,2
mediterranean,2022-07,VIIRS-NOAA20,26614,182076,6.8,26614,16198,1717,2
mediterranean,2022-08,VIIRS-NOAA20,27947,249522,8.9,27947,17872,1803,2
mediterranean,2022-09,VIIRS-NOAA20,14085,99870,7.1,14085,7935,939,2
mediterranean,2022-10,VIIRS-NOAA20,21514,93897,4.4,21514,10106,1388,2
mediterranean,2022-11,VIIRS-NOAA20,10050,29195,2.9,10050,7620,670,2
mediterranean,2022-12,VIIRS-NOAA20,8587,28935,3.4,8587,6991,554,2
mediterranean,2023-01,VIIRS-NOAA20,8494,27864,3.3,8494,7053,548,2
mediterranean,2023-02,VIIRS-NOAA20,9254,34130,3.7,9254,5040,661,2
mediterranean,2023-03,VIIRS-NOAA20,13423,41354,3.1,13423,8897,866,2
mediterranean,2023-04,VIIRS-NOAA20,10140,33162,3.3,10140,7200,676,2
mediterranean,2023-05,VIIRS-NOAA20,10571,32785,3.1,10571,8355,682,2
mediterranean,2023-06,VIIRS-NOAA20,11520,39161,3.4,11520,8235,768,2
mediterranean,2023-07,VIIRS-NOAA20,27730,1000753,36.1,27730,14818,1789,2
mediterranean,2023-08,VIIRS-NOAA20,54343,1042681,19.2,54343,29745,3506,2
mediterranean,2023-09,VIIRS-NOAA20,28725,221742,7.7,28725,11505,1915,2
mediterranean,2023-10,VIIRS-NOAA20,27528,132130,4.8,27528,10633,1776,2
mediterranean,2023-11,VIIRS-NOAA20,11100,40266,3.6,11100,8595,740,2
mediterranean,2023-12,VIIRS-NOAA20,6665,21732,3.3,6665,5472,430,2
mediterranean,2024-01,VIIRS-NOAA20,6975,15883,2.3,6975,5983,450,2
mediterranean,2024-02,VIIRS-NOAA20,14587,56795,3.9,14587,7381,1006,2
mediterranean,2024-03,VIIRS-NOAA20,4712,14755,3.1,4712,3457,304,2
mediterranean,2024-04,VIIRS-NOAA20,14775,49859,3.4,14775,9120,985,2
mediterranean,2024-05,VIIRS-NOAA20,12152,35346,2.9,12152,9595,784,2
mediterranean,2024-06,VIIRS-NOAA20,15555,87613,5.6,15555,9945,1037,2
mediterranean,2024-07,VIIRS-NOAA20,19949,115364,5.8,19949,11858,1287,2
mediterranean,2024-08,VIIRS-NOAA20,20569,124668,6.1,20569,11889,1327,2
mediterranean,2024-09,VIIRS-NOAA20,21585,120939,5.6,21585,9570,1439,2
mediterranean,2024-10,VIIRS-NOAA20,16570,65163,3.9,16570,9316,1069,2
mediterranean,2024-11,VIIRS-NOAA20,14010,45804,3.3,14010,9555,934,2
mediterranean,2024-12,VIIRS-NOAA20,7750,24500,3.2,7750,6216,500,2
mediterranean,2025-01,VIIRS-NOAA20,8680,23246,2.7,8680,6743,560,2
mediterranean,2025-02,VIIRS-NOAA20,9212,55201,6.0,9212,5796,658,2
mediterranean,2025-03,VIIRS-NOAA20,24831,135046,5.4,24831,11439,1602,2
mediterranean,2025-04,VIIRS-NOAA20,14340,50007,3.5,14340,9090,956,2
mediterranean,2025-05,VIIRS-NOAA20,13237,43898,3.3,13237,10261,854,2
mediterranean,2025-06,VIIRS-NOAA20,17415,103410,5.9,17415,10425,1161,2
mediterranean,2025-07,VIIRS-NOAA20,36844,418221,11.4,36844,20848,2377,2
mediterranean,2025-08,VIIRS-NOAA20,35650,395224,11.1,35650,21142,2300,2
mediterranean,2025-09,VIIRS-NOAA20,23205,199481,8.6,23205,10845,1547,2
mediterranean,2025-10,VIIRS-NOAA20,15268,62140,4.1,15268,8866,985,2
mediterranean,2025-11,VIIRS-NOAA20,8790,21212,2.4,8790,6645,586,2
mediterranean,2025-12,VIIRS-NOAA20,6944,16196,2.3,6944,6340,448,2
siberia,2000-11,MODIS-Terra,0,0,0.0,0,0,0,2
siberia,2000-12,MODIS-Terra,0,0,0.0,0,0,0,2
siberia,2001-01,MODIS-Terra,0,0,0.0,0,0,0,2
siberia,2001-02,MODIS-Terra,0,0,0.0,0,0,0,2
siberia,2001-03,MODIS-Terra,31,507,16.4,0,0,2,2
siberia,2001-04,MODIS-Terra,11760,669520,56.9,2925,795,784,2
siberia,2001-05,MODIS-Terra,2031,43567,21.5,186,78,131,2
siberia,2001-06,MODIS-Terra,1230,85036,69.1,510,105,82,2
siberia,2001-07,MODIS-Terra,17205,860425,50.0,6076,6479,1110,2
siberia,2001-08,MODIS-Terra,2883,115170,39.9,372,682,186,2
siberia,2001-09,MODIS-Terra,225,8769,39.0,30,0,15,2
siberia,2001-10,MODIS-Terra,326,9227,28.3,62,124,21,2
siberia,2001-11,MODIS-Terra,270,4502,16.7,30,0,18,2
siberia,2001-12,MODIS-Terra,0,0,0.0,0,0,0,2
siberia,2002-01,MODIS-Terra,0,0,0.0,0,0,0,2
siberia,2002-02,MODIS-Terra,0,0,0.0,0,0,0,2
siberia,2002-03,MODIS-Terra,155,3470,22.4,31,0,10,2
siberia,2002-04,MODIS-Terra,3975,258460,65.0,1425,60,265,2
siberia,2002-05,MODIS-Terra,13764,609937,44.3,5425,1721,888,2
siberia,2002-06,MODIS-Terra,16275,1117363,68.7,6855,5130,1085,2
siberia,2002-07,MODIS-Terra,19794,763056,38.6,6293,9967,1277,2
siberia,2002-08,MODIS-Terra,61117,2137800,35.0,21344,32597,3943,2
siberia,2002-09,MODIS-Terra,8550,304066,35.6,2145,2295,570,2
siberia,2002-10,MODIS-Terra,4402,184417,41.9,992,930,284,2
siberia,2002-11,MODIS-Terra,240,22617,94.2,30,0,16,2
siberia,2002-12,MODIS-Terra,0,0,0.0,0,0,0,2
siberia,2003-01,MODIS-Terra,0,0,0.0,0,0,0,2
siberia,2003-02,MODIS-Terra,14,424,30.3,0,0,1,2
siberia,2003-03,MODIS-Terra,8401,355612,42.3,2031,295,542,2
siberia,2003-04,MODIS-Terra,38655,1621380,41.9,11760,2370,2577,2
siberia,2003-05,MODIS-Terra,108500,6140956,56.6,39556,20336,7000,2
siberia,2003-06,MODIS-Terra,29655,1594449,53.8,10800,13740,1977,2
siberia,2003-07,MODIS-Terra,39711,2167461,54.6,16322,18600,2562,2
siberia,2003-08,MODIS-Terra,6650,248518,37.4,2217,2480,429,2
siberia,2003-09,MODIS-Terra,870,22832,26.2,165,210,58,2
siberia,2003-10,MODIS-Terra,217,4362,20.1,31,0,14,2
siberia,2003-11,MODIS-Terra,0,0,0.0,0,0,0,2
siberia,2003-12,MODIS-Terra,0,0,0.0,0,0,0,2
siberia,2004-01,MODIS-Terra,0,0,0.0,0,0,0,2
siberia,2004-02,MODIS-Terra,0,0,0.0,0,0,0,2
siberia,2004-03,MODIS-Terra,0,0,0.0,0,0,0,2
siberia,2004-04,MODIS-Terra,885,20214,22.8,90,0,59,2
siberia,2004-05,MODIS-Terra,744,20497,27.5,140,171,48,2
siberia,2004-06,MODIS-Terra,840,21158,25.2,240,345,56,2
siberia,2004-07,MODIS-Terra,1798,77440,43.1,744,806,116,2
siberia,2004-08,MODIS-Terra,558,13764,24.7,233,62,36,2
siberia,2004-09,MODIS-Terra,390,6093,15.6,15,0,26,2
siberia,2004-10,MODIS-Terra,202,3263,16.2,16,0,13,2
siberia,2004-11,MODIS-Terra,0,0,0.0,0,0,0,2
siberia,2004-12,MODIS-Terra,0,0,0.0,0,0,0,2
siberia,2005-01,MODIS-Terra,0,0,0.0,0,0,0,2
siberia,2005-02,MODIS-Terra,0,0,0.0,0,0,0,2
siberia,2005-03,MODIS-Terra,310,6713,21.7,16,0,20,2
siberia,2005-04,MODIS-Terra,1485,93954,63.3,330,0,99,2
siberia,2005-05,MODIS-Terra,9347,463758,49.6,2356,1054,603,2
siberia,2005-06,MODIS-Terra,285,8164,28.6,90,180,19,2
siberia,2005-07,MODIS-Terra,32519,2926614,90.0,15345,11889,2098,2
siberia,2005-08,MODIS-Terra,1457,25414,17.4,295,155,94,2
siberia,2005-09,MODIS-Terra,1125,17568,15.6,120,75,75,2
siberia,2005-10,MODIS-Terra,7812,346478,44.4,2325,1891,504,2
siberia,2005-11,MODIS-Terra,0,0,0.0,0,0,0,2
siberia,2005-12,MODIS-Terra,0,0,0.0,0,0,0,2
siberia,2006-01,MODIS-Terra,0,0,0.0,0,0,0,2
siberia,2006-02,MODIS-Terra,0,0,0.0,0,0,0,2
siberia,2006-03,MODIS-Terra,78,1257,16.2,0,0,5,2
siberia,2006-04,MODIS-Terra,510,19566,38.4,90,0,34,2
siberia,2006-05,MODIS-Terra,22336,2996232,134.1,10184,4464,1441,2
siberia,2006-06,MODIS-Terra,2160,64248,29.7,690,930,144,2
siberia,2006-07,MODIS-Terra,63008,2586823,41.1,25203,34038,4065,2
siberia,2006-08,MODIS-Terra,1287,78796,61.2,419,450,83,2
siberia,2006-09,MODIS-Terra,570,15143,26.6,75,15,38,2
siberia,2006-10,MODIS-Terra,1891,118570,62.7,419,140,122,2
siberia,2006-11,MODIS-Terra,30,1568,52.3,30,30,2,2
siberia,2006-12,MODIS-Terra,0,0,0.0,0,0,0,2
siberia,2007-01,MODIS-Terra,0,0,0.0,0,0,0,2
siberia,2007-02,MODIS-Terra,0,0,0.0,0,0,0,2
siberia,2007-03,MODIS-Terra,171,1986,11.6,31,0,11,2
siberia,2007-04,MODIS-Terra,14790,371154,25.1,3060,135,986,2
siberia,2007-05,MODIS-Terra,12230,878819,71.9,4418,1891,789,2
siberia,2007-06,MODIS-Terra,3060,172712,56.4,1290,1140,204,2
siberia,2007-07,MODIS-Terra,1674,62034,37.1,574,791,108,2
siberia,2007-08,MODIS-Terra,1318,50677,38.5,403,264,85,2
siberia,2007-09,MODIS-Terra,4095,147004,35.9,1185,1095,273,2
siberia,2007-10,MODIS-Terra,2403,103380,43.0,620,326,155,2
siberia,2007-11,MODIS-Terra,0,0,0.0,0,0,0,2
siberia,2007-12,MODIS-Terra,0,0,0.0,0,0,0,2
siberia,2008-01,MODIS-Terra,0,0,0.0,0,0,0,2
siberia,2008-02,MODIS-Terra,0,0,0.0,0,0,0,2
siberia,2008-03,MODIS-Terra,2356,93171,39.5,760,744,152,2
siberia,2008-04,MODIS-Terra,18045,588942,32.6,5205,240,1203,2
siberia,2008-05,MODIS-Terra,3131,104372,33.3,775,171,202,2
siberia,2008-06,MODIS-Terra,17835,578352,32.4,5745,6795,1189,2
siberia,2008-07,MODIS-Terra,18724,830397,44.3,6743,8897,1208,2
siberia,2008-08,MODIS-Terra,124,1907,15.4,16,31,8,2
siberia,2008-09,MODIS-Terra,240,6059,25.2,30,0,16,2
siberia,2008-10,MODIS-Terra,0,0,0.0,0,0,0,2
siberia,2008-11,MODIS-Terra,30,1484,49.5,0,0,2,2
siberia,2008-12,MODIS-Terra,0,0,0.0,0,0,0,2
siberia,2009-01,MODIS-Terra,0,0,0.0,0,0,0,2
siberia,2009-02,MODIS-Terra,0,0,0.0,0,0,0,2
siberia,2009-03,MODIS-Terra,31,2108,68.0,0,0,2,2
siberia,2009-04,MODIS-Terra,8025,390688,48.7,2790,105,535,2
siberia,2009-05,MODIS-Terra,13470,809167,60.1,6169,2930,869,2
siberia,2009-06,MODIS-Terra,1560,44521,28.5,345,510,104,2
siberia,2009-07,MODIS-Terra,14059,553590,39.4,3813,4759,907,2
siberia,2009-08,MODIS-Terra,2527,77179,30.5,822,977,163,2
siberia,2009-09,MODIS-Terra,1425,71056,49.9,270,255,95,2
siberia,2009-10,MODIS-Terra,310,7158,23.1,31,16,20,2
siberia,2009-11,MODIS-Terra,0,0,0.0,0,0,0,2
siberia,2009-12,MODIS-Terra,0,0,0.0,0,0,0,2
siberia,2010-01,MODIS-Terra,0,0,0.0,0,0,0,2
siberia,2010-02,MODIS-Terra,0,0,0.0,0,0,0,2
siberia,2010-03,MODIS-Terra,0,0,0.0,0,0,0,2
siberia,2010-04,MODIS-Terra,5430,213389,39.3,930,180,362,2
siberia,2010-05,MODIS-Terra,2806,101565,36.2,605,589,181,2
siberia,2010-06,MODIS-Terra,1875,66693,35.6,660,735,125,2
siberia,2010-07,MODIS-Terra,3875,220759,57.0,1690,977,250,2
siberia,2010-08,MODIS-Terra,1860,82248,44.2,574,109,120,2
siberia,2010-09,MODIS-Terra,300,4235,14.1,45,30,20,2
siberia,2010-10,MODIS-Terra,233,14568,62.7,0,0,15,2
siberia,2010-11,MODIS-Terra,60,953,15.9,0,0,4,2
siberia,2010-12,MODIS-Terra,0,0,0.0,0,0,0,2
siberia,2011-01,MODIS-Terra,0,0,0.0,0,0,0,2
siberia,2011-02,MODIS-Terra,0,0,0.0,0,0,0,2
siberia,2011-03,MODIS-Terra,0,0,0.0,0,0,0,2
siberia,2011-04,MODIS-Terra,4815,198836,41.3,1980,2385,321,2
siberia,2011-05,MODIS-Terra,26304,961724,36.6,8634,7316,1697,2
siberia,2011-06,MODIS-Terra,9420,465558,49.4,3540,3225,628,2
siberia,2011-07,MODIS-Terra,20584,762560,37.0,6464,8556,1328,2
siberia,2011-08,MODIS-Terra,8959,330502,36.9,2077,3937,578,2
siberia,2011-09,MODIS-Terra,1890,61380,32.5,390,450,126,2
siberia,2011-10,MODIS-Terra,4821,367291,76.2,2217,884,311,2
siberia,2011-11,MODIS-Terra,135,18599,137.8,45,60,9,2
siberia,2011-12,MODIS-Terra,0,0,0.0,0,0,0,2
siberia,2012-01,MODIS-Terra,0,0,0.0,0,0,0,2
siberia,2012-02,MODIS-Terra,0,0,0.0,0,0,0,2
siberia,2012-03,MODIS-Terra,186,3714,20.0,0,0,12,2
siberia,2012-04,MODIS-Terra,4620,227582,49.3,1545,255,308,2
siberia,2012-05,MODIS-Terra,33217,2489708,75.0,14927,7022,2143,2
siberia,2012-06,MODIS-Terra,18075,914408,50.6,7980,8505,1205,2
siberia,2012-07,MODIS-Terra,19763,688643,34.8,7099,9967,1275,2
siberia,2012-08,MODIS-Terra,11098,425050,38.3,3255,5472,716,2
siberia,2012-09,MODIS-Terra,3360,120366,35.8,435,240,224,2
siberia,2012-10,MODIS-Terra,713,22556,31.6,78,62,46,2
siberia,2012-11,MODIS-Terra,0,0,0.0,0,0,0,2
siberia,2012-12,MODIS-Terra,0,0,0.0,0,0,0,2
siberia,2013-01,MODIS-Terra,0,0,0.0,0,0,0,2
siberia,2013-02,MODIS-Terra,0,0,0.0,0,0,0,2
siberia,2013-03,MODIS-Terra,0,0,0.0,0,0,0,2
siberia,2013-04,MODIS-Terra,3330,80130,24.1,1125,15,222,2
siberia,2013-05,MODIS-Terra,1845,40308,21.9,434,124,119,2
siberia,2013-06,MODIS-Terra,28170,2350932,83.5,13335,12540,1878,2
siberia,2013-07,MODIS-Terra,6913,707989,102.4,3178,2403,446,2
siberia,2013-08,MODIS-Terra,26025,1284871,49.4,8494,12121,1679,2
siberia,2013-09,MODIS-Terra,525,15018,28.6,30,0,35,2
siberia,2013-10,MODIS-Terra,450,10032,22.3,78,62,29,2
siberia,2013-11,MODIS-Terra,0,0,0.0,0,0,0,2
siberia,2013-12,MODIS-Terra,0,0,0.0,0,0,0,2
siberia,2014-01,MODIS-Terra,0,0,0.0,0,0,0,2
siberia,2014-02,MODIS-Terra,0,0,0.0,0,0,0,2
siberia,2014-03,MODIS-Terra,1736,104098,60.0,465,372,112,2
siberia,2014-04,MODIS-Terra,11925,672594,56.4,4020,3330,795,2
siberia,2014-05,MODIS-Terra,3674,137282,37.4,884,1426,237,2
siberia,2014-06,MODIS-Terra,6480,356552,55.0,2370,2970,432,2
siberia,2014-07,MODIS-Terra,89885,7637574,85.0,46128,33775,5799,2
siberia,2014-08,MODIS-Terra,12757,765959,60.0,3984,4526,823,2
siberia,2014-09,MODIS-Terra,2565,73551,28.7,750,600,171,2
siberia,2014-10,MODIS-Terra,791,36451,46.1,186,357,51,2
siberia,2014-11,MODIS-Terra,15,278,18.5,0,0,1,2
siberia,2014-12,MODIS-Terra,0,0,0.0,0,0,0,2
siberia,2015-01,MODIS-Terra,0,0,0.0,0,0,0,2
siberia,2015-02,MODIS-Terra,0,0,0.0,0,0,0,2
siberia,2015-03,MODIS-Terra,636,31144,49.0,78,0,41,2
siberia,2015-04,MODIS-Terra,3195,214503,67.1,1320,0,213,2
siberia,2015-05,MODIS-Terra,11594,516229,44.5,5069,3705,748,2
siberia,2015-06,MODIS-Terra,6585,448422,68.1,2760,1725,439,2
siberia,2015-07,MODIS-Terra,15810,661697,41.9,5580,7890,1020,2
siberia,2015-08,MODIS-Terra,67177,5333545,79.4,36472,36503,4334,2
siberia,2015-09,MODIS-Terra,2580,97740,37.9,555,285,172,2
siberia,2015-10,MODIS-Terra,1132,43908,38.8,155,295,73,2
siberia,2015-11,MODIS-Terra,75,1004,13.4,0,15,5,2
siberia,2015-12,MODIS-Terra,0,0,0.0,0,0,0,2
siberia,2016-01,MODIS-Terra,0,0,0.0,0,0,0,2
siberia,2016-02,MODIS-Terra,0,0,0.0,0,0,0,2
siberia,2016-03,MODIS-Terra,543,33531,61.8,124,62,35,2
siberia,2016-04,MODIS-Terra,1560,73245,47.0,345,0,104,2
siberia,2016-05,MODIS-Terra,35015,2460515,70.3,15469,9564,2259,2
siberia,2016-06,MODIS-Terra,7200,308528,42.9,2850,3375,480,2
siberia,2016-07,MODIS-Terra,55242,2952950,53.5,25420,27435,3564,2
siberia,2016-08,MODIS-Terra,2186,103878,47.5,450,295,141,2
siberia,2016-09,MODIS-Terra,8895,228982,25.7,2085,4320,593,2
siberia,2016-10,MODIS-Terra,202,20869,103.6,47,16,13,2
siberia,2016-11,MODIS-Terra,45,575,12.8,0,0,3,2
siberia,2016-12,MODIS-Terra,0,0,0.0,0,0,0,2
siberia,2017-01,MODIS-Terra,0,0,0.0,0,0,0,2
siberia,2017-02,MODIS-Terra,0,0,0.0,0,0,0,2
siberia,2017-03,MODIS-Terra,2542,138418,54.5,698,171,164,2
siberia,2017-04,MODIS-Terra,885,33173,37.5,180,240,59,2
siberia,2017-05,MODIS-Terra,1783,90114,50.6,558,186,115,2
siberia,2017-06,MODIS-Terra,28425,3663296,128.9,14535,12810,1895,2
siberia,2017-07,MODIS-Terra,23374,978267,41.9,8231,9703,1508,2
siberia,2017-08,MODIS-Terra,76074,5465895,71.8,34984,44253,4908,2
siberia,2017-09,MODIS-Terra,855,15657,18.3,225,225,57,2
siberia,2017-10,MODIS-Terra,78,1922,24.8,31,31,5,2
siberia,2017-11,MODIS-Terra,270,18977,70.3,75,0,18,2
siberia,2017-12,MODIS-Terra,0,0,0.0,0,0,0,2
siberia,2018-01,MODIS-Terra,0,0,0.0,0,0,0,2
siberia,2018-02,MODIS-Terra,0,0,0.0,0,0,0,2
siberia,2018-03,MODIS-Terra,1674,43842,26.2,372,78,108,2
siberia,2018-04,MODIS-Terra,6570,292423,44.5,2460,1290,438,2
siberia,2018-05,MODIS-Terra,19065,1145580,60.1,9827,5906,1230,2
siberia,2018-06,MODIS-Terra,4275,145701,34.1,1125,1455,285,2
siberia,2018-07,MODIS-Terra,17965,1296668,72.2,8634,8494,1159,2
siberia,2018-08,MODIS-Terra,15857,893707,56.4,5301,6851,1023,2
siberia,2018-09,MODIS-Terra,2355,79661,33.8,525,660,157,2
siberia,2018-10,MODIS-Terra,1116,92828,83.2,512,248,72,2
siberia,2018-11,MODIS-Terra,210,15003,71.4,75,0,14,2
siberia,2018-12,MODIS-Terra,0,0,0.0,0,0,0,2
siberia,2019-01,MODIS-Terra,0,0,0.0,0,0,0,2
siberia,2019-02,MODIS-Terra,56,3004,53.6,28,0,4,2
siberia,2019-03,MODIS-Terra,558,28111,50.4,171,78,36,2
siberia,2019-04,MODIS-Terra,1860,81542,43.8,435,75,124,2
siberia,2019-05,MODIS-Terra,7208,409070,56.8,3178,3612,465,2
siberia,2019-06,MODIS-Terra,12180,619777,50.9,4590,1845,812,2
siberia,2019-07,MODIS-Terra,87544,5287160,60.4,39417,46764,5648,2
siberia,2019-08,MODIS-Terra,50995,2116699,41.5,17934,29590,3290,2
siberia,2019-09,MODIS-Terra,675,23356,34.6,225,330,45,2
siberia,2019-10,MODIS-Terra,2093,208233,99.5,465,16,135,2
siberia,2019-11,MODIS-Terra,75,2154,28.7,15,0,5,2
siberia,2019-12,MODIS-Terra,0,0,0.0,0,0,0,2
siberia,2020-01,MODIS-Terra,0,0,0.0,0,0,0,2
siberia,2020-02,MODIS-Terra,0,0,0.0,0,0,0,2
siberia,2020-03,MODIS-Terra,1922,138316,72.0,496,47,124,2
siberia,2020-04,MODIS-Terra,5580,174326,31.2,1665,540,372,2
siberia,2020-05,MODIS-Terra,3038,151657,49.9,1101,760,196,2
siberia,2020-06,MODIS-Terra,9945,548494,55.2,3705,2895,663,2
siberia,2020-07,MODIS-Terra,20491,1009081,49.2,8231,9207,1322,2
siberia,2020-08,MODIS-Terra,35263,1163554,33.0,10726,16973,2275,2
siberia,2020-09,MODIS-Terra,13065,528312,40.4,4440,6825,871,2
siberia,2020-10,MODIS-Terra,992,45283,45.6,248,357,64,2
siberia,2020-11,MODIS-Terra,45,1301,28.9,15,45,3,2
siberia,2020-12,MODIS-Terra,0,0,0.0,0,0,0,2
siberia,2021-01,MODIS-Terra,0,0,0.0,0,0,0,2
siberia,2021-02,MODIS-Terra,14,0,0.0,14,14,1,2
siberia,2021-03,MODIS-Terra,589,8663,14.7,47,0,38,2
siberia,2021-04,MODIS-Terra,2640,70040,26.5,375,150,176,2
siberia,2021-05,MODIS-Terra,884,25670,29.1,279,372,57,2
siberia,2021-06,MODIS-Terra,7440,284983,38.3,2985,3510,496,2
siberia,2021-07,MODIS-Terra,95511,10504046,110.0,50639,45617,6162,2
siberia,2021-08,MODIS-Terra,164920,14321341,86.8,89218,66666,10640,2
siberia,2021-09,MODIS-Terra,10455,679580,65.0,4125,3510,697,2
siberia,2021-10,MODIS-Terra,1690,81648,48.3,589,465,109,2
siberia,2021-11,MODIS-Terra,0,0,0.0,0,0,0,2
siberia,2021-12,MODIS-Terra,0,0,0.0,0,0,0,2
siberia,2022-01,MODIS-Terra,0,0,0.0,0,0,0,2
siberia,2022-02,MODIS-Terra,14,0,0.0,14,14,1,2
siberia,2022-03,MODIS-Terra,1380,57543,41.7,419,0,89,2
siberia,2022-04,MODIS-Terra,1665,76338,45.8,540,225,111,2
siberia,2022-05,MODIS-Terra,2666,152851,57.3,1070,589,172,2
siberia,2022-06,MODIS-Terra,4080,279383,68.5,1860,825,272,2
siberia,2022-07,MODIS-Terra,26009,1093931,42.1,10881,12788,1678,2
siberia,2022-08,MODIS-Terra,3782,252083,66.7,1752,2124,244,2
siberia,2022-09,MODIS-Terra,195,3048,15.6,30,30,13,2
siberia,2022-10,MODIS-Terra,512,51219,100.1,217,372,33,2
siberia,2022-11,MODIS-Terra,45,2385,53.0,15,0,3,2
siberia,2022-12,MODIS-Terra,0,0,0.0,0,0,0,2
siberia,2023-01,MODIS-Terra,0,0,0.0,0,0,0,2
siberia,2023-02,MODIS-Terra,0,0,0.0,0,0,0,2
siberia,2023-03,MODIS-Terra,62,1239,20.0,16,31,4,2
siberia,2023-04,MODIS-Terra,1380,75606,54.8,450,210,92,2
siberia,2023-05,MODIS-Terra,3798,296428,78.1,1643,1132,245,2
siberia,2023-06,MODIS-Terra,1575,53938,34.2,495,270,105,2
siberia,2023-07,MODIS-Terra,10525,428724,40.7,4464,6247,679,2
siberia,2023-08,MODIS-Terra,24351,927830,38.1,9114,14586,1571,2
siberia,2023-09,MODIS-Terra,540,12125,22.5,150,165,36,2
siberia,2023-10,MODIS-Terra,884,32035,36.3,248,388,57,2
siberia,2023-11,MODIS-Terra,0,0,0.0,0,0,0,2
siberia,2023-12,MODIS-Terra,0,0,0.0,0,0,0,2
siberia,2024-01,MODIS-Terra,0,0,0.0,0,0,0,2
siberia,2024-02,MODIS-Terra,0,0,0.0,0,0,0,2
siberia,2024-03,MODIS-Terra,682,10490,15.4,93,0,44,2
siberia,2024-04,MODIS-Terra,1905,66947,35.1,585,465,127,2
siberia,2024-05,MODIS-Terra,4495,186936,41.6,1473,1240,290,2
siberia,2024-06,MODIS-Terra,16035,691553,43.1,6000,2700,1069,2
siberia,2024-07,MODIS-Terra,108485,6716848,61.9,52034,32845,6999,2
siberia,2024-08,MODIS-Terra,33294,1400432,42.1,11904,11424,2148,2
siberia,2024-09,MODIS-Terra,4875,228751,46.9,1470,2385,325,2
siberia,2024-10,MODIS-Terra,3100,213689,68.9,822,419,200,2
siberia,2024-11,MODIS-Terra,30,168,5.6,15,15,2,2
siberia,2024-12,MODIS-Terra,0,0,0.0,0,0,0,2
siberia,2025-01,MODIS-Terra,0,0,0.0,0,0,0,2
siberia,2025-02,MODIS-Terra,0,0,0.0,0,0,0,2
siberia,2025-03,MODIS-Terra,372,8355,22.5,155,124,24,2
siberia,2025-04,MODIS-Terra,1470,68090,46.3,450,270,98,2
siberia,2025-05,MODIS-Terra,25808,1413329,54.8,9750,10726,1665,2
siberia,2025-06,MODIS-Terra,7260,418044,57.6,2625,2340,484,2
siberia,2025-07,MODIS-Terra,2170,67428,31.1,496,78,140,2
siberia,2025-08,MODIS-Terra,2465,73325,29.8,760,977,159,2
siberia,2025-09,MODIS-Terra,645,22446,34.8,225,255,43,2
siberia,2025-10,MODIS-Terra,558,24785,44.4,155,109,36,2
siberia,2025-11,MODIS-Terra,0,0,0.0,0,0,0,2
siberia,2025-12,MODIS-Terra,0,0,0.0,0,0,0,2
siberia,2026-01,MODIS-Terra,0,0,0.0,0,0,0,2
siberia,2026-02,MODIS-Terra,0,0,0.0,0,0,0,2
siberia,2026-03,MODIS-Terra,0,0,0.0,0,0,0,2
siberia,2026-04,MODIS-Terra,285,4561,16.0,135,105,19,2
siberia,2026-05,MODIS-Terra,3379,105991,31.4,899,481,218,2
siberia,2026-06,MODIS-Terra,4065,146907,36.1,1185,195,271,2
siberia,2026-07,MODIS-Terra,3844,212314,55.2,1302,186,248,2
siberia,2026-08,MODIS-Terra,32287,1669999,51.7,12090,2124,2083,2
siberia,2026-09,MODIS-Terra,2025,112791,55.7,885,1170,135,2
siberia,2012-01,VIIRS-SNPP,109,989,9.1,109,0,7,2
siberia,2012-02,VIIRS-SNPP,421,3116,7.4,421,0,29,2
siberia,2012-03,VIIRS-SNPP,2666,24019,9.0,2666,0,172,2
siberia,2012-04,VIIRS-SNPP,43440,520794,12.0,43440,0,2896,2
siberia,2012-05,VIIRS-SNPP,263097,3971977,15.1,263097,0,16974,2
siberia,2012-06,VIIRS-SNPP,88185,544687,6.2,88185,0,5879,2
siberia,2012-07,VIIRS-SNPP,130696,1000244,7.7,130696,0,8432,2
siberia,2012-08,VIIRS-SNPP,131564,675964,5.1,131564,0,8488,2
siberia,2012-09,VIIRS-SNPP,22545,171895,7.6,22545,0,1503,2
siberia,2012-10,VIIRS-SNPP,5518,56919,10.3,5518,0,356,2
siberia,2012-11,VIIRS-SNPP,180,1997,11.1,180,0,12,2
siberia,2012-12,VIIRS-SNPP,341,4495,13.2,341,0,22,2
siberia,2013-01,VIIRS-SNPP,543,7710,14.2,543,0,35,2
siberia,2013-02,VIIRS-SNPP,476,6602,13.9,476,0,34,2
siberia,2013-03,VIIRS-SNPP,791,8045,10.2,791,0,51,2
siberia,2013-04,VIIRS-SNPP,19725,240007,12.2,19725,0,1315,2
siberia,2013-05,VIIRS-SNPP,11253,78672,7.0,11253,0,726,2
siberia,2013-06,VIIRS-SNPP,141060,2054025,14.6,141060,0,9404,2
siberia,2013-07,VIIRS-SNPP,59319,777416,13.1,59319,0,3827,2
siberia,2013-08,VIIRS-SNPP,221077,2060637,9.3,221077,0,14263,2
siberia,2013-09,VIIRS-SNPP,3180,20874,6.6,3180,0,212,2
siberia,2013-10,VIIRS-SNPP,6107,63294,10.4,6107,0,394,2
siberia,2013-11,VIIRS-SNPP,135,710,5.3,135,0,9,2
siberia,2013-12,VIIRS-SNPP,341,4284,12.6,341,0,22,2
siberia,2014-01,VIIRS-SNPP,698,8007,11.5,698,0,45,2
siberia,2014-02,VIIRS-SNPP,882,6055,6.9,882,0,63,2
siberia,2014-03,VIIRS-SNPP,19081,181144,9.5,19081,0,1231,2
siberia,2014-04,VIIRS-SNPP,92355,990426,10.7,92355,0,6157,2
siberia,2014-05,VIIRS-SNPP,33263,222991,6.7,33263,0,2146,2
siberia,2014-06,VIIRS-SNPP,41400,348172,8.4,41400,0,2760,2
siberia,2014-07,VIIRS-SNPP,545879,8758766,16.0,545879,0,35218,2
siberia,2014-08,VIIRS-SNPP,77330,1195059,15.5,77330,0,4989,2
siberia,2014-09,VIIRS-SNPP,15810,144860,9.2,15810,0,1054,2
siberia,2014-10,VIIRS-SNPP,7688,78168,10.2,7688,0,496,2
siberia,2014-11,VIIRS-SNPP,2025,27995,13.8,2025,0,135,2
siberia,2014-12,VIIRS-SNPP,527,5489,10.4,527,0,34,2
siberia,2015-01,VIIRS-SNPP,512,5526,10.8,512,0,33,2
siberia,2015-02,VIIRS-SNPP,378,2943,7.8,378,0,27,2
siberia,2015-03,VIIRS-SNPP,9083,101091,11.1,9083,0,586,2
siberia,2015-04,VIIRS-SNPP,27090,347259,12.8,27090,0,1806,2
siberia,2015-05,VIIRS-SNPP,92241,1122648,12.2,92241,0,5951,2
siberia,2015-06,VIIRS-SNPP,46995,510228,10.9,46995,0,3133,2
siberia,2015-07,VIIRS-SNPP,137687,1167463,8.5,137687,0,8883,2
siberia,2015-08,VIIRS-SNPP,564433,7913000,14.0,564433,0,36415,2
siberia,2015-09,VIIRS-SNPP,19455,227889,11.7,19455,0,1297,2
siberia,2015-10,VIIRS-SNPP,19918,192113,9.6,19918,0,1285,2
siberia,2015-11,VIIRS-SNPP,2010,17821,8.9,2010,0,134,2
siberia,2015-12,VIIRS-SNPP,1225,10476,8.6,1225,0,79,2
siberia,2016-01,VIIRS-SNPP,992,8479,8.5,992,0,64,2
siberia,2016-02,VIIRS-SNPP,812,7697,9.5,812,0,56,2
siberia,2016-03,VIIRS-SNPP,5813,56387,9.7,5813,0,375,2
siberia,2016-04,VIIRS-SNPP,16650,269765,16.2,16650,0,1110,2
siberia,2016-05,VIIRS-SNPP,250651,2860807,11.4,250651,0,16171,2
siberia,2016-06,VIIRS-SNPP,50760,497328,9.8,50760,0,3384,2
siberia,2016-07,VIIRS-SNPP,362778,4130933,11.4,362778,0,23405,2
siberia,2016-08,VIIRS-SNPP,13609,129541,9.5,13609,0,878,2
siberia,2016-09,VIIRS-SNPP,75675,454275,6.0,75675,0,5045,2
siberia,2016-10,VIIRS-SNPP,4077,47073,11.5,4077,0,263,2
siberia,2016-11,VIIRS-SNPP,1095,12115,11.1,1095,0,73,2
siberia,2016-12,VIIRS-SNPP,1628,16932,10.4,1628,0,105,2
siberia,2017-01,VIIRS-SNPP,1008,11470,11.4,1008,0,65,2
siberia,2017-02,VIIRS-SNPP,350,2113,6.0,350,0,25,2
siberia,2017-03,VIIRS-SNPP,24986,366866,14.7,24986,0,1612,2
siberia,2017-04,VIIRS-SNPP,9105,134274,14.7,9105,0,607,2
siberia,2017-05,VIIRS-SNPP,11858,89681,7.6,11858,0,765,2
siberia,2017-06,VIIRS-SNPP,201885,3639718,18.0,201885,0,13459,2
siberia,2017-07,VIIRS-SNPP,187442,1566215,8.4,187442,0,12093,2
siberia,2017-08,VIIRS-SNPP,644382,6026930,9.4,644382,0,41573,2
siberia,2017-09,VIIRS-SNPP,4710,37837,8.0,4710,0,314,2
siberia,2017-10,VIIRS-SNPP,1504,9116,6.1,1504,0,97,2
siberia,2017-11,VIIRS-SNPP,3585,45873,12.8,3585,0,239,2
siberia,2017-12,VIIRS-SNPP,1891,18378,9.7,1891,0,122,2
siberia,2018-01,VIIRS-SNPP,1953,23930,12.3,1953,0,126,2
siberia,2018-02,VIIRS-SNPP,1876,16484,8.8,1876,0,134,2
siberia,2018-03,VIIRS-SNPP,11284,113291,10.0,11284,0,728,2
siberia,2018-04,VIIRS-SNPP,41985,447904,10.7,41985,0,2799,2
siberia,2018-05,VIIRS-SNPP,137454,1715343,12.5,137454,0,8868,2
siberia,2018-06,VIIRS-SNPP,25875,217895,8.4,25875,0,1725,2
siberia,2018-07,VIIRS-SNPP,131208,1727678,13.2,131208,0,8465,2
siberia,2018-08,VIIRS-SNPP,154008,1458542,9.5,154008,0,9936,2
siberia,2018-09,VIIRS-SNPP,14340,151580,10.6,14340,0,956,2
siberia,2018-10,VIIRS-SNPP,6061,93119,15.4,6061,0,391,2
siberia,2018-11,VIIRS-SNPP,3420,34629,10.1,3420,0,228,2
siberia,2018-12,VIIRS-SNPP,1659,13049,7.9,1659,0,107,2
siberia,2019-01,VIIRS-SNPP,791,7810,9.9,791,0,51,2
siberia,2019-02,VIIRS-SNPP,2590,21543,8.3,2590,0,185,2
siberia,2019-03,VIIRS-SNPP,4635,55678,12.0,4635,0,299,2
siberia,2019-04,VIIRS-SNPP,13905,153165,11.0,13905,0,927,2
siberia,2019-05,VIIRS-SNPP,23328,298318,12.8,23328,0,1505,2
siberia,2019-06,VIIRS-SNPP,63735,811041,12.7,63735,0,4249,2
siberia,2019-07,VIIRS-SNPP,637484,6314299,9.9,637484,0,41128,2
siberia,2019-08,VIIRS-SNPP,515794,3456026,6.7,515794,0,33277,2
siberia,2019-09,VIIRS-SNPP,4380,29696,6.8,4380,0,292,2
siberia,2019-10,VIIRS-SNPP,17794,181453,10.2,17794,0,1148,2
siberia,2019-11,VIIRS-SNPP,2130,20693,9.7,2130,0,142,2
siberia,2019-12,VIIRS-SNPP,822,7001,8.5,822,0,53,2
siberia,2020-01,VIIRS-SNPP,1395,12593,9.0,1395,0,90,2
siberia,2020-02,VIIRS-SNPP,1102,11591,10.5,1102,0,76,2
siberia,2020-03,VIIRS-SNPP,17484,177025,10.1,17484,0,1128,2
siberia,2020-04,VIIRS-SNPP,39645,449283,11.3,39645,0,2643,2
siberia,2020-05,VIIRS-SNPP,15020,184234,12.3,15020,0,969,2
siberia,2020-06,VIIRS-SNPP,45135,575508,12.8,45135,5685,3009,2
siberia,2020-07,VIIRS-SNPP,160720,1579244,9.8,160720,64868,10369,2
siberia,2020-08,VIIRS-SNPP,302808,1617675,5.3,302808,184342,19536,2
siberia,2020-09,VIIRS-SNPP,157950,808284,5.1,157950,106965,10530,2
siberia,2020-10,VIIRS-SNPP,11114,109250,9.8,11114,3906,717,2
siberia,2020-11,VIIRS-SNPP,1080,3156,2.9,1080,1020,72,2
siberia,2020-12,VIIRS-SNPP,1132,8077,7.1,1132,1132,73,2
siberia,2021-01,VIIRS-SNPP,1039,8311,8.0,1039,1039,67,2
siberia,2021-02,VIIRS-SNPP,924,6555,7.1,924,910,66,2
siberia,2021-03,VIIRS-SNPP,8417,124000,14.7,8417,1457,543,2
siberia,2021-04,VIIRS-SNPP,24615,269347,10.9,24615,2235,1641,2
siberia,2021-05,VIIRS-SNPP,7425,45658,6.1,7425,3534,479,2
siberia,2021-06,VIIRS-SNPP,38910,396206,10.2,38910,15420,2594,2
siberia,2021-07,VIIRS-SNPP,571082,9832963,17.2,571082,234267,36844,2
siberia,2021-08,VIIRS-SNPP,1289073,16943318,13.1,1289073,732468,83166,2
siberia,2021-09,VIIRS-SNPP,70680,687603,9.7,70680,34980,4712,2
siberia,2021-10,VIIRS-SNPP,11858,110570,9.3,11858,5007,765,2
siberia,2021-11,VIIRS-SNPP,2250,17770,7.9,2250,2130,150,2
siberia,2021-12,VIIRS-SNPP,1674,12943,7.7,1674,1674,108,2
siberia,2022-01,VIIRS-SNPP,3085,32967,10.7,3085,3085,199,2
siberia,2022-02,VIIRS-SNPP,2562,28384,11.1,2562,2548,183,2
siberia,2022-03,VIIRS-SNPP,10091,132228,13.1,10091,1643,651,2
siberia,2022-04,VIIRS-SNPP,11745,112066,9.5,11745,2895,783,2
siberia,2022-05,VIIRS-SNPP,16787,250170,14.9,16787,4526,1083,2
siberia,2022-06,VIIRS-SNPP,29265,300841,10.3,29265,9810,1951,2
siberia,2022-07,VIIRS-SNPP,271126,2072202,7.6,271126,179041,17492,2
siberia,2022-08,VIIRS-SNPP,0,0,0.0,0,0,0,2
siberia,2022-09,VIIRS-SNPP,4320,24269,5.6,4320,3840,288,2
siberia,2022-10,VIIRS-SNPP,5828,59688,10.2,5828,1736,376,2
siberia,2022-11,VIIRS-SNPP,1965,19414,9.9,1965,1035,131,2
siberia,2022-12,VIIRS-SNPP,496,3255,6.6,496,496,32,2
siberia,2023-01,VIIRS-SNPP,1891,21182,11.2,1891,1891,122,2
siberia,2023-02,VIIRS-SNPP,2436,18323,7.5,2436,2436,174,2
siberia,2023-03,VIIRS-SNPP,2139,21539,10.1,2139,1783,138,2
siberia,2023-04,VIIRS-SNPP,15075,159262,10.6,15075,7830,1005,2
siberia,2023-05,VIIRS-SNPP,27482,334660,12.2,27482,11191,1773,2
siberia,2023-06,VIIRS-SNPP,5175,45729,8.8,5175,2535,345,2
siberia,2023-07,VIIRS-SNPP,76245,647092,8.5,76245,46330,4919,2
siberia,2023-08,VIIRS-SNPP,225060,1441952,6.4,225060,138617,14520,2
siberia,2023-09,VIIRS-SNPP,5175,30135,5.8,5175,3390,345,2
siberia,2023-10,VIIRS-SNPP,6681,41025,6.1,6681,3860,431,2
siberia,2023-11,VIIRS-SNPP,1425,11943,8.4,1425,1320,95,2
siberia,2023-12,VIIRS-SNPP,1411,17533,12.4,1411,1411,91,2
siberia,2024-01,VIIRS-SNPP,1736,13685,7.9,1736,1736,112,2
siberia,2024-02,VIIRS-SNPP,2233,20861,9.3,2233,2161,154,2
siberia,2024-03,VIIRS-SNPP,9424,98179,10.4,9424,2868,608,2
siberia,2024-04,VIIRS-SNPP,17520,179541,10.2,17520,4920,1168,2
siberia,2024-05,VIIRS-SNPP,32891,349190,10.6,32891,12338,2122,2
siberia,2024-06,VIIRS-SNPP,123555,1116364,9.0,123555,46140,8237,2
siberia,2024-07,VIIRS-SNPP,841464,8623920,10.2,841464,456258,54288,2
siberia,2024-08,VIIRS-SNPP,267608,2396675,9.0,267608,133564,17265,2
siberia,2024-09,VIIRS-SNPP,47625,416802,8.8,47625,20475,3175,2
siberia,2024-10,VIIRS-SNPP,33992,574764,16.9,33992,3302,2193,2
siberia,2024-11,VIIRS-SNPP,450,4209,9.4,450,390,30,2
siberia,2024-12,VIIRS-SNPP,2186,19218,8.8,2186,2186,141,2
siberia,2025-01,VIIRS-SNPP,2511,19638,7.8,2511,2511,162,2
siberia,2025-02,VIIRS-SNPP,1386,11557,8.3,1386,1302,99,2
siberia,2025-03,VIIRS-SNPP,7332,83428,11.4,7332,2465,473,2
siberia,2025-04,VIIRS-SNPP,17295,261602,15.1,17295,7050,1153,2
siberia,2025-05,VIIRS-SNPP,223200,3000230,13.4,223200,64217,14400,2
siberia,2025-06,VIIRS-SNPP,67695,609285,9.0,67695,31620,4513,2
siberia,2025-07,VIIRS-SNPP,9362,122431,13.1,9362,3224,604,2
siberia,2025-08,VIIRS-SNPP,12865,97357,7.6,12865,7564,830,2
siberia,2025-09,VIIRS-SNPP,4290,24764,5.8,4290,3150,286,2
siberia,2025-10,VIIRS-SNPP,7301,66657,9.1,7301,2976,471,2
siberia,2025-11,VIIRS-SNPP,840,6236,7.4,840,840,56,2
siberia,2025-12,VIIRS-SNPP,2744,22290,8.1,2744,2744,177,2
siberia,2026-01,VIIRS-SNPP,2930,22870,7.8,2930,2930,189,2
siberia,2026-02,VIIRS-SNPP,2912,25063,8.6,2912,2884,208,2
siberia,2026-03,VIIRS-SNPP,1333,9437,7.1,1333,1116,86,2
siberia,2026-04,VIIRS-SNPP,5670,53307,9.4,5670,4020,378,2
siberia,2026-05,VIIRS-SNPP,26629,274876,10.3,26629,5751,1718,2
siberia,2026-06,VIIRS-SNPP,17730,166182,9.4,17730,7350,1182,2
siberia,2026-07,VIIRS-SNPP,27280,250098,9.2,27280,13966,1760,2
siberia,2020-01,VIIRS-NOAA20,1225,10912,8.9,1225,1225,79,2
siberia,2020-02,VIIRS-NOAA20,1015,8320,8.2,1015,986,70,2
siberia,2020-03,VIIRS-NOAA20,18616,211454,11.4,18616,1736,1201,2
siberia,2020-04,VIIRS-NOAA20,39255,427710,10.9,39255,7965,2617,2
siberia,2020-05,VIIRS-NOAA20,13299,141341,10.6,13299,4774,858,2
siberia,2020-06,VIIRS-NOAA20,42630,519463,12.2,42630,7695,2842,2
siberia,2020-07,VIIRS-NOAA20,152055,1529543,10.1,152055,55862,9810,2
siberia,2020-08,VIIRS-NOAA20,296949,1712600,5.8,296949,177863,19158,2
siberia,2020-09,VIIRS-NOAA20,162315,877737,5.4,162315,103320,10821,2
siberia,2020-10,VIIRS-NOAA20,11083,93191,8.4,11083,4588,715,2
siberia,2020-11,VIIRS-NOAA20,1140,3564,3.1,1140,1125,76,2
siberia,2020-12,VIIRS-NOAA20,1240,8316,6.7,1240,1240,80,2
siberia,2021-01,VIIRS-NOAA20,1163,11430,9.8,1163,1163,75,2
siberia,2021-02,VIIRS-NOAA20,1022,8208,8.0,1022,1022,73,2
siberia,2021-03,VIIRS-NOAA20,8727,134624,15.4,8727,1194,563,2
siberia,2021-04,VIIRS-NOAA20,19875,167691,8.4,19875,2145,1325,2
siberia,2021-05,VIIRS-NOAA20,8494,57773,6.8,8494,3410,548,2
siberia,2021-06,VIIRS-NOAA20,37515,372697,9.9,37515,13245,2501,2
siberia,2021-07,VIIRS-NOAA20,501534,9304442,18.6,501534,194882,32357,2
siberia,2021-08,VIIRS-NOAA20,1390505,17306084,12.4,1390505,739195,89710,2
siberia,2021-09,VIIRS-NOAA20,68610,612997,8.9,68610,32145,4574,2
siberia,2021-10,VIIRS-NOAA20,12586,151295,12.0,12586,4247,812,2
siberia,2021-11,VIIRS-NOAA20,2340,19366,8.3,2340,2235,156,2
siberia,2021-12,VIIRS-NOAA20,1442,11797,8.2,1442,1442,93,2
siberia,2022-01,VIIRS-NOAA20,2790,31589,11.3,2790,2790,180,2
siberia,2022-02,VIIRS-NOAA20,2450,22265,9.1,2450,2338,175,2
siberia,2022-03,VIIRS-NOAA20,10091,119159,11.8,10091,1504,651,2
siberia,2022-04,VIIRS-NOAA20,10155,142488,14.0,10155,1875,677,2
siberia,2022-05,VIIRS-NOAA20,17019,196850,11.6,17019,4123,1098,2
siberia,2022-06,VIIRS-NOAA20,27060,310446,11.5,27060,8370,1804,2
siberia,2022-07,VIIRS-NOAA20,262803,2137411,8.1,262803,167447,16955,2
siberia,2022-08,VIIRS-NOAA20,19732,182661,9.3,19732,8603,1273,2
siberia,2022-09,VIIRS-NOAA20,3105,23885,7.7,3105,2370,207,2
siberia,2022-10,VIIRS-NOAA20,5859,77646,13.3,5859,1426,378,2
siberia,2022-11,VIIRS-NOAA20,1905,21477,11.3,1905,915,127,2
siberia,2022-12,VIIRS-NOAA20,682,7176,10.5,682,682,44,2
siberia,2023-01,VIIRS-NOAA20,2294,24257,10.6,2294,2294,148,2
siberia,2023-02,VIIRS-NOAA20,2716,22871,8.4,2716,2660,194,2
siberia,2023-03,VIIRS-NOAA20,2573,28699,11.2,2573,2186,166,2
siberia,2023-04,VIIRS-NOAA20,17130,195874,11.4,17130,7500,1142,2
siberia,2023-05,VIIRS-NOAA20,28892,361309,12.5,28892,9951,1864,2
siberia,2023-06,VIIRS-NOAA20,5055,44677,8.8,5055,3030,337,2
siberia,2023-07,VIIRS-NOAA20,71316,727192,10.2,71316,40440,4601,2
siberia,2023-08,VIIRS-NOAA20,231617,1322244,5.7,231617,145142,14943,2
siberia,2023-09,VIIRS-NOAA20,4995,29811,6.0,4995,3705,333,2
siberia,2023-10,VIIRS-NOAA20,6278,56517,9.0,6278,2899,405,2
siberia,2023-11,VIIRS-NOAA20,1545,15224,9.9,1545,1545,103,2
siberia,2023-12,VIIRS-NOAA20,1473,17702,12.0,1473,1473,95,2
siberia,2024-01,VIIRS-NOAA20,1721,15107,8.8,1721,1721,111,2
siberia,2024-02,VIIRS-NOAA20,2204,22557,10.2,2204,2175,152,2
siberia,2024-03,VIIRS-NOAA20,1845,22034,11.9,1845,1411,119,2
siberia,2024-04,VIIRS-NOAA20,18450,200302,10.9,18450,4470,1230,2
siberia,2024-05,VIIRS-NOAA20,31310,420160,13.4,31310,9393,2020,2
siberia,2024-06,VIIRS-NOAA20,118905,1167110,9.8,118905,45015,7927,2
siberia,2024-07,VIIRS-NOAA20,825639,9298971,11.3,825639,422701,53267,2
siberia,2024-08,VIIRS-NOAA20,268522,2193490,8.2,268522,139221,17324,2
siberia,2024-09,VIIRS-NOAA20,46530,506436,10.9,46530,19290,3102,2
siberia,2024-10,VIIRS-NOAA20,38704,468915,12.1,38704,3999,2497,2
siberia,2024-11,VIIRS-NOAA20,1200,10620,8.9,1200,1020,80,2
siberia,2024-12,VIIRS-NOAA20,2031,20635,10.2,2031,2031,131,2
siberia,2025-01,VIIRS-NOAA20,2511,19717,7.9,2511,2511,162,2
siberia,2025-02,VIIRS-NOAA20,1512,16661,11.0,1512,1428,108,2
siberia,2025-03,VIIRS-NOAA20,7394,86515,11.7,7394,2418,477,2
siberia,2025-04,VIIRS-NOAA20,20445,285007,13.9,20445,5535,1363,2
siberia,2025-05,VIIRS-NOAA20,229090,3283661,14.3,229090,60667,14780,2
siberia,2025-06,VIIRS-NOAA20,65910,584449,8.9,65910,31695,4394,2
siberia,2025-07,VIIRS-NOAA20,8091,110322,13.6,8091,2976,522,2
siberia,2025-08,VIIRS-NOAA20,13346,117840,8.8,13346,8169,861,2
siberia,2025-09,VIIRS-NOAA20,4170,25427,6.1,4170,3225,278,2
siberia,2025-10,VIIRS-NOAA20,6898,71494,10.4,6898,2542,445,2
siberia,2025-11,VIIRS-NOAA20,1005,4946,4.9,1005,1005,67,2
siberia,2025-12,VIIRS-NOAA20,3240,27666,8.5,3240,3240,209,2
